pair,direction,decision,count
airplane__cat,airplane_to_cat,accept,26
airplane__cat,airplane_to_cat,needs_review,8
airplane__cat,airplane_to_cat,reject,6
airplane__cat,cat_to_airplane,accept,28
airplane__cat,cat_to_airplane,needs_review,4
airplane__cat,cat_to_airplane,reject,8
bird__truck,bird_to_truck,accept,32
bird__truck,bird_to_truck,reject,8
bird__truck,truck_to_bird,accept,32
bird__truck,truck_to_bird,needs_review,3
bird__truck,truck_to_bird,reject,5
car__deer,car_to_deer,accept,36
car__deer,car_to_deer,needs_review,2
car__deer,car_to_deer,reject,2
car__deer,deer_to_car,accept,38
car__deer,deer_to_car,reject,2
dog__ship,dog_to_ship,accept,32
dog__ship,dog_to_ship,needs_review,1
dog__ship,dog_to_ship,reject,7
dog__ship,ship_to_dog,accept,37
dog__ship,ship_to_dog,needs_review,1
dog__ship,ship_to_dog,reject,2
horse__monkey,horse_to_monkey,accept,28
horse__monkey,horse_to_monkey,needs_review,3
horse__monkey,horse_to_monkey,reject,9
horse__monkey,monkey_to_horse,accept,37
horse__monkey,monkey_to_horse,reject,3
