candidate_id,pair,direction,content_class,style_class,content_label,style_label,content_pos,style_pos,content_id,style_id,image_file
p00_d0_000,airplane__cat,airplane_to_cat,airplane,cat,0,3,461,188,7373,2861,images/p00_d0_000.png
p00_d0_001,airplane__cat,airplane_to_cat,airplane,cat,0,3,284,295,4399,4609,images/p00_d0_001.png
p00_d0_002,airplane__cat,airplane_to_cat,airplane,cat,0,3,454,250,7262,3914,images/p00_d0_002.png
p00_d0_003,airplane__cat,airplane_to_cat,airplane,cat,0,3,452,465,7150,7416,images/p00_d0_003.png
p00_d0_004,airplane__cat,airplane_to_cat,airplane,cat,0,3,442,288,7009,4463,images/p00_d0_004.png
p00_d0_005,airplane__cat,airplane_to_cat,airplane,cat,0,3,477,481,7634,7744,images/p00_d0_005.png
p00_d0_006,airplane__cat,airplane_to_cat,airplane,cat,0,3,115,216,1648,3375,images/p00_d0_006.png
p00_d0_007,airplane__cat,airplane_to_cat,airplane,cat,0,3,415,289,6437,4531,images/p00_d0_007.png
p00_d0_008,airplane__cat,airplane_to_cat,airplane,cat,0,3,222,271,3437,4215,images/p00_d0_008.png
p00_d0_009,airplane__cat,airplane_to_cat,airplane,cat,0,3,390,281,5918,4330,images/p00_d0_009.png
p00_d0_010,airplane__cat,airplane_to_cat,airplane,cat,0,3,189,85,2888,1263,images/p00_d0_010.png
p00_d0_011,airplane__cat,airplane_to_cat,airplane,cat,0,3,38,207,562,3276,images/p00_d0_011.png
p00_d0_012,airplane__cat,airplane_to_cat,airplane,cat,0,3,35,280,484,4323,images/p00_d0_012.png
p00_d0_013,airplane__cat,airplane_to_cat,airplane,cat,0,3,5,89,81,1370,images/p00_d0_013.png
p00_d0_014,airplane__cat,airplane_to_cat,airplane,cat,0,3,255,259,3965,4023,images/p00_d0_014.png
p00_d0_015,airplane__cat,airplane_to_cat,airplane,cat,0,3,422,12,6609,176,images/p00_d0_015.png
p00_d0_016,airplane__cat,airplane_to_cat,airplane,cat,0,3,134,322,1977,4908,images/p00_d0_016.png
p00_d0_017,airplane__cat,airplane_to_cat,airplane,cat,0,3,290,96,4539,1431,images/p00_d0_017.png
p00_d0_018,airplane__cat,airplane_to_cat,airplane,cat,0,3,457,234,7309,3562,images/p00_d0_018.png
p00_d0_019,airplane__cat,airplane_to_cat,airplane,cat,0,3,314,25,4785,365,images/p00_d0_019.png
p00_d0_020,airplane__cat,airplane_to_cat,airplane,cat,0,3,78,486,1175,7793,images/p00_d0_020.png
p00_d0_021,airplane__cat,airplane_to_cat,airplane,cat,0,3,416,66,6455,979,images/p00_d0_021.png
p00_d0_022,airplane__cat,airplane_to_cat,airplane,cat,0,3,181,27,2750,372,images/p00_d0_022.png
p00_d0_023,airplane__cat,airplane_to_cat,airplane,cat,0,3,296,182,4615,2754,images/p00_d0_023.png
p00_d0_024,airplane__cat,airplane_to_cat,airplane,cat,0,3,245,320,3876,4881,images/p00_d0_024.png
p00_d0_025,airplane__cat,airplane_to_cat,airplane,cat,0,3,200,438,3083,6952,images/p00_d0_025.png
p00_d0_026,airplane__cat,airplane_to_cat,airplane,cat,0,3,266,241,4130,3851,images/p00_d0_026.png
p00_d0_027,airplane__cat,airplane_to_cat,airplane,cat,0,3,440,294,6986,4590,images/p00_d0_027.png
p00_d0_028,airplane__cat,airplane_to_cat,airplane,cat,0,3,225,272,3455,4229,images/p00_d0_028.png
p00_d0_029,airplane__cat,airplane_to_cat,airplane,cat,0,3,297,317,4617,4821,images/p00_d0_029.png
p00_d0_030,airplane__cat,airplane_to_cat,airplane,cat,0,3,388,29,5912,391,images/p00_d0_030.png
p00_d0_031,airplane__cat,airplane_to_cat,airplane,cat,0,3,434,80,6844,1204,images/p00_d0_031.png
p00_d0_032,airplane__cat,airplane_to_cat,airplane,cat,0,3,458,156,7320,2291,images/p00_d0_032.png
p00_d0_033,airplane__cat,airplane_to_cat,airplane,cat,0,3,394,217,5999,3383,images/p00_d0_033.png
p00_d0_034,airplane__cat,airplane_to_cat,airplane,cat,0,3,321,267,4893,4168,images/p00_d0_034.png
p00_d0_035,airplane__cat,airplane_to_cat,airplane,cat,0,3,153,54,2242,791,images/p00_d0_035.png
p00_d0_036,airplane__cat,airplane_to_cat,airplane,cat,0,3,304,41,4675,632,images/p00_d0_036.png
p00_d0_037,airplane__cat,airplane_to_cat,airplane,cat,0,3,106,51,1553,738,images/p00_d0_037.png
p00_d0_038,airplane__cat,airplane_to_cat,airplane,cat,0,3,212,91,3347,1401,images/p00_d0_038.png
p00_d0_039,airplane__cat,airplane_to_cat,airplane,cat,0,3,0,367,3,5528,images/p00_d0_039.png
p00_d1_000,airplane__cat,cat_to_airplane,cat,airplane,3,0,267,153,4168,2242,images/p00_d1_000.png
p00_d1_001,airplane__cat,cat_to_airplane,cat,airplane,3,0,250,458,3914,7320,images/p00_d1_001.png
p00_d1_002,airplane__cat,cat_to_airplane,cat,airplane,3,0,89,189,1370,2888,images/p00_d1_002.png
p00_d1_003,airplane__cat,cat_to_airplane,cat,airplane,3,0,170,290,2539,4539,images/p00_d1_003.png
p00_d1_004,airplane__cat,cat_to_airplane,cat,airplane,3,0,44,115,672,1648,images/p00_d1_004.png
p00_d1_005,airplane__cat,cat_to_airplane,cat,airplane,3,0,481,361,7744,5478,images/p00_d1_005.png
p00_d1_006,airplane__cat,cat_to_airplane,cat,airplane,3,0,234,38,3562,562,images/p00_d1_006.png
p00_d1_007,airplane__cat,cat_to_airplane,cat,airplane,3,0,465,195,7416,3025,images/p00_d1_007.png
p00_d1_008,airplane__cat,cat_to_airplane,cat,airplane,3,0,281,225,4330,3455,images/p00_d1_008.png
p00_d1_009,airplane__cat,cat_to_airplane,cat,airplane,3,0,271,442,4215,7009,images/p00_d1_009.png
p00_d1_010,airplane__cat,cat_to_airplane,cat,airplane,3,0,29,469,391,7465,images/p00_d1_010.png
p00_d1_011,airplane__cat,cat_to_airplane,cat,airplane,3,0,25,296,365,4615,images/p00_d1_011.png
p00_d1_012,airplane__cat,cat_to_airplane,cat,airplane,3,0,51,90,738,1389,images/p00_d1_012.png
p00_d1_013,airplane__cat,cat_to_airplane,cat,airplane,3,0,238,106,3778,1553,images/p00_d1_013.png
p00_d1_014,airplane__cat,cat_to_airplane,cat,airplane,3,0,241,422,3851,6609,images/p00_d1_014.png
p00_d1_015,airplane__cat,cat_to_airplane,cat,airplane,3,0,80,390,1204,5918,images/p00_d1_015.png
p00_d1_016,airplane__cat,cat_to_airplane,cat,airplane,3,0,41,454,632,7262,images/p00_d1_016.png
p00_d1_017,airplane__cat,cat_to_airplane,cat,airplane,3,0,320,457,4881,7309,images/p00_d1_017.png
p00_d1_018,airplane__cat,cat_to_airplane,cat,airplane,3,0,169,440,2536,6986,images/p00_d1_018.png
p00_d1_019,airplane__cat,cat_to_airplane,cat,airplane,3,0,259,3,4023,42,images/p00_d1_019.png
p00_d1_020,airplane__cat,cat_to_airplane,cat,airplane,3,0,417,200,6490,3083,images/p00_d1_020.png
p00_d1_021,airplane__cat,cat_to_airplane,cat,airplane,3,0,295,452,4609,7150,images/p00_d1_021.png
p00_d1_022,airplane__cat,cat_to_airplane,cat,airplane,3,0,54,297,791,4617,images/p00_d1_022.png
p00_d1_023,airplane__cat,cat_to_airplane,cat,airplane,3,0,188,181,2861,2750,images/p00_d1_023.png
p00_d1_024,airplane__cat,cat_to_airplane,cat,airplane,3,0,103,460,1531,7372,images/p00_d1_024.png
p00_d1_025,airplane__cat,cat_to_airplane,cat,airplane,3,0,217,134,3383,1977,images/p00_d1_025.png
p00_d1_026,airplane__cat,cat_to_airplane,cat,airplane,3,0,438,5,6952,81,images/p00_d1_026.png
p00_d1_027,airplane__cat,cat_to_airplane,cat,airplane,3,0,156,434,2291,6844,images/p00_d1_027.png
p00_d1_028,airplane__cat,cat_to_airplane,cat,airplane,3,0,45,35,677,484,images/p00_d1_028.png
p00_d1_029,airplane__cat,cat_to_airplane,cat,airplane,3,0,216,394,3375,5999,images/p00_d1_029.png
p00_d1_030,airplane__cat,cat_to_airplane,cat,airplane,3,0,322,321,4908,4893,images/p00_d1_030.png
p00_d1_031,airplane__cat,cat_to_airplane,cat,airplane,3,0,27,314,372,4785,images/p00_d1_031.png
p00_d1_032,airplane__cat,cat_to_airplane,cat,airplane,3,0,12,304,176,4675,images/p00_d1_032.png
p00_d1_033,airplane__cat,cat_to_airplane,cat,airplane,3,0,96,316,1431,4819,images/p00_d1_033.png
p00_d1_034,airplane__cat,cat_to_airplane,cat,airplane,3,0,486,415,7793,6437,images/p00_d1_034.png
p00_d1_035,airplane__cat,cat_to_airplane,cat,airplane,3,0,107,266,1563,4130,images/p00_d1_035.png
p00_d1_036,airplane__cat,cat_to_airplane,cat,airplane,3,0,140,212,2028,3347,images/p00_d1_036.png
p00_d1_037,airplane__cat,cat_to_airplane,cat,airplane,3,0,289,111,4531,1596,images/p00_d1_037.png
p00_d1_038,airplane__cat,cat_to_airplane,cat,airplane,3,0,294,388,4590,5912,images/p00_d1_038.png
p00_d1_039,airplane__cat,cat_to_airplane,cat,airplane,3,0,367,477,5528,7634,images/p00_d1_039.png
p01_d0_000,bird__truck,bird_to_truck,bird,truck,1,9,453,436,7202,6931,images/p01_d0_000.png
p01_d0_001,bird__truck,bird_to_truck,bird,truck,1,9,341,248,5220,3893,images/p01_d0_001.png
p01_d0_002,bird__truck,bird_to_truck,bird,truck,1,9,444,101,7033,1515,images/p01_d0_002.png
p01_d0_003,bird__truck,bird_to_truck,bird,truck,1,9,397,40,6076,603,images/p01_d0_003.png
p01_d0_004,bird__truck,bird_to_truck,bird,truck,1,9,251,138,3937,2011,images/p01_d0_004.png
p01_d0_005,bird__truck,bird_to_truck,bird,truck,1,9,421,473,6594,7544,images/p01_d0_005.png
p01_d0_006,bird__truck,bird_to_truck,bird,truck,1,9,135,146,1986,2114,images/p01_d0_006.png
p01_d0_007,bird__truck,bird_to_truck,bird,truck,1,9,277,68,4298,1022,images/p01_d0_007.png
p01_d0_008,bird__truck,bird_to_truck,bird,truck,1,9,8,264,116,4094,images/p01_d0_008.png
p01_d0_009,bird__truck,bird_to_truck,bird,truck,1,9,126,211,1852,3318,images/p01_d0_009.png
p01_d0_010,bird__truck,bird_to_truck,bird,truck,1,9,136,287,1993,4449,images/p01_d0_010.png
p01_d0_011,bird__truck,bird_to_truck,bird,truck,1,9,430,356,6733,5447,images/p01_d0_011.png
p01_d0_012,bird__truck,bird_to_truck,bird,truck,1,9,73,493,1109,7938,images/p01_d0_012.png
p01_d0_013,bird__truck,bird_to_truck,bird,truck,1,9,17,55,261,805,images/p01_d0_013.png
p01_d0_014,bird__truck,bird_to_truck,bird,truck,1,9,432,389,6805,5915,images/p01_d0_014.png
p01_d0_015,bird__truck,bird_to_truck,bird,truck,1,9,333,20,5092,303,images/p01_d0_015.png
p01_d0_016,bird__truck,bird_to_truck,bird,truck,1,9,369,141,5560,2062,images/p01_d0_016.png
p01_d0_017,bird__truck,bird_to_truck,bird,truck,1,9,408,497,6349,7995,images/p01_d0_017.png
p01_d0_018,bird__truck,bird_to_truck,bird,truck,1,9,343,99,5256,1468,images/p01_d0_018.png
p01_d0_019,bird__truck,bird_to_truck,bird,truck,1,9,336,95,5123,1430,images/p01_d0_019.png
p01_d0_020,bird__truck,bird_to_truck,bird,truck,1,9,144,13,2095,191,images/p01_d0_020.png
p01_d0_021,bird__truck,bird_to_truck,bird,truck,1,9,400,446,6169,7047,images/p01_d0_021.png
p01_d0_022,bird__truck,bird_to_truck,bird,truck,1,9,56,149,825,2167,images/p01_d0_022.png
p01_d0_023,bird__truck,bird_to_truck,bird,truck,1,9,362,370,5488,5572,images/p01_d0_023.png
p01_d0_024,bird__truck,bird_to_truck,bird,truck,1,9,176,482,2687,7752,images/p01_d0_024.png
p01_d0_025,bird__truck,bird_to_truck,bird,truck,1,9,142,349,2070,5360,images/p01_d0_025.png
p01_d0_026,bird__truck,bird_to_truck,bird,truck,1,9,300,393,4640,5981,images/p01_d0_026.png
p01_d0_027,bird__truck,bird_to_truck,bird,truck,1,9,127,9,1871,131,images/p01_d0_027.png
p01_d0_028,bird__truck,bird_to_truck,bird,truck,1,9,21,93,304,1411,images/p01_d0_028.png
p01_d0_029,bird__truck,bird_to_truck,bird,truck,1,9,496,173,7955,2655,images/p01_d0_029.png
p01_d0_030,bird__truck,bird_to_truck,bird,truck,1,9,177,385,2690,5851,images/p01_d0_030.png
p01_d0_031,bird__truck,bird_to_truck,bird,truck,1,9,150,164,2178,2414,images/p01_d0_031.png
p01_d0_032,bird__truck,bird_to_truck,bird,truck,1,9,233,160,3550,2351,images/p01_d0_032.png
p01_d0_033,bird__truck,bird_to_truck,bird,truck,1,9,443,31,7029,419,images/p01_d0_033.png
p01_d0_034,bird__truck,bird_to_truck,bird,truck,1,9,6,116,95,1654,images/p01_d0_034.png
p01_d0_035,bird__truck,bird_to_truck,bird,truck,1,9,75,57,1115,852,images/p01_d0_035.png
p01_d0_036,bird__truck,bird_to_truck,bird,truck,1,9,199,345,3079,5301,images/p01_d0_036.png
p01_d0_037,bird__truck,bird_to_truck,bird,truck,1,9,439,19,6954,276,images/p01_d0_037.png
p01_d0_038,bird__truck,bird_to_truck,bird,truck,1,9,97,364,1436,5508,images/p01_d0_038.png
p01_d0_039,bird__truck,bird_to_truck,bird,truck,1,9,220,344,3413,5284,images/p01_d0_039.png
p01_d1_000,bird__truck,truck_to_bird,truck,bird,9,1,16,71,239,1090,images/p01_d1_000.png
p01_d1_001,bird__truck,truck_to_bird,truck,bird,9,1,493,333,7938,5092,images/p01_d1_001.png
p01_d1_002,bird__truck,truck_to_bird,truck,bird,9,1,31,437,419,6938,images/p01_d1_002.png
p01_d1_003,bird__truck,truck_to_bird,truck,bird,9,1,149,126,2167,1852,images/p01_d1_003.png
p01_d1_004,bird__truck,truck_to_bird,truck,bird,9,1,164,444,2414,7033,images/p01_d1_004.png
p01_d1_005,bird__truck,truck_to_bird,truck,bird,9,1,393,148,5981,2157,images/p01_d1_005.png
p01_d1_006,bird__truck,truck_to_bird,truck,bird,9,1,124,408,1836,6349,images/p01_d1_006.png
p01_d1_007,bird__truck,truck_to_bird,truck,bird,9,1,349,300,5360,4640,images/p01_d1_007.png
p01_d1_008,bird__truck,truck_to_bird,truck,bird,9,1,257,443,3996,7029,images/p01_d1_008.png
p01_d1_009,bird__truck,truck_to_bird,truck,bird,9,1,99,177,1468,2690,images/p01_d1_009.png
p01_d1_010,bird__truck,truck_to_bird,truck,bird,9,1,252,17,3942,261,images/p01_d1_010.png
p01_d1_011,bird__truck,truck_to_bird,truck,bird,9,1,364,400,5508,6169,images/p01_d1_011.png
p01_d1_012,bird__truck,truck_to_bird,truck,bird,9,1,462,343,7380,5256,images/p01_d1_012.png
p01_d1_013,bird__truck,truck_to_bird,truck,bird,9,1,455,147,7266,2116,images/p01_d1_013.png
p01_d1_014,bird__truck,truck_to_bird,truck,bird,9,1,211,144,3318,2095,images/p01_d1_014.png
p01_d1_015,bird__truck,truck_to_bird,truck,bird,9,1,146,142,2114,2070,images/p01_d1_015.png
p01_d1_016,bird__truck,truck_to_bird,truck,bird,9,1,55,15,805,198,images/p01_d1_016.png
p01_d1_017,bird__truck,truck_to_bird,truck,bird,9,1,68,439,1022,6954,images/p01_d1_017.png
p01_d1_018,bird__truck,truck_to_bird,truck,bird,9,1,473,433,7544,6836,images/p01_d1_018.png
p01_d1_019,bird__truck,truck_to_bird,truck,bird,9,1,356,97,5447,1436,images/p01_d1_019.png
p01_d1_020,bird__truck,truck_to_bird,truck,bird,9,1,93,251,1411,3937,images/p01_d1_020.png
p01_d1_021,bird__truck,truck_to_bird,truck,bird,9,1,116,176,1654,2687,images/p01_d1_021.png
p01_d1_022,bird__truck,truck_to_bird,truck,bird,9,1,359,136,5452,1993,images/p01_d1_022.png
p01_d1_023,bird__truck,truck_to_bird,truck,bird,9,1,381,108,5788,1568,images/p01_d1_023.png
p01_d1_024,bird__truck,truck_to_bird,truck,bird,9,1,141,150,2062,2178,images/p01_d1_024.png
p01_d1_025,bird__truck,truck_to_bird,truck,bird,9,1,95,362,1430,5488,images/p01_d1_025.png
p01_d1_026,bird__truck,truck_to_bird,truck,bird,9,1,19,430,276,6733,images/p01_d1_026.png
p01_d1_027,bird__truck,truck_to_bird,truck,bird,9,1,160,8,2351,116,images/p01_d1_027.png
p01_d1_028,bird__truck,truck_to_bird,truck,bird,9,1,173,463,2655,7390,images/p01_d1_028.png
p01_d1_029,bird__truck,truck_to_bird,truck,bird,9,1,497,453,7995,7202,images/p01_d1_029.png
p01_d1_030,bird__truck,truck_to_bird,truck,bird,9,1,57,496,852,7955,images/p01_d1_030.png
p01_d1_031,bird__truck,truck_to_bird,truck,bird,9,1,482,277,7752,4298,images/p01_d1_031.png
p01_d1_032,bird__truck,truck_to_bird,truck,bird,9,1,436,73,6931,1109,images/p01_d1_032.png
p01_d1_033,bird__truck,truck_to_bird,truck,bird,9,1,40,6,603,95,images/p01_d1_033.png
p01_d1_034,bird__truck,truck_to_bird,truck,bird,9,1,345,341,5301,5220,images/p01_d1_034.png
p01_d1_035,bird__truck,truck_to_bird,truck,bird,9,1,385,397,5851,6076,images/p01_d1_035.png
p01_d1_036,bird__truck,truck_to_bird,truck,bird,9,1,344,135,5284,1986,images/p01_d1_036.png
p01_d1_037,bird__truck,truck_to_bird,truck,bird,9,1,307,220,4723,3413,images/p01_d1_037.png
p01_d1_038,bird__truck,truck_to_bird,truck,bird,9,1,370,336,5572,5123,images/p01_d1_038.png
p01_d1_039,bird__truck,truck_to_bird,truck,bird,9,1,248,228,3893,3491,images/p01_d1_039.png
p02_d0_000,car__deer,car_to_deer,car,deer,2,4,122,491,1814,7864,images/p02_d0_000.png
p02_d0_001,car__deer,car_to_deer,car,deer,2,4,197,476,3067,7610,images/p02_d0_001.png
p02_d0_002,car__deer,car_to_deer,car,deer,2,4,162,196,2392,3034,images/p02_d0_002.png
p02_d0_003,car__deer,car_to_deer,car,deer,2,4,102,478,1520,7692,images/p02_d0_003.png
p02_d0_004,car__deer,car_to_deer,car,deer,2,4,34,360,483,5467,images/p02_d0_004.png
p02_d0_005,car__deer,car_to_deer,car,deer,2,4,342,183,5237,2757,images/p02_d0_005.png
p02_d0_006,car__deer,car_to_deer,car,deer,2,4,466,236,7425,3763,images/p02_d0_006.png
p02_d0_007,car__deer,car_to_deer,car,deer,2,4,235,208,3755,3287,images/p02_d0_007.png
p02_d0_008,car__deer,car_to_deer,car,deer,2,4,79,76,1202,1124,images/p02_d0_008.png
p02_d0_009,car__deer,car_to_deer,car,deer,2,4,143,58,2082,855,images/p02_d0_009.png
p02_d0_010,car__deer,car_to_deer,car,deer,2,4,309,310,4735,4740,images/p02_d0_010.png
p02_d0_011,car__deer,car_to_deer,car,deer,2,4,340,339,5218,5213,images/p02_d0_011.png
p02_d0_012,car__deer,car_to_deer,car,deer,2,4,346,331,5318,5077,images/p02_d0_012.png
p02_d0_013,car__deer,car_to_deer,car,deer,2,4,168,198,2502,3078,images/p02_d0_013.png
p02_d0_014,car__deer,car_to_deer,car,deer,2,4,49,190,714,2898,images/p02_d0_014.png
p02_d0_015,car__deer,car_to_deer,car,deer,2,4,125,396,1839,6033,images/p02_d0_015.png
p02_d0_016,car__deer,car_to_deer,car,deer,2,4,405,163,6271,2399,images/p02_d0_016.png
p02_d0_017,car__deer,car_to_deer,car,deer,2,4,403,86,6244,1266,images/p02_d0_017.png
p02_d0_018,car__deer,car_to_deer,car,deer,2,4,352,494,5395,7940,images/p02_d0_018.png
p02_d0_019,car__deer,car_to_deer,car,deer,2,4,383,337,5824,5135,images/p02_d0_019.png
p02_d0_020,car__deer,car_to_deer,car,deer,2,4,418,247,6503,3891,images/p02_d0_020.png
p02_d0_021,car__deer,car_to_deer,car,deer,2,4,407,11,6332,171,images/p02_d0_021.png
p02_d0_022,car__deer,car_to_deer,car,deer,2,4,413,226,6426,3458,images/p02_d0_022.png
p02_d0_023,car__deer,car_to_deer,car,deer,2,4,365,230,5512,3512,images/p02_d0_023.png
p02_d0_024,car__deer,car_to_deer,car,deer,2,4,324,47,4921,691,images/p02_d0_024.png
p02_d0_025,car__deer,car_to_deer,car,deer,2,4,374,471,5677,7475,images/p02_d0_025.png
p02_d0_026,car__deer,car_to_deer,car,deer,2,4,380,81,5756,1211,images/p02_d0_026.png
p02_d0_027,car__deer,car_to_deer,car,deer,2,4,30,94,409,1429,images/p02_d0_027.png
p02_d0_028,car__deer,car_to_deer,car,deer,2,4,329,299,5030,4629,images/p02_d0_028.png
p02_d0_029,car__deer,car_to_deer,car,deer,2,4,92,260,1403,4054,images/p02_d0_029.png
p02_d0_030,car__deer,car_to_deer,car,deer,2,4,224,495,3454,7944,images/p02_d0_030.png
p02_d0_031,car__deer,car_to_deer,car,deer,2,4,204,36,3163,506,images/p02_d0_031.png
p02_d0_032,car__deer,car_to_deer,car,deer,2,4,426,53,6692,766,images/p02_d0_032.png
p02_d0_033,car__deer,car_to_deer,car,deer,2,4,194,368,3024,5556,images/p02_d0_033.png
p02_d0_034,car__deer,car_to_deer,car,deer,2,4,110,419,1586,6508,images/p02_d0_034.png
p02_d0_035,car__deer,car_to_deer,car,deer,2,4,33,373,470,5623,images/p02_d0_035.png
p02_d0_036,car__deer,car_to_deer,car,deer,2,4,348,205,5333,3179,images/p02_d0_036.png
p02_d0_037,car__deer,car_to_deer,car,deer,2,4,395,382,6028,5789,images/p02_d0_037.png
p02_d0_038,car__deer,car_to_deer,car,deer,2,4,409,178,6354,2704,images/p02_d0_038.png
p02_d0_039,car__deer,car_to_deer,car,deer,2,4,4,330,49,5062,images/p02_d0_039.png
p02_d1_000,car__deer,deer_to_car,deer,car,4,2,226,143,3458,2082,images/p02_d1_000.png
p02_d1_001,car__deer,deer_to_car,deer,car,4,2,190,423,2898,6616,images/p02_d1_001.png
p02_d1_002,car__deer,deer_to_car,deer,car,4,2,205,383,3179,5824,images/p02_d1_002.png
p02_d1_003,car__deer,deer_to_car,deer,car,4,2,215,33,3365,470,images/p02_d1_003.png
p02_d1_004,car__deer,deer_to_car,deer,car,4,2,236,261,3763,4065,images/p02_d1_004.png
p02_d1_005,car__deer,deer_to_car,deer,car,4,2,230,110,3512,1586,images/p02_d1_005.png
p02_d1_006,car__deer,deer_to_car,deer,car,4,2,201,122,3122,1814,images/p02_d1_006.png
p02_d1_007,car__deer,deer_to_car,deer,car,4,2,382,395,5789,6028,images/p02_d1_007.png
p02_d1_008,car__deer,deer_to_car,deer,car,4,2,353,4,5402,49,images/p02_d1_008.png
p02_d1_009,car__deer,deer_to_car,deer,car,4,2,163,329,2399,5030,images/p02_d1_009.png
p02_d1_010,car__deer,deer_to_car,deer,car,4,2,133,125,1960,1839,images/p02_d1_010.png
p02_d1_011,car__deer,deer_to_car,deer,car,4,2,11,448,171,7084,images/p02_d1_011.png
p02_d1_012,car__deer,deer_to_car,deer,car,4,2,373,67,5623,981,images/p02_d1_012.png
p02_d1_013,car__deer,deer_to_car,deer,car,4,2,368,194,5556,3024,images/p02_d1_013.png
p02_d1_014,car__deer,deer_to_car,deer,car,4,2,420,418,6528,6503,images/p02_d1_014.png
p02_d1_015,car__deer,deer_to_car,deer,car,4,2,476,346,7610,5318,images/p02_d1_015.png
p02_d1_016,car__deer,deer_to_car,deer,car,4,2,478,466,7692,7425,images/p02_d1_016.png
p02_d1_017,car__deer,deer_to_car,deer,car,4,2,183,22,2757,317,images/p02_d1_017.png
p02_d1_018,car__deer,deer_to_car,deer,car,4,2,196,224,3034,3454,images/p02_d1_018.png
p02_d1_019,car__deer,deer_to_car,deer,car,4,2,299,348,4629,5333,images/p02_d1_019.png
p02_d1_020,car__deer,deer_to_car,deer,car,4,2,53,380,766,5756,images/p02_d1_020.png
p02_d1_021,car__deer,deer_to_car,deer,car,4,2,310,30,4740,409,images/p02_d1_021.png
p02_d1_022,car__deer,deer_to_car,deer,car,4,2,471,2,7475,35,images/p02_d1_022.png
p02_d1_023,car__deer,deer_to_car,deer,car,4,2,494,324,7940,4921,images/p02_d1_023.png
p02_d1_024,car__deer,deer_to_car,deer,car,4,2,495,404,7944,6264,images/p02_d1_024.png
p02_d1_025,car__deer,deer_to_car,deer,car,4,2,86,102,1266,1520,images/p02_d1_025.png
p02_d1_026,car__deer,deer_to_car,deer,car,4,2,419,235,6508,3755,images/p02_d1_026.png
p02_d1_027,car__deer,deer_to_car,deer,car,4,2,396,340,6033,5218,images/p02_d1_027.png
p02_d1_028,car__deer,deer_to_car,deer,car,4,2,301,309,4642,4735,images/p02_d1_028.png
p02_d1_029,car__deer,deer_to_car,deer,car,4,2,81,342,1211,5237,images/p02_d1_029.png
p02_d1_030,car__deer,deer_to_car,deer,car,4,2,74,34,1111,483,images/p02_d1_030.png
p02_d1_031,car__deer,deer_to_car,deer,car,4,2,36,426,506,6692,images/p02_d1_031.png
p02_d1_032,car__deer,deer_to_car,deer,car,4,2,58,407,855,6332,images/p02_d1_032.png
p02_d1_033,car__deer,deer_to_car,deer,car,4,2,339,352,5213,5395,images/p02_d1_033.png
p02_d1_034,car__deer,deer_to_car,deer,car,4,2,256,92,3994,1403,images/p02_d1_034.png
p02_d1_035,car__deer,deer_to_car,deer,car,4,2,76,413,1124,6426,images/p02_d1_035.png
p02_d1_036,car__deer,deer_to_car,deer,car,4,2,330,168,5062,2502,images/p02_d1_036.png
p02_d1_037,car__deer,deer_to_car,deer,car,4,2,406,204,6288,3163,images/p02_d1_037.png
p02_d1_038,car__deer,deer_to_car,deer,car,4,2,247,403,3891,6244,images/p02_d1_038.png
p02_d1_039,car__deer,deer_to_car,deer,car,4,2,260,365,4054,5512,images/p02_d1_039.png
p03_d0_000,dog__ship,dog_to_ship,dog,ship,5,8,72,14,1095,194,images/p03_d0_000.png
p03_d0_001,dog__ship,dog_to_ship,dog,ship,5,8,243,451,3863,7138,images/p03_d0_001.png
p03_d0_002,dog__ship,dog_to_ship,dog,ship,5,8,319,50,4850,716,images/p03_d0_002.png
p03_d0_003,dog__ship,dog_to_ship,dog,ship,5,8,428,366,6716,5525,images/p03_d0_003.png
p03_d0_004,dog__ship,dog_to_ship,dog,ship,5,8,242,10,3852,151,images/p03_d0_004.png
p03_d0_005,dog__ship,dog_to_ship,dog,ship,5,8,441,472,6989,7476,images/p03_d0_005.png
p03_d0_006,dog__ship,dog_to_ship,dog,ship,5,8,112,499,1626,7999,images/p03_d0_006.png
p03_d0_007,dog__ship,dog_to_ship,dog,ship,5,8,347,52,5332,739,images/p03_d0_007.png
p03_d0_008,dog__ship,dog_to_ship,dog,ship,5,8,450,283,7130,4355,images/p03_d0_008.png
p03_d0_009,dog__ship,dog_to_ship,dog,ship,5,8,445,492,7041,7875,images/p03_d0_009.png
p03_d0_010,dog__ship,dog_to_ship,dog,ship,5,8,293,131,4570,1954,images/p03_d0_010.png
p03_d0_011,dog__ship,dog_to_ship,dog,ship,5,8,276,375,4290,5694,images/p03_d0_011.png
p03_d0_012,dog__ship,dog_to_ship,dog,ship,5,8,157,262,2334,4069,images/p03_d0_012.png
p03_d0_013,dog__ship,dog_to_ship,dog,ship,5,8,402,77,6224,1129,images/p03_d0_013.png
p03_d0_014,dog__ship,dog_to_ship,dog,ship,5,8,28,113,378,1640,images/p03_d0_014.png
p03_d0_015,dog__ship,dog_to_ship,dog,ship,5,8,213,268,3353,4170,images/p03_d0_015.png
p03_d0_016,dog__ship,dog_to_ship,dog,ship,5,8,128,193,1877,3015,images/p03_d0_016.png
p03_d0_017,dog__ship,dog_to_ship,dog,ship,5,8,154,488,2265,7810,images/p03_d0_017.png
p03_d0_018,dog__ship,dog_to_ship,dog,ship,5,8,412,270,6414,4177,images/p03_d0_018.png
p03_d0_019,dog__ship,dog_to_ship,dog,ship,5,8,42,84,645,1247,images/p03_d0_019.png
p03_d0_020,dog__ship,dog_to_ship,dog,ship,5,8,46,425,685,6689,images/p03_d0_020.png
p03_d0_021,dog__ship,dog_to_ship,dog,ship,5,8,334,292,5101,4552,images/p03_d0_021.png
p03_d0_022,dog__ship,dog_to_ship,dog,ship,5,8,265,179,4106,2745,images/p03_d0_022.png
p03_d0_023,dog__ship,dog_to_ship,dog,ship,5,8,363,186,5496,2844,images/p03_d0_023.png
p03_d0_024,dog__ship,dog_to_ship,dog,ship,5,8,435,358,6922,5451,images/p03_d0_024.png
p03_d0_025,dog__ship,dog_to_ship,dog,ship,5,8,479,303,7706,4662,images/p03_d0_025.png
p03_d0_026,dog__ship,dog_to_ship,dog,ship,5,8,391,274,5924,4242,images/p03_d0_026.png
p03_d0_027,dog__ship,dog_to_ship,dog,ship,5,8,191,253,2950,3948,images/p03_d0_027.png
p03_d0_028,dog__ship,dog_to_ship,dog,ship,5,8,483,159,7776,2342,images/p03_d0_028.png
p03_d0_029,dog__ship,dog_to_ship,dog,ship,5,8,166,414,2458,6434,images/p03_d0_029.png
p03_d0_030,dog__ship,dog_to_ship,dog,ship,5,8,410,468,6358,7460,images/p03_d0_030.png
p03_d0_031,dog__ship,dog_to_ship,dog,ship,5,8,291,219,4547,3412,images/p03_d0_031.png
p03_d0_032,dog__ship,dog_to_ship,dog,ship,5,8,325,48,4953,706,images/p03_d0_032.png
p03_d0_033,dog__ship,dog_to_ship,dog,ship,5,8,246,145,3889,2109,images/p03_d0_033.png
p03_d0_034,dog__ship,dog_to_ship,dog,ship,5,8,155,152,2268,2230,images/p03_d0_034.png
p03_d0_035,dog__ship,dog_to_ship,dog,ship,5,8,165,467,2427,7446,images/p03_d0_035.png
p03_d0_036,dog__ship,dog_to_ship,dog,ship,5,8,114,249,1644,3905,images/p03_d0_036.png
p03_d0_037,dog__ship,dog_to_ship,dog,ship,5,8,470,279,7474,4311,images/p03_d0_037.png
p03_d0_038,dog__ship,dog_to_ship,dog,ship,5,8,172,377,2623,5705,images/p03_d0_038.png
p03_d0_039,dog__ship,dog_to_ship,dog,ship,5,8,464,305,7413,4676,images/p03_d0_039.png
p03_d1_000,dog__ship,ship_to_dog,ship,dog,8,5,203,265,3157,4106,images/p03_d1_000.png
p03_d1_001,dog__ship,ship_to_dog,ship,dog,8,5,186,39,2844,568,images/p03_d1_001.png
p03_d1_002,dog__ship,ship_to_dog,ship,dog,8,5,84,435,1247,6922,images/p03_d1_002.png
p03_d1_003,dog__ship,ship_to_dog,ship,dog,8,5,468,7,7460,97,images/p03_d1_003.png
p03_d1_004,dog__ship,ship_to_dog,ship,dog,8,5,492,105,7875,1552,images/p03_d1_004.png
p03_d1_005,dog__ship,ship_to_dog,ship,dog,8,5,145,243,2109,3863,images/p03_d1_005.png
p03_d1_006,dog__ship,ship_to_dog,ship,dog,8,5,14,114,194,1644,images/p03_d1_006.png
p03_d1_007,dog__ship,ship_to_dog,ship,dog,8,5,425,213,6689,3353,images/p03_d1_007.png
p03_d1_008,dog__ship,ship_to_dog,ship,dog,8,5,305,350,4676,5381,images/p03_d1_008.png
p03_d1_009,dog__ship,ship_to_dog,ship,dog,8,5,262,479,4069,7706,images/p03_d1_009.png
p03_d1_010,dog__ship,ship_to_dog,ship,dog,8,5,123,184,1833,2766,images/p03_d1_010.png
p03_d1_011,dog__ship,ship_to_dog,ship,dog,8,5,472,166,7476,2458,images/p03_d1_011.png
p03_d1_012,dog__ship,ship_to_dog,ship,dog,8,5,467,319,7446,4850,images/p03_d1_012.png
p03_d1_013,dog__ship,ship_to_dog,ship,dog,8,5,488,483,7810,7776,images/p03_d1_013.png
p03_d1_014,dog__ship,ship_to_dog,ship,dog,8,5,451,128,7138,1877,images/p03_d1_014.png
p03_d1_015,dog__ship,ship_to_dog,ship,dog,8,5,152,410,2230,6358,images/p03_d1_015.png
p03_d1_016,dog__ship,ship_to_dog,ship,dog,8,5,328,276,5000,4290,images/p03_d1_016.png
p03_d1_017,dog__ship,ship_to_dog,ship,dog,8,5,499,112,7999,1626,images/p03_d1_017.png
p03_d1_018,dog__ship,ship_to_dog,ship,dog,8,5,77,157,1129,2334,images/p03_d1_018.png
p03_d1_019,dog__ship,ship_to_dog,ship,dog,8,5,253,402,3948,6224,images/p03_d1_019.png
p03_d1_020,dog__ship,ship_to_dog,ship,dog,8,5,151,23,2191,319,images/p03_d1_020.png
p03_d1_021,dog__ship,ship_to_dog,ship,dog,8,5,48,445,706,7041,images/p03_d1_021.png
p03_d1_022,dog__ship,ship_to_dog,ship,dog,8,5,414,363,6434,5496,images/p03_d1_022.png
p03_d1_023,dog__ship,ship_to_dog,ship,dog,8,5,279,450,4311,7130,images/p03_d1_023.png
p03_d1_024,dog__ship,ship_to_dog,ship,dog,8,5,179,172,2745,2623,images/p03_d1_024.png
p03_d1_025,dog__ship,ship_to_dog,ship,dog,8,5,292,441,4552,6989,images/p03_d1_025.png
p03_d1_026,dog__ship,ship_to_dog,ship,dog,8,5,159,412,2342,6414,images/p03_d1_026.png
p03_d1_027,dog__ship,ship_to_dog,ship,dog,8,5,489,334,7818,5101,images/p03_d1_027.png
p03_d1_028,dog__ship,ship_to_dog,ship,dog,8,5,358,325,5451,4953,images/p03_d1_028.png
p03_d1_029,dog__ship,ship_to_dog,ship,dog,8,5,193,293,3015,4570,images/p03_d1_029.png
p03_d1_030,dog__ship,ship_to_dog,ship,dog,8,5,270,155,4177,2268,images/p03_d1_030.png
p03_d1_031,dog__ship,ship_to_dog,ship,dog,8,5,303,42,4662,645,images/p03_d1_031.png
p03_d1_032,dog__ship,ship_to_dog,ship,dog,8,5,375,46,5694,685,images/p03_d1_032.png
p03_d1_033,dog__ship,ship_to_dog,ship,dog,8,5,113,165,1640,2427,images/p03_d1_033.png
p03_d1_034,dog__ship,ship_to_dog,ship,dog,8,5,63,246,962,3889,images/p03_d1_034.png
p03_d1_035,dog__ship,ship_to_dog,ship,dog,8,5,50,154,716,2265,images/p03_d1_035.png
p03_d1_036,dog__ship,ship_to_dog,ship,dog,8,5,131,376,1954,5701,images/p03_d1_036.png
p03_d1_037,dog__ship,ship_to_dog,ship,dog,8,5,249,464,3905,7413,images/p03_d1_037.png
p03_d1_038,dog__ship,ship_to_dog,ship,dog,8,5,219,72,3412,1095,images/p03_d1_038.png
p03_d1_039,dog__ship,ship_to_dog,ship,dog,8,5,10,326,151,4966,images/p03_d1_039.png
p04_d0_000,horse__monkey,horse_to_monkey,horse,monkey,6,7,137,202,2003,3153,images/p04_d0_000.png
p04_d0_001,horse__monkey,horse_to_monkey,horse,monkey,6,7,206,209,3191,3288,images/p04_d0_001.png
p04_d0_002,horse__monkey,horse_to_monkey,horse,monkey,6,7,60,312,890,4748,images/p04_d0_002.png
p04_d0_003,horse__monkey,horse_to_monkey,horse,monkey,6,7,229,87,3494,1287,images/p04_d0_003.png
p04_d0_004,horse__monkey,horse_to_monkey,horse,monkey,6,7,484,285,7779,4403,images/p04_d0_004.png
p04_d0_005,horse__monkey,horse_to_monkey,horse,monkey,6,7,254,130,3962,1927,images/p04_d0_005.png
p04_d0_006,horse__monkey,horse_to_monkey,horse,monkey,6,7,411,132,6381,1956,images/p04_d0_006.png
p04_d0_007,horse__monkey,horse_to_monkey,horse,monkey,6,7,311,109,4746,1579,images/p04_d0_007.png
p04_d0_008,horse__monkey,horse_to_monkey,horse,monkey,6,7,485,278,7781,4308,images/p04_d0_008.png
p04_d0_009,horse__monkey,horse_to_monkey,horse,monkey,6,7,480,70,7726,1048,images/p04_d0_009.png
p04_d0_010,horse__monkey,horse_to_monkey,horse,monkey,6,7,104,18,1534,269,images/p04_d0_010.png
p04_d0_011,horse__monkey,horse_to_monkey,horse,monkey,6,7,498,69,7996,1032,images/p04_d0_011.png
p04_d0_012,horse__monkey,horse_to_monkey,horse,monkey,6,7,59,378,873,5719,images/p04_d0_012.png
p04_d0_013,horse__monkey,horse_to_monkey,horse,monkey,6,7,386,357,5857,5450,images/p04_d0_013.png
p04_d0_014,horse__monkey,horse_to_monkey,horse,monkey,6,7,117,26,1667,370,images/p04_d0_014.png
p04_d0_015,horse__monkey,horse_to_monkey,horse,monkey,6,7,37,392,545,5977,images/p04_d0_015.png
p04_d0_016,horse__monkey,horse_to_monkey,horse,monkey,6,7,313,269,4754,4172,images/p04_d0_016.png
p04_d0_017,horse__monkey,horse_to_monkey,horse,monkey,6,7,282,129,4341,1884,images/p04_d0_017.png
p04_d0_018,horse__monkey,horse_to_monkey,horse,monkey,6,7,240,232,3844,3542,images/p04_d0_018.png
p04_d0_019,horse__monkey,horse_to_monkey,horse,monkey,6,7,286,88,4411,1296,images/p04_d0_019.png
p04_d0_020,horse__monkey,horse_to_monkey,horse,monkey,6,7,263,174,4093,2668,images/p04_d0_020.png
p04_d0_021,horse__monkey,horse_to_monkey,horse,monkey,6,7,237,384,3777,5848,images/p04_d0_021.png
p04_d0_022,horse__monkey,horse_to_monkey,horse,monkey,6,7,308,100,4731,1473,images/p04_d0_022.png
p04_d0_023,horse__monkey,horse_to_monkey,horse,monkey,6,7,239,98,3779,1440,images/p04_d0_023.png
p04_d0_024,horse__monkey,horse_to_monkey,horse,monkey,6,7,427,227,6713,3467,images/p04_d0_024.png
p04_d0_025,horse__monkey,horse_to_monkey,horse,monkey,6,7,449,223,7108,3446,images/p04_d0_025.png
p04_d0_026,horse__monkey,horse_to_monkey,horse,monkey,6,7,298,429,4620,6726,images/p04_d0_026.png
p04_d0_027,horse__monkey,horse_to_monkey,horse,monkey,6,7,32,120,449,1771,images/p04_d0_027.png
p04_d0_028,horse__monkey,horse_to_monkey,horse,monkey,6,7,318,456,4827,7270,images/p04_d0_028.png
p04_d0_029,horse__monkey,horse_to_monkey,horse,monkey,6,7,192,490,2958,7835,images/p04_d0_029.png
p04_d0_030,horse__monkey,horse_to_monkey,horse,monkey,6,7,221,244,3418,3867,images/p04_d0_030.png
p04_d0_031,horse__monkey,horse_to_monkey,horse,monkey,6,7,175,167,2676,2501,images/p04_d0_031.png
p04_d0_032,horse__monkey,horse_to_monkey,horse,monkey,6,7,171,424,2610,6650,images/p04_d0_032.png
p04_d0_033,horse__monkey,horse_to_monkey,horse,monkey,6,7,332,118,5082,1703,images/p04_d0_033.png
p04_d0_034,horse__monkey,horse_to_monkey,horse,monkey,6,7,459,401,7338,6190,images/p04_d0_034.png
p04_d0_035,horse__monkey,horse_to_monkey,horse,monkey,6,7,379,447,5729,7081,images/p04_d0_035.png
p04_d0_036,horse__monkey,horse_to_monkey,horse,monkey,6,7,351,187,5382,2854,images/p04_d0_036.png
p04_d0_037,horse__monkey,horse_to_monkey,horse,monkey,6,7,210,24,3292,323,images/p04_d0_037.png
p04_d0_038,horse__monkey,horse_to_monkey,horse,monkey,6,7,258,306,4011,4704,images/p04_d0_038.png
p04_d0_039,horse__monkey,horse_to_monkey,horse,monkey,6,7,61,431,920,6772,images/p04_d0_039.png
p04_d1_000,horse__monkey,monkey_to_horse,monkey,horse,7,6,82,313,1220,4754,images/p04_d1_000.png
p04_d1_001,horse__monkey,monkey_to_horse,monkey,horse,7,6,269,61,4172,920,images/p04_d1_001.png
p04_d1_002,horse__monkey,monkey_to_horse,monkey,horse,7,6,357,475,5450,7600,images/p04_d1_002.png
p04_d1_003,horse__monkey,monkey_to_horse,monkey,horse,7,6,273,117,4236,1667,images/p04_d1_003.png
p04_d1_004,horse__monkey,monkey_to_horse,monkey,horse,7,6,132,229,1956,3494,images/p04_d1_004.png
p04_d1_005,horse__monkey,monkey_to_horse,monkey,horse,7,6,98,298,1440,4620,images/p04_d1_005.png
p04_d1_006,horse__monkey,monkey_to_horse,monkey,horse,7,6,398,282,6084,4341,images/p04_d1_006.png
p04_d1_007,horse__monkey,monkey_to_horse,monkey,horse,7,6,424,254,6650,3962,images/p04_d1_007.png
p04_d1_008,horse__monkey,monkey_to_horse,monkey,horse,7,6,456,354,7270,5408,images/p04_d1_008.png
p04_d1_009,horse__monkey,monkey_to_horse,monkey,horse,7,6,88,318,1296,4827,images/p04_d1_009.png
p04_d1_010,horse__monkey,monkey_to_horse,monkey,horse,7,6,70,449,1048,7108,images/p04_d1_010.png
p04_d1_011,horse__monkey,monkey_to_horse,monkey,horse,7,6,227,311,3467,4746,images/p04_d1_011.png
p04_d1_012,horse__monkey,monkey_to_horse,monkey,horse,7,6,187,210,2854,3292,images/p04_d1_012.png
p04_d1_013,horse__monkey,monkey_to_horse,monkey,horse,7,6,218,60,3404,890,images/p04_d1_013.png
p04_d1_014,horse__monkey,monkey_to_horse,monkey,horse,7,6,429,237,6726,3777,images/p04_d1_014.png
p04_d1_015,horse__monkey,monkey_to_horse,monkey,horse,7,6,209,308,3288,4731,images/p04_d1_015.png
p04_d1_016,horse__monkey,monkey_to_horse,monkey,horse,7,6,24,480,323,7726,images/p04_d1_016.png
p04_d1_017,horse__monkey,monkey_to_horse,monkey,horse,7,6,100,37,1473,545,images/p04_d1_017.png
p04_d1_018,horse__monkey,monkey_to_horse,monkey,horse,7,6,120,192,1771,2958,images/p04_d1_018.png
p04_d1_019,horse__monkey,monkey_to_horse,monkey,horse,7,6,355,175,5436,2676,images/p04_d1_019.png
p04_d1_020,horse__monkey,monkey_to_horse,monkey,horse,7,6,109,206,1579,3191,images/p04_d1_020.png
p04_d1_021,horse__monkey,monkey_to_horse,monkey,horse,7,6,378,240,5719,3844,images/p04_d1_021.png
p04_d1_022,horse__monkey,monkey_to_horse,monkey,horse,7,6,302,332,4661,5082,images/p04_d1_022.png
p04_d1_023,horse__monkey,monkey_to_horse,monkey,horse,7,6,392,379,5977,5729,images/p04_d1_023.png
p04_d1_024,horse__monkey,monkey_to_horse,monkey,horse,7,6,490,59,7835,873,images/p04_d1_024.png
p04_d1_025,horse__monkey,monkey_to_horse,monkey,horse,7,6,87,258,1287,4011,images/p04_d1_025.png
p04_d1_026,horse__monkey,monkey_to_horse,monkey,horse,7,6,130,62,1927,929,images/p04_d1_026.png
p04_d1_027,horse__monkey,monkey_to_horse,monkey,horse,7,6,447,239,7081,3779,images/p04_d1_027.png
p04_d1_028,horse__monkey,monkey_to_horse,monkey,horse,7,6,18,498,269,7996,images/p04_d1_028.png
p04_d1_029,horse__monkey,monkey_to_horse,monkey,horse,7,6,69,104,1032,1534,images/p04_d1_029.png
p04_d1_030,horse__monkey,monkey_to_horse,monkey,horse,7,6,223,387,3446,5858,images/p04_d1_030.png
p04_d1_031,horse__monkey,monkey_to_horse,monkey,horse,7,6,232,286,3542,4411,images/p04_d1_031.png
p04_d1_032,horse__monkey,monkey_to_horse,monkey,horse,7,6,1,221,29,3418,images/p04_d1_032.png
p04_d1_033,horse__monkey,monkey_to_horse,monkey,horse,7,6,180,411,2746,6381,images/p04_d1_033.png
p04_d1_034,horse__monkey,monkey_to_horse,monkey,horse,7,6,278,485,4308,7781,images/p04_d1_034.png
p04_d1_035,horse__monkey,monkey_to_horse,monkey,horse,7,6,119,65,1711,977,images/p04_d1_035.png
p04_d1_036,horse__monkey,monkey_to_horse,monkey,horse,7,6,384,32,5848,449,images/p04_d1_036.png
p04_d1_037,horse__monkey,monkey_to_horse,monkey,horse,7,6,202,263,3153,4093,images/p04_d1_037.png
p04_d1_038,horse__monkey,monkey_to_horse,monkey,horse,7,6,26,137,370,2003,images/p04_d1_038.png
p04_d1_039,horse__monkey,monkey_to_horse,monkey,horse,7,6,401,371,6190,5580,images/p04_d1_039.png
