model,pair,direction,n,n_shape,n_texture,n_other
resnet50,airplane__cat,airplane_to_cat,20,3,1,16
resnet50,airplane__cat,cat_to_airplane,20,7,1,12
resnet50,bird__truck,bird_to_truck,20,13,3,4
resnet50,bird__truck,truck_to_bird,20,7,6,7
resnet50,car__deer,car_to_deer,20,14,1,5
resnet50,car__deer,deer_to_car,20,10,0,10
resnet50,dog__ship,dog_to_ship,20,13,2,5
resnet50,dog__ship,ship_to_dog,20,12,0,8
resnet50,horse__monkey,horse_to_monkey,20,14,1,5
resnet50,horse__monkey,monkey_to_horse,20,13,2,5
vit_b16,airplane__cat,airplane_to_cat,20,19,0,1
vit_b16,airplane__cat,cat_to_airplane,20,12,1,7
vit_b16,bird__truck,bird_to_truck,20,16,2,2
vit_b16,bird__truck,truck_to_bird,20,14,2,4
vit_b16,car__deer,car_to_deer,20,19,0,1
vit_b16,car__deer,deer_to_car,20,15,2,3
vit_b16,dog__ship,dog_to_ship,20,12,0,8
vit_b16,dog__ship,ship_to_dog,20,14,0,6
vit_b16,horse__monkey,horse_to_monkey,20,19,0,1
vit_b16,horse__monkey,monkey_to_horse,20,16,0,4
clip_b32,airplane__cat,airplane_to_cat,20,18,0,2
clip_b32,airplane__cat,cat_to_airplane,20,15,0,5
clip_b32,bird__truck,bird_to_truck,20,17,2,1
clip_b32,bird__truck,truck_to_bird,20,19,0,1
clip_b32,car__deer,car_to_deer,20,18,0,2
clip_b32,car__deer,deer_to_car,20,14,0,6
clip_b32,dog__ship,dog_to_ship,20,9,0,11
clip_b32,dog__ship,ship_to_dog,20,12,0,8
clip_b32,horse__monkey,horse_to_monkey,20,19,1,0
clip_b32,horse__monkey,monkey_to_horse,20,14,2,4
clip_zero_shot,airplane__cat,airplane_to_cat,20,16,0,4
clip_zero_shot,airplane__cat,cat_to_airplane,20,9,1,10
clip_zero_shot,bird__truck,bird_to_truck,20,15,0,5
clip_zero_shot,bird__truck,truck_to_bird,20,16,0,4
clip_zero_shot,car__deer,car_to_deer,20,19,0,1
clip_zero_shot,car__deer,deer_to_car,20,15,0,5
clip_zero_shot,dog__ship,dog_to_ship,20,9,0,11
clip_zero_shot,dog__ship,ship_to_dog,20,19,0,1
clip_zero_shot,horse__monkey,horse_to_monkey,20,20,0,0
clip_zero_shot,horse__monkey,monkey_to_horse,20,16,1,3
