candidate_id,pair,direction,content_id,style_id,content_label,style_label,image_file,model,prediction,predicted_class,decision,clean_prediction,max_confidence
p00_d0_001,airplane__cat,airplane_to_cat,4399,4609,0,3,images/p00_d0_001.png,resnet50,1,bird,other,0,0.7866027
p00_d0_002,airplane__cat,airplane_to_cat,7262,3914,0,3,images/p00_d0_002.png,resnet50,1,bird,other,0,0.88680834
p00_d0_003,airplane__cat,airplane_to_cat,7150,7416,0,3,images/p00_d0_003.png,resnet50,1,bird,other,0,0.95354664
p00_d0_004,airplane__cat,airplane_to_cat,7009,4463,0,3,images/p00_d0_004.png,resnet50,1,bird,other,0,0.6973
p00_d0_005,airplane__cat,airplane_to_cat,7634,7744,0,3,images/p00_d0_005.png,resnet50,1,bird,other,0,0.94759357
p00_d0_006,airplane__cat,airplane_to_cat,1648,3375,0,3,images/p00_d0_006.png,resnet50,0,airplane,shape,0,0.4730571
p00_d0_007,airplane__cat,airplane_to_cat,6437,4531,0,3,images/p00_d0_007.png,resnet50,1,bird,other,0,0.5967453
p00_d0_009,airplane__cat,airplane_to_cat,5918,4330,0,3,images/p00_d0_009.png,resnet50,0,airplane,shape,0,0.86052656
p00_d0_010,airplane__cat,airplane_to_cat,2888,1263,0,3,images/p00_d0_010.png,resnet50,1,bird,other,0,0.4537797
p00_d0_011,airplane__cat,airplane_to_cat,562,3276,0,3,images/p00_d0_011.png,resnet50,1,bird,other,0,0.80532575
p00_d0_013,airplane__cat,airplane_to_cat,81,1370,0,3,images/p00_d0_013.png,resnet50,0,airplane,shape,0,0.7011282
p00_d0_014,airplane__cat,airplane_to_cat,3965,4023,0,3,images/p00_d0_014.png,resnet50,1,bird,other,0,0.5178878
p00_d0_015,airplane__cat,airplane_to_cat,6609,176,0,3,images/p00_d0_015.png,resnet50,4,deer,other,0,0.51039314
p00_d0_016,airplane__cat,airplane_to_cat,1977,4908,0,3,images/p00_d0_016.png,resnet50,4,deer,other,0,0.4809577
p00_d0_018,airplane__cat,airplane_to_cat,7309,3562,0,3,images/p00_d0_018.png,resnet50,4,deer,other,0,0.3521339
p00_d0_019,airplane__cat,airplane_to_cat,4785,365,0,3,images/p00_d0_019.png,resnet50,1,bird,other,0,0.9776095
p00_d0_020,airplane__cat,airplane_to_cat,1175,7793,0,3,images/p00_d0_020.png,resnet50,1,bird,other,0,0.8992457
p00_d0_021,airplane__cat,airplane_to_cat,6455,979,0,3,images/p00_d0_021.png,resnet50,4,deer,other,0,0.778382
p00_d0_023,airplane__cat,airplane_to_cat,4615,2754,0,3,images/p00_d0_023.png,resnet50,3,cat,texture,0,0.32698157
p00_d0_024,airplane__cat,airplane_to_cat,3876,4881,0,3,images/p00_d0_024.png,resnet50,4,deer,other,0,0.40595052
p00_d1_000,airplane__cat,cat_to_airplane,4168,2242,3,0,images/p00_d1_000.png,resnet50,6,horse,other,3,0.2793089
p00_d1_001,airplane__cat,cat_to_airplane,3914,7320,3,0,images/p00_d1_001.png,resnet50,3,cat,shape,3,0.987518
p00_d1_002,airplane__cat,cat_to_airplane,1370,2888,3,0,images/p00_d1_002.png,resnet50,8,ship,other,3,0.6241978
p00_d1_003,airplane__cat,cat_to_airplane,2539,4539,3,0,images/p00_d1_003.png,resnet50,1,bird,other,3,0.8052142
p00_d1_004,airplane__cat,cat_to_airplane,672,1648,3,0,images/p00_d1_004.png,resnet50,3,cat,shape,3,0.9705527
p00_d1_007,airplane__cat,cat_to_airplane,7416,3025,3,0,images/p00_d1_007.png,resnet50,5,dog,other,5,0.61059314
p00_d1_008,airplane__cat,cat_to_airplane,4330,3455,3,0,images/p00_d1_008.png,resnet50,5,dog,other,3,0.59031904
p00_d1_009,airplane__cat,cat_to_airplane,4215,7009,3,0,images/p00_d1_009.png,resnet50,1,bird,other,3,0.6442465
p00_d1_010,airplane__cat,cat_to_airplane,391,7465,3,0,images/p00_d1_010.png,resnet50,0,airplane,texture,3,0.59246284
p00_d1_012,airplane__cat,cat_to_airplane,738,1389,3,0,images/p00_d1_012.png,resnet50,8,ship,other,3,0.45295316
p00_d1_013,airplane__cat,cat_to_airplane,3778,1553,3,0,images/p00_d1_013.png,resnet50,3,cat,shape,3,0.8475841
p00_d1_014,airplane__cat,cat_to_airplane,3851,6609,3,0,images/p00_d1_014.png,resnet50,6,horse,other,3,0.5071333
p00_d1_015,airplane__cat,cat_to_airplane,1204,5918,3,0,images/p00_d1_015.png,resnet50,1,bird,other,3,0.8084163
p00_d1_016,airplane__cat,cat_to_airplane,632,7262,3,0,images/p00_d1_016.png,resnet50,3,cat,shape,3,0.94906545
p00_d1_017,airplane__cat,cat_to_airplane,4881,7309,3,0,images/p00_d1_017.png,resnet50,1,bird,other,3,0.52258986
p00_d1_018,airplane__cat,cat_to_airplane,2536,6986,3,0,images/p00_d1_018.png,resnet50,8,ship,other,3,0.75091016
p00_d1_022,airplane__cat,cat_to_airplane,791,4617,3,0,images/p00_d1_022.png,resnet50,3,cat,shape,3,0.9683128
p00_d1_024,airplane__cat,cat_to_airplane,1531,7372,3,0,images/p00_d1_024.png,resnet50,1,bird,other,3,0.8543193
p00_d1_026,airplane__cat,cat_to_airplane,6952,81,3,0,images/p00_d1_026.png,resnet50,3,cat,shape,3,0.44690058
p00_d1_028,airplane__cat,cat_to_airplane,677,484,3,0,images/p00_d1_028.png,resnet50,3,cat,shape,3,0.9727366
p01_d0_000,bird__truck,bird_to_truck,7202,6931,1,9,images/p01_d0_000.png,resnet50,1,bird,shape,1,0.890859
p01_d0_002,bird__truck,bird_to_truck,7033,1515,1,9,images/p01_d0_002.png,resnet50,1,bird,shape,1,0.9144859
p01_d0_004,bird__truck,bird_to_truck,3937,2011,1,9,images/p01_d0_004.png,resnet50,1,bird,shape,1,0.9484703
p01_d0_005,bird__truck,bird_to_truck,6594,7544,1,9,images/p01_d0_005.png,resnet50,8,ship,other,1,0.8881626
p01_d0_006,bird__truck,bird_to_truck,1986,2114,1,9,images/p01_d0_006.png,resnet50,9,truck,texture,1,0.7686754
p01_d0_008,bird__truck,bird_to_truck,116,4094,1,9,images/p01_d0_008.png,resnet50,8,ship,other,1,0.55497974
p01_d0_009,bird__truck,bird_to_truck,1852,3318,1,9,images/p01_d0_009.png,resnet50,1,bird,shape,1,0.5328053
p01_d0_010,bird__truck,bird_to_truck,1993,4449,1,9,images/p01_d0_010.png,resnet50,1,bird,shape,1,0.9943505
p01_d0_011,bird__truck,bird_to_truck,6733,5447,1,9,images/p01_d0_011.png,resnet50,1,bird,shape,1,0.97507113
p01_d0_012,bird__truck,bird_to_truck,1109,7938,1,9,images/p01_d0_012.png,resnet50,1,bird,shape,1,0.31846178
p01_d0_014,bird__truck,bird_to_truck,6805,5915,1,9,images/p01_d0_014.png,resnet50,8,ship,other,1,0.60186815
p01_d0_015,bird__truck,bird_to_truck,5092,303,1,9,images/p01_d0_015.png,resnet50,1,bird,shape,1,0.9900096
p01_d0_016,bird__truck,bird_to_truck,5560,2062,1,9,images/p01_d0_016.png,resnet50,9,truck,texture,1,0.59291476
p01_d0_017,bird__truck,bird_to_truck,6349,7995,1,9,images/p01_d0_017.png,resnet50,1,bird,shape,1,0.9918487
p01_d0_018,bird__truck,bird_to_truck,5256,1468,1,9,images/p01_d0_018.png,resnet50,1,bird,shape,1,0.6157024
p01_d0_020,bird__truck,bird_to_truck,2095,191,1,9,images/p01_d0_020.png,resnet50,1,bird,shape,1,0.9227224
p01_d0_023,bird__truck,bird_to_truck,5488,5572,1,9,images/p01_d0_023.png,resnet50,1,bird,shape,7,0.6086581
p01_d0_024,bird__truck,bird_to_truck,2687,7752,1,9,images/p01_d0_024.png,resnet50,9,truck,texture,1,0.5276948
p01_d0_025,bird__truck,bird_to_truck,2070,5360,1,9,images/p01_d0_025.png,resnet50,8,ship,other,1,0.36282066
p01_d0_026,bird__truck,bird_to_truck,4640,5981,1,9,images/p01_d0_026.png,resnet50,1,bird,shape,1,0.9722395
p01_d1_000,bird__truck,truck_to_bird,239,1090,9,1,images/p01_d1_000.png,resnet50,9,truck,shape,9,0.36331752
p01_d1_001,bird__truck,truck_to_bird,7938,5092,9,1,images/p01_d1_001.png,resnet50,1,bird,texture,9,0.75994813
p01_d1_002,bird__truck,truck_to_bird,419,6938,9,1,images/p01_d1_002.png,resnet50,9,truck,shape,9,0.54487824
p01_d1_004,bird__truck,truck_to_bird,2414,7033,9,1,images/p01_d1_004.png,resnet50,1,bird,texture,9,0.786124
p01_d1_005,bird__truck,truck_to_bird,5981,2157,9,1,images/p01_d1_005.png,resnet50,1,bird,texture,9,0.92811716
p01_d1_006,bird__truck,truck_to_bird,1836,6349,9,1,images/p01_d1_006.png,resnet50,4,deer,other,9,0.37462717
p01_d1_007,bird__truck,truck_to_bird,5360,4640,9,1,images/p01_d1_007.png,resnet50,8,ship,other,9,0.56648296
p01_d1_009,bird__truck,truck_to_bird,1468,2690,9,1,images/p01_d1_009.png,resnet50,9,truck,shape,9,0.4774098
p01_d1_010,bird__truck,truck_to_bird,3942,261,9,1,images/p01_d1_010.png,resnet50,9,truck,shape,9,0.9260012
p01_d1_011,bird__truck,truck_to_bird,5508,6169,9,1,images/p01_d1_011.png,resnet50,8,ship,other,9,0.4274495
p01_d1_012,bird__truck,truck_to_bird,7380,5256,9,1,images/p01_d1_012.png,resnet50,6,horse,other,9,0.37577248
p01_d1_013,bird__truck,truck_to_bird,7266,2116,9,1,images/p01_d1_013.png,resnet50,1,bird,texture,9,0.40262017
p01_d1_014,bird__truck,truck_to_bird,3318,2095,9,1,images/p01_d1_014.png,resnet50,3,cat,other,9,0.36800256
p01_d1_015,bird__truck,truck_to_bird,2114,2070,9,1,images/p01_d1_015.png,resnet50,9,truck,shape,9,0.75260735
p01_d1_018,bird__truck,truck_to_bird,7544,6836,9,1,images/p01_d1_018.png,resnet50,8,ship,other,9,0.33949283
p01_d1_020,bird__truck,truck_to_bird,1411,3937,9,1,images/p01_d1_020.png,resnet50,1,bird,texture,9,0.9372107
p01_d1_021,bird__truck,truck_to_bird,1654,2687,9,1,images/p01_d1_021.png,resnet50,9,truck,shape,9,0.93597525
p01_d1_022,bird__truck,truck_to_bird,5452,1993,9,1,images/p01_d1_022.png,resnet50,1,bird,texture,9,0.6008264
p01_d1_023,bird__truck,truck_to_bird,5788,1568,9,1,images/p01_d1_023.png,resnet50,8,ship,other,9,0.5100783
p01_d1_024,bird__truck,truck_to_bird,2062,2178,9,1,images/p01_d1_024.png,resnet50,9,truck,shape,9,0.889522
p02_d0_000,car__deer,car_to_deer,1814,7864,2,4,images/p02_d0_000.png,resnet50,2,car,shape,2,0.6008368
p02_d0_001,car__deer,car_to_deer,3067,7610,2,4,images/p02_d0_001.png,resnet50,2,car,shape,2,0.81438464
p02_d0_002,car__deer,car_to_deer,2392,3034,2,4,images/p02_d0_002.png,resnet50,2,car,shape,2,0.8106001
p02_d0_004,car__deer,car_to_deer,483,5467,2,4,images/p02_d0_004.png,resnet50,4,deer,texture,2,0.52407897
p02_d0_005,car__deer,car_to_deer,5237,2757,2,4,images/p02_d0_005.png,resnet50,2,car,shape,2,0.9110251
p02_d0_006,car__deer,car_to_deer,7425,3763,2,4,images/p02_d0_006.png,resnet50,2,car,shape,2,0.9479197
p02_d0_007,car__deer,car_to_deer,3755,3287,2,4,images/p02_d0_007.png,resnet50,2,car,shape,2,0.91704446
p02_d0_008,car__deer,car_to_deer,1202,1124,2,4,images/p02_d0_008.png,resnet50,2,car,shape,2,0.6159941
p02_d0_009,car__deer,car_to_deer,2082,855,2,4,images/p02_d0_009.png,resnet50,2,car,shape,2,0.9291417
p02_d0_010,car__deer,car_to_deer,4735,4740,2,4,images/p02_d0_010.png,resnet50,2,car,shape,2,0.73564047
p02_d0_011,car__deer,car_to_deer,5218,5213,2,4,images/p02_d0_011.png,resnet50,2,car,shape,2,0.9597073
p02_d0_013,car__deer,car_to_deer,2502,3078,2,4,images/p02_d0_013.png,resnet50,9,truck,other,2,0.3414675
p02_d0_014,car__deer,car_to_deer,714,2898,2,4,images/p02_d0_014.png,resnet50,2,car,shape,2,0.49971282
p02_d0_015,car__deer,car_to_deer,1839,6033,2,4,images/p02_d0_015.png,resnet50,1,bird,other,2,0.71914047
p02_d0_016,car__deer,car_to_deer,6271,2399,2,4,images/p02_d0_016.png,resnet50,2,car,shape,2,0.9652026
p02_d0_017,car__deer,car_to_deer,6244,1266,2,4,images/p02_d0_017.png,resnet50,9,truck,other,2,0.8896557
p02_d0_018,car__deer,car_to_deer,5395,7940,2,4,images/p02_d0_018.png,resnet50,2,car,shape,2,0.99019474
p02_d0_019,car__deer,car_to_deer,5824,5135,2,4,images/p02_d0_019.png,resnet50,1,bird,other,2,0.7252048
p02_d0_020,car__deer,car_to_deer,6503,3891,2,4,images/p02_d0_020.png,resnet50,2,car,shape,2,0.61612856
p02_d0_021,car__deer,car_to_deer,6332,171,2,4,images/p02_d0_021.png,resnet50,1,bird,other,2,0.55808544
p02_d1_000,car__deer,deer_to_car,3458,2082,4,2,images/p02_d1_000.png,resnet50,4,deer,shape,4,0.82548594
p02_d1_001,car__deer,deer_to_car,2898,6616,4,2,images/p02_d1_001.png,resnet50,1,bird,other,4,0.6175459
p02_d1_002,car__deer,deer_to_car,3179,5824,4,2,images/p02_d1_002.png,resnet50,4,deer,shape,4,0.59439665
p02_d1_003,car__deer,deer_to_car,3365,470,4,2,images/p02_d1_003.png,resnet50,3,cat,other,4,0.61545193
p02_d1_004,car__deer,deer_to_car,3763,4065,4,2,images/p02_d1_004.png,resnet50,4,deer,shape,4,0.9169006
p02_d1_005,car__deer,deer_to_car,3512,1586,4,2,images/p02_d1_005.png,resnet50,4,deer,shape,4,0.9930467
p02_d1_006,car__deer,deer_to_car,3122,1814,4,2,images/p02_d1_006.png,resnet50,1,bird,other,4,0.6568615
p02_d1_007,car__deer,deer_to_car,5789,6028,4,2,images/p02_d1_007.png,resnet50,4,deer,shape,4,0.51043075
p02_d1_008,car__deer,deer_to_car,5402,49,4,2,images/p02_d1_008.png,resnet50,4,deer,shape,4,0.9517995
p02_d1_009,car__deer,deer_to_car,2399,5030,4,2,images/p02_d1_009.png,resnet50,1,bird,other,4,0.80155605
p02_d1_010,car__deer,deer_to_car,1960,1839,4,2,images/p02_d1_010.png,resnet50,4,deer,shape,4,0.35368204
p02_d1_011,car__deer,deer_to_car,171,7084,4,2,images/p02_d1_011.png,resnet50,0,airplane,other,4,0.26603913
p02_d1_012,car__deer,deer_to_car,5623,981,4,2,images/p02_d1_012.png,resnet50,1,bird,other,4,0.5006633
p02_d1_013,car__deer,deer_to_car,5556,3024,4,2,images/p02_d1_013.png,resnet50,4,deer,shape,4,0.9856359
p02_d1_014,car__deer,deer_to_car,6528,6503,4,2,images/p02_d1_014.png,resnet50,4,deer,shape,4,0.36251014
p02_d1_015,car__deer,deer_to_car,7610,5318,4,2,images/p02_d1_015.png,resnet50,4,deer,shape,4,0.838598
p02_d1_017,car__deer,deer_to_car,2757,317,4,2,images/p02_d1_017.png,resnet50,1,bird,other,4,0.4050655
p02_d1_018,car__deer,deer_to_car,3034,3454,4,2,images/p02_d1_018.png,resnet50,0,airplane,other,4,0.62019515
p02_d1_019,car__deer,deer_to_car,4629,5333,4,2,images/p02_d1_019.png,resnet50,1,bird,other,4,0.6239291
p02_d1_020,car__deer,deer_to_car,766,5756,4,2,images/p02_d1_020.png,resnet50,6,horse,other,6,0.4957621
p03_d0_001,dog__ship,dog_to_ship,3863,7138,5,8,images/p03_d0_001.png,resnet50,6,horse,other,5,0.96108806
p03_d0_002,dog__ship,dog_to_ship,4850,716,5,8,images/p03_d0_002.png,resnet50,3,cat,other,5,0.9202051
p03_d0_003,dog__ship,dog_to_ship,6716,5525,5,8,images/p03_d0_003.png,resnet50,1,bird,other,5,0.7029766
p03_d0_004,dog__ship,dog_to_ship,3852,151,5,8,images/p03_d0_004.png,resnet50,5,dog,shape,5,0.9087415
p03_d0_005,dog__ship,dog_to_ship,6989,7476,5,8,images/p03_d0_005.png,resnet50,5,dog,shape,5,0.97688943
p03_d0_006,dog__ship,dog_to_ship,1626,7999,5,8,images/p03_d0_006.png,resnet50,3,cat,other,5,0.49171975
p03_d0_007,dog__ship,dog_to_ship,5332,739,5,8,images/p03_d0_007.png,resnet50,5,dog,shape,5,0.9087164
p03_d0_008,dog__ship,dog_to_ship,7130,4355,5,8,images/p03_d0_008.png,resnet50,5,dog,shape,5,0.9548997
p03_d0_010,dog__ship,dog_to_ship,4570,1954,5,8,images/p03_d0_010.png,resnet50,5,dog,shape,5,0.4131122
p03_d0_012,dog__ship,dog_to_ship,2334,4069,5,8,images/p03_d0_012.png,resnet50,5,dog,shape,5,0.9831156
p03_d0_013,dog__ship,dog_to_ship,6224,1129,5,8,images/p03_d0_013.png,resnet50,5,dog,shape,5,0.9715048
p03_d0_014,dog__ship,dog_to_ship,378,1640,5,8,images/p03_d0_014.png,resnet50,5,dog,shape,5,0.8361832
p03_d0_016,dog__ship,dog_to_ship,1877,3015,5,8,images/p03_d0_016.png,resnet50,8,ship,texture,5,0.7083243
p03_d0_017,dog__ship,dog_to_ship,2265,7810,5,8,images/p03_d0_017.png,resnet50,6,horse,other,5,0.69992834
p03_d0_018,dog__ship,dog_to_ship,6414,4177,5,8,images/p03_d0_018.png,resnet50,8,ship,texture,5,0.6127698
p03_d0_019,dog__ship,dog_to_ship,645,1247,5,8,images/p03_d0_019.png,resnet50,5,dog,shape,5,0.91146123
p03_d0_021,dog__ship,dog_to_ship,5101,4552,5,8,images/p03_d0_021.png,resnet50,5,dog,shape,5,0.8850349
p03_d0_022,dog__ship,dog_to_ship,4106,2745,5,8,images/p03_d0_022.png,resnet50,5,dog,shape,5,0.56495345
p03_d0_023,dog__ship,dog_to_ship,5496,2844,5,8,images/p03_d0_023.png,resnet50,5,dog,shape,5,0.43906996
p03_d0_025,dog__ship,dog_to_ship,7706,4662,5,8,images/p03_d0_025.png,resnet50,5,dog,shape,5,0.51450515
p03_d1_000,dog__ship,ship_to_dog,3157,4106,8,5,images/p03_d1_000.png,resnet50,8,ship,shape,8,0.6662929
p03_d1_002,dog__ship,ship_to_dog,1247,6922,8,5,images/p03_d1_002.png,resnet50,4,deer,other,8,0.30681846
p03_d1_003,dog__ship,ship_to_dog,7460,97,8,5,images/p03_d1_003.png,resnet50,8,ship,shape,8,0.62870926
p03_d1_004,dog__ship,ship_to_dog,7875,1552,8,5,images/p03_d1_004.png,resnet50,1,bird,other,8,0.5493867
p03_d1_005,dog__ship,ship_to_dog,2109,3863,8,5,images/p03_d1_005.png,resnet50,1,bird,other,8,0.96849144
p03_d1_006,dog__ship,ship_to_dog,194,1644,8,5,images/p03_d1_006.png,resnet50,8,ship,shape,8,0.97657233
p03_d1_007,dog__ship,ship_to_dog,6689,3353,8,5,images/p03_d1_007.png,resnet50,8,ship,shape,8,0.86598414
p03_d1_008,dog__ship,ship_to_dog,4676,5381,8,5,images/p03_d1_008.png,resnet50,8,ship,shape,8,0.9668966
p03_d1_009,dog__ship,ship_to_dog,4069,7706,8,5,images/p03_d1_009.png,resnet50,4,deer,other,8,0.624274
p03_d1_010,dog__ship,ship_to_dog,1833,2766,8,5,images/p03_d1_010.png,resnet50,8,ship,shape,8,0.96702105
p03_d1_011,dog__ship,ship_to_dog,7476,2458,8,5,images/p03_d1_011.png,resnet50,8,ship,shape,8,0.55304927
p03_d1_012,dog__ship,ship_to_dog,7446,4850,8,5,images/p03_d1_012.png,resnet50,8,ship,shape,8,0.40254048
p03_d1_013,dog__ship,ship_to_dog,7810,7776,8,5,images/p03_d1_013.png,resnet50,8,ship,shape,8,0.96227497
p03_d1_014,dog__ship,ship_to_dog,7138,1877,8,5,images/p03_d1_014.png,resnet50,4,deer,other,8,0.7537834
p03_d1_015,dog__ship,ship_to_dog,2230,6358,8,5,images/p03_d1_015.png,resnet50,8,ship,shape,8,0.9967655
p03_d1_016,dog__ship,ship_to_dog,5000,4290,8,5,images/p03_d1_016.png,resnet50,3,cat,other,8,0.6599901
p03_d1_017,dog__ship,ship_to_dog,7999,1626,8,5,images/p03_d1_017.png,resnet50,1,bird,other,8,0.72432965
p03_d1_018,dog__ship,ship_to_dog,1129,2334,8,5,images/p03_d1_018.png,resnet50,8,ship,shape,8,0.7912874
p03_d1_019,dog__ship,ship_to_dog,3948,6224,8,5,images/p03_d1_019.png,resnet50,8,ship,shape,8,0.6218785
p03_d1_020,dog__ship,ship_to_dog,2191,319,8,5,images/p03_d1_020.png,resnet50,1,bird,other,8,0.47948417
p04_d0_001,horse__monkey,horse_to_monkey,3191,3288,6,7,images/p04_d0_001.png,resnet50,6,horse,shape,6,0.5104365
p04_d0_002,horse__monkey,horse_to_monkey,890,4748,6,7,images/p04_d0_002.png,resnet50,7,monkey,texture,6,0.47662485
p04_d0_004,horse__monkey,horse_to_monkey,7779,4403,6,7,images/p04_d0_004.png,resnet50,6,horse,shape,6,0.5947264
p04_d0_005,horse__monkey,horse_to_monkey,3962,1927,6,7,images/p04_d0_005.png,resnet50,6,horse,shape,6,0.83176684
p04_d0_006,horse__monkey,horse_to_monkey,6381,1956,6,7,images/p04_d0_006.png,resnet50,6,horse,shape,6,0.98189986
p04_d0_007,horse__monkey,horse_to_monkey,4746,1579,6,7,images/p04_d0_007.png,resnet50,6,horse,shape,6,0.7784358
p04_d0_011,horse__monkey,horse_to_monkey,7996,1032,6,7,images/p04_d0_011.png,resnet50,4,deer,other,6,0.78636
p04_d0_014,horse__monkey,horse_to_monkey,1667,370,6,7,images/p04_d0_014.png,resnet50,6,horse,shape,6,0.60535455
p04_d0_015,horse__monkey,horse_to_monkey,545,5977,6,7,images/p04_d0_015.png,resnet50,6,horse,shape,6,0.3981576
p04_d0_016,horse__monkey,horse_to_monkey,4754,4172,6,7,images/p04_d0_016.png,resnet50,6,horse,shape,6,0.9691505
p04_d0_017,horse__monkey,horse_to_monkey,4341,1884,6,7,images/p04_d0_017.png,resnet50,6,horse,shape,6,0.9926158
p04_d0_018,horse__monkey,horse_to_monkey,3844,3542,6,7,images/p04_d0_018.png,resnet50,4,deer,other,6,0.82123375
p04_d0_019,horse__monkey,horse_to_monkey,4411,1296,6,7,images/p04_d0_019.png,resnet50,4,deer,other,6,0.8979022
p04_d0_020,horse__monkey,horse_to_monkey,4093,2668,6,7,images/p04_d0_020.png,resnet50,4,deer,other,6,0.54888254
p04_d0_023,horse__monkey,horse_to_monkey,3779,1440,6,7,images/p04_d0_023.png,resnet50,6,horse,shape,6,0.5795117
p04_d0_026,horse__monkey,horse_to_monkey,4620,6726,6,7,images/p04_d0_026.png,resnet50,6,horse,shape,6,0.956103
p04_d0_027,horse__monkey,horse_to_monkey,449,1771,6,7,images/p04_d0_027.png,resnet50,6,horse,shape,6,0.52179354
p04_d0_028,horse__monkey,horse_to_monkey,4827,7270,6,7,images/p04_d0_028.png,resnet50,1,bird,other,6,0.34309018
p04_d0_029,horse__monkey,horse_to_monkey,2958,7835,6,7,images/p04_d0_029.png,resnet50,6,horse,shape,6,0.92327106
p04_d0_030,horse__monkey,horse_to_monkey,3418,3867,6,7,images/p04_d0_030.png,resnet50,6,horse,shape,6,0.9321357
p04_d1_000,horse__monkey,monkey_to_horse,1220,4754,7,6,images/p04_d1_000.png,resnet50,7,monkey,shape,7,0.8381153
p04_d1_002,horse__monkey,monkey_to_horse,5450,7600,7,6,images/p04_d1_002.png,resnet50,1,bird,other,7,0.9504707
p04_d1_003,horse__monkey,monkey_to_horse,4236,1667,7,6,images/p04_d1_003.png,resnet50,7,monkey,shape,7,0.92631096
p04_d1_004,horse__monkey,monkey_to_horse,1956,3494,7,6,images/p04_d1_004.png,resnet50,3,cat,other,3,0.3423405
p04_d1_005,horse__monkey,monkey_to_horse,1440,4620,7,6,images/p04_d1_005.png,resnet50,7,monkey,shape,7,0.89162946
p04_d1_006,horse__monkey,monkey_to_horse,6084,4341,7,6,images/p04_d1_006.png,resnet50,7,monkey,shape,7,0.6033958
p04_d1_007,horse__monkey,monkey_to_horse,6650,3962,7,6,images/p04_d1_007.png,resnet50,7,monkey,shape,7,0.767976
p04_d1_008,horse__monkey,monkey_to_horse,7270,5408,7,6,images/p04_d1_008.png,resnet50,7,monkey,shape,7,0.5371443
p04_d1_009,horse__monkey,monkey_to_horse,1296,4827,7,6,images/p04_d1_009.png,resnet50,1,bird,other,7,0.7075133
p04_d1_010,horse__monkey,monkey_to_horse,1048,7108,7,6,images/p04_d1_010.png,resnet50,1,bird,other,7,0.9507955
p04_d1_011,horse__monkey,monkey_to_horse,3467,4746,7,6,images/p04_d1_011.png,resnet50,6,horse,texture,7,0.66413605
p04_d1_012,horse__monkey,monkey_to_horse,2854,3292,7,6,images/p04_d1_012.png,resnet50,1,bird,other,7,0.507579
p04_d1_013,horse__monkey,monkey_to_horse,3404,890,7,6,images/p04_d1_013.png,resnet50,7,monkey,shape,7,0.91163003
p04_d1_014,horse__monkey,monkey_to_horse,6726,3777,7,6,images/p04_d1_014.png,resnet50,7,monkey,shape,7,0.9905115
p04_d1_015,horse__monkey,monkey_to_horse,3288,4731,7,6,images/p04_d1_015.png,resnet50,7,monkey,shape,7,0.93090445
p04_d1_017,horse__monkey,monkey_to_horse,1473,545,7,6,images/p04_d1_017.png,resnet50,7,monkey,shape,7,0.91699404
p04_d1_018,horse__monkey,monkey_to_horse,1771,2958,7,6,images/p04_d1_018.png,resnet50,6,horse,texture,7,0.29655555
p04_d1_019,horse__monkey,monkey_to_horse,5436,2676,7,6,images/p04_d1_019.png,resnet50,7,monkey,shape,7,0.92260104
p04_d1_020,horse__monkey,monkey_to_horse,1579,3191,7,6,images/p04_d1_020.png,resnet50,7,monkey,shape,7,0.7286073
p04_d1_021,horse__monkey,monkey_to_horse,5719,3844,7,6,images/p04_d1_021.png,resnet50,7,monkey,shape,7,0.87060463
p00_d0_001,airplane__cat,airplane_to_cat,4399,4609,0,3,images/p00_d0_001.png,vit_b16,1,bird,other,0,0.6852772
p00_d0_002,airplane__cat,airplane_to_cat,7262,3914,0,3,images/p00_d0_002.png,vit_b16,0,airplane,shape,0,0.99907047
p00_d0_003,airplane__cat,airplane_to_cat,7150,7416,0,3,images/p00_d0_003.png,vit_b16,0,airplane,shape,0,0.9868426
p00_d0_004,airplane__cat,airplane_to_cat,7009,4463,0,3,images/p00_d0_004.png,vit_b16,0,airplane,shape,0,0.9583549
p00_d0_005,airplane__cat,airplane_to_cat,7634,7744,0,3,images/p00_d0_005.png,vit_b16,0,airplane,shape,0,0.8082591
p00_d0_006,airplane__cat,airplane_to_cat,1648,3375,0,3,images/p00_d0_006.png,vit_b16,0,airplane,shape,0,0.9791445
p00_d0_007,airplane__cat,airplane_to_cat,6437,4531,0,3,images/p00_d0_007.png,vit_b16,0,airplane,shape,0,0.9755019
p00_d0_009,airplane__cat,airplane_to_cat,5918,4330,0,3,images/p00_d0_009.png,vit_b16,0,airplane,shape,0,0.9878122
p00_d0_010,airplane__cat,airplane_to_cat,2888,1263,0,3,images/p00_d0_010.png,vit_b16,0,airplane,shape,0,0.9387295
p00_d0_011,airplane__cat,airplane_to_cat,562,3276,0,3,images/p00_d0_011.png,vit_b16,0,airplane,shape,0,0.92642826
p00_d0_013,airplane__cat,airplane_to_cat,81,1370,0,3,images/p00_d0_013.png,vit_b16,0,airplane,shape,0,0.98801917
p00_d0_014,airplane__cat,airplane_to_cat,3965,4023,0,3,images/p00_d0_014.png,vit_b16,0,airplane,shape,0,0.99713933
p00_d0_015,airplane__cat,airplane_to_cat,6609,176,0,3,images/p00_d0_015.png,vit_b16,0,airplane,shape,0,0.9111194
p00_d0_016,airplane__cat,airplane_to_cat,1977,4908,0,3,images/p00_d0_016.png,vit_b16,0,airplane,shape,0,0.45096892
p00_d0_018,airplane__cat,airplane_to_cat,7309,3562,0,3,images/p00_d0_018.png,vit_b16,0,airplane,shape,0,0.98413783
p00_d0_019,airplane__cat,airplane_to_cat,4785,365,0,3,images/p00_d0_019.png,vit_b16,0,airplane,shape,0,0.950639
p00_d0_020,airplane__cat,airplane_to_cat,1175,7793,0,3,images/p00_d0_020.png,vit_b16,0,airplane,shape,0,0.9978999
p00_d0_021,airplane__cat,airplane_to_cat,6455,979,0,3,images/p00_d0_021.png,vit_b16,0,airplane,shape,0,0.5783224
p00_d0_023,airplane__cat,airplane_to_cat,4615,2754,0,3,images/p00_d0_023.png,vit_b16,0,airplane,shape,0,0.9930576
p00_d0_024,airplane__cat,airplane_to_cat,3876,4881,0,3,images/p00_d0_024.png,vit_b16,0,airplane,shape,0,0.72443515
p00_d1_000,airplane__cat,cat_to_airplane,4168,2242,3,0,images/p00_d1_000.png,vit_b16,3,cat,shape,3,0.99322414
p00_d1_001,airplane__cat,cat_to_airplane,3914,7320,3,0,images/p00_d1_001.png,vit_b16,3,cat,shape,3,0.99941194
p00_d1_002,airplane__cat,cat_to_airplane,1370,2888,3,0,images/p00_d1_002.png,vit_b16,3,cat,shape,3,0.8425169
p00_d1_003,airplane__cat,cat_to_airplane,2539,4539,3,0,images/p00_d1_003.png,vit_b16,3,cat,shape,3,0.9784107
p00_d1_004,airplane__cat,cat_to_airplane,672,1648,3,0,images/p00_d1_004.png,vit_b16,3,cat,shape,3,0.8222943
p00_d1_007,airplane__cat,cat_to_airplane,7416,3025,3,0,images/p00_d1_007.png,vit_b16,5,dog,other,3,0.64237136
p00_d1_008,airplane__cat,cat_to_airplane,4330,3455,3,0,images/p00_d1_008.png,vit_b16,2,car,other,3,0.27013472
p00_d1_009,airplane__cat,cat_to_airplane,4215,7009,3,0,images/p00_d1_009.png,vit_b16,1,bird,other,3,0.24033646
p00_d1_010,airplane__cat,cat_to_airplane,391,7465,3,0,images/p00_d1_010.png,vit_b16,1,bird,other,3,0.49386412
p00_d1_012,airplane__cat,cat_to_airplane,738,1389,3,0,images/p00_d1_012.png,vit_b16,9,truck,other,3,0.33265954
p00_d1_013,airplane__cat,cat_to_airplane,3778,1553,3,0,images/p00_d1_013.png,vit_b16,3,cat,shape,3,0.29129174
p00_d1_014,airplane__cat,cat_to_airplane,3851,6609,3,0,images/p00_d1_014.png,vit_b16,3,cat,shape,3,0.54060525
p00_d1_015,airplane__cat,cat_to_airplane,1204,5918,3,0,images/p00_d1_015.png,vit_b16,3,cat,shape,3,0.99179125
p00_d1_016,airplane__cat,cat_to_airplane,632,7262,3,0,images/p00_d1_016.png,vit_b16,3,cat,shape,3,0.9999908
p00_d1_017,airplane__cat,cat_to_airplane,4881,7309,3,0,images/p00_d1_017.png,vit_b16,0,airplane,texture,3,0.5203828
p00_d1_018,airplane__cat,cat_to_airplane,2536,6986,3,0,images/p00_d1_018.png,vit_b16,3,cat,shape,3,0.99992347
p00_d1_022,airplane__cat,cat_to_airplane,791,4617,3,0,images/p00_d1_022.png,vit_b16,3,cat,shape,3,0.9959864
p00_d1_024,airplane__cat,cat_to_airplane,1531,7372,3,0,images/p00_d1_024.png,vit_b16,5,dog,other,3,0.43197802
p00_d1_026,airplane__cat,cat_to_airplane,6952,81,3,0,images/p00_d1_026.png,vit_b16,2,car,other,3,0.26588812
p00_d1_028,airplane__cat,cat_to_airplane,677,484,3,0,images/p00_d1_028.png,vit_b16,3,cat,shape,3,0.9987153
p01_d0_000,bird__truck,bird_to_truck,7202,6931,1,9,images/p01_d0_000.png,vit_b16,1,bird,shape,1,0.9243081
p01_d0_002,bird__truck,bird_to_truck,7033,1515,1,9,images/p01_d0_002.png,vit_b16,1,bird,shape,1,0.9800239
p01_d0_004,bird__truck,bird_to_truck,3937,2011,1,9,images/p01_d0_004.png,vit_b16,1,bird,shape,1,0.9770608
p01_d0_005,bird__truck,bird_to_truck,6594,7544,1,9,images/p01_d0_005.png,vit_b16,0,airplane,other,1,0.9865849
p01_d0_006,bird__truck,bird_to_truck,1986,2114,1,9,images/p01_d0_006.png,vit_b16,1,bird,shape,1,0.6753933
p01_d0_008,bird__truck,bird_to_truck,116,4094,1,9,images/p01_d0_008.png,vit_b16,1,bird,shape,1,0.9750635
p01_d0_009,bird__truck,bird_to_truck,1852,3318,1,9,images/p01_d0_009.png,vit_b16,1,bird,shape,1,0.9931778
p01_d0_010,bird__truck,bird_to_truck,1993,4449,1,9,images/p01_d0_010.png,vit_b16,1,bird,shape,1,0.9967482
p01_d0_011,bird__truck,bird_to_truck,6733,5447,1,9,images/p01_d0_011.png,vit_b16,1,bird,shape,1,0.9998568
p01_d0_012,bird__truck,bird_to_truck,1109,7938,1,9,images/p01_d0_012.png,vit_b16,1,bird,shape,1,0.5020134
p01_d0_014,bird__truck,bird_to_truck,6805,5915,1,9,images/p01_d0_014.png,vit_b16,1,bird,shape,1,0.48406896
p01_d0_015,bird__truck,bird_to_truck,5092,303,1,9,images/p01_d0_015.png,vit_b16,1,bird,shape,1,0.97354
p01_d0_016,bird__truck,bird_to_truck,5560,2062,1,9,images/p01_d0_016.png,vit_b16,1,bird,shape,1,0.35130113
p01_d0_017,bird__truck,bird_to_truck,6349,7995,1,9,images/p01_d0_017.png,vit_b16,1,bird,shape,1,0.9991716
p01_d0_018,bird__truck,bird_to_truck,5256,1468,1,9,images/p01_d0_018.png,vit_b16,9,truck,texture,1,0.641536
p01_d0_020,bird__truck,bird_to_truck,2095,191,1,9,images/p01_d0_020.png,vit_b16,1,bird,shape,1,0.9849754
p01_d0_023,bird__truck,bird_to_truck,5488,5572,1,9,images/p01_d0_023.png,vit_b16,7,monkey,other,1,0.98009264
p01_d0_024,bird__truck,bird_to_truck,2687,7752,1,9,images/p01_d0_024.png,vit_b16,1,bird,shape,1,0.7998812
p01_d0_025,bird__truck,bird_to_truck,2070,5360,1,9,images/p01_d0_025.png,vit_b16,9,truck,texture,1,0.5087635
p01_d0_026,bird__truck,bird_to_truck,4640,5981,1,9,images/p01_d0_026.png,vit_b16,1,bird,shape,1,0.41566917
p01_d1_000,bird__truck,truck_to_bird,239,1090,9,1,images/p01_d1_000.png,vit_b16,9,truck,shape,9,0.998601
p01_d1_001,bird__truck,truck_to_bird,7938,5092,9,1,images/p01_d1_001.png,vit_b16,9,truck,shape,9,0.8957951
p01_d1_002,bird__truck,truck_to_bird,419,6938,9,1,images/p01_d1_002.png,vit_b16,9,truck,shape,9,0.9646266
p01_d1_004,bird__truck,truck_to_bird,2414,7033,9,1,images/p01_d1_004.png,vit_b16,1,bird,texture,9,0.67152435
p01_d1_005,bird__truck,truck_to_bird,5981,2157,9,1,images/p01_d1_005.png,vit_b16,1,bird,texture,9,0.30540925
p01_d1_006,bird__truck,truck_to_bird,1836,6349,9,1,images/p01_d1_006.png,vit_b16,2,car,other,9,0.9960265
p01_d1_007,bird__truck,truck_to_bird,5360,4640,9,1,images/p01_d1_007.png,vit_b16,2,car,other,9,0.84795904
p01_d1_009,bird__truck,truck_to_bird,1468,2690,9,1,images/p01_d1_009.png,vit_b16,9,truck,shape,9,0.87446684
p01_d1_010,bird__truck,truck_to_bird,3942,261,9,1,images/p01_d1_010.png,vit_b16,9,truck,shape,9,0.97868973
p01_d1_011,bird__truck,truck_to_bird,5508,6169,9,1,images/p01_d1_011.png,vit_b16,9,truck,shape,9,0.9286645
p01_d1_012,bird__truck,truck_to_bird,7380,5256,9,1,images/p01_d1_012.png,vit_b16,2,car,other,9,0.74187475
p01_d1_013,bird__truck,truck_to_bird,7266,2116,9,1,images/p01_d1_013.png,vit_b16,9,truck,shape,9,0.9839352
p01_d1_014,bird__truck,truck_to_bird,3318,2095,9,1,images/p01_d1_014.png,vit_b16,9,truck,shape,9,0.46936345
p01_d1_015,bird__truck,truck_to_bird,2114,2070,9,1,images/p01_d1_015.png,vit_b16,9,truck,shape,9,0.9771488
p01_d1_018,bird__truck,truck_to_bird,7544,6836,9,1,images/p01_d1_018.png,vit_b16,9,truck,shape,9,0.52347016
p01_d1_020,bird__truck,truck_to_bird,1411,3937,9,1,images/p01_d1_020.png,vit_b16,2,car,other,9,0.4177044
p01_d1_021,bird__truck,truck_to_bird,1654,2687,9,1,images/p01_d1_021.png,vit_b16,9,truck,shape,9,0.9609767
p01_d1_022,bird__truck,truck_to_bird,5452,1993,9,1,images/p01_d1_022.png,vit_b16,9,truck,shape,9,0.8289562
p01_d1_023,bird__truck,truck_to_bird,5788,1568,9,1,images/p01_d1_023.png,vit_b16,9,truck,shape,9,0.9279678
p01_d1_024,bird__truck,truck_to_bird,2062,2178,9,1,images/p01_d1_024.png,vit_b16,9,truck,shape,9,0.5243566
p02_d0_000,car__deer,car_to_deer,1814,7864,2,4,images/p02_d0_000.png,vit_b16,2,car,shape,2,0.9984351
p02_d0_001,car__deer,car_to_deer,3067,7610,2,4,images/p02_d0_001.png,vit_b16,2,car,shape,2,0.9994318
p02_d0_002,car__deer,car_to_deer,2392,3034,2,4,images/p02_d0_002.png,vit_b16,2,car,shape,2,0.99953556
p02_d0_004,car__deer,car_to_deer,483,5467,2,4,images/p02_d0_004.png,vit_b16,2,car,shape,2,0.9626597
p02_d0_005,car__deer,car_to_deer,5237,2757,2,4,images/p02_d0_005.png,vit_b16,2,car,shape,2,0.99907875
p02_d0_006,car__deer,car_to_deer,7425,3763,2,4,images/p02_d0_006.png,vit_b16,2,car,shape,2,0.99982184
p02_d0_007,car__deer,car_to_deer,3755,3287,2,4,images/p02_d0_007.png,vit_b16,2,car,shape,2,0.99795544
p02_d0_008,car__deer,car_to_deer,1202,1124,2,4,images/p02_d0_008.png,vit_b16,2,car,shape,2,0.9106143
p02_d0_009,car__deer,car_to_deer,2082,855,2,4,images/p02_d0_009.png,vit_b16,2,car,shape,2,0.9958407
p02_d0_010,car__deer,car_to_deer,4735,4740,2,4,images/p02_d0_010.png,vit_b16,2,car,shape,2,0.9961035
p02_d0_011,car__deer,car_to_deer,5218,5213,2,4,images/p02_d0_011.png,vit_b16,2,car,shape,2,0.99578345
p02_d0_013,car__deer,car_to_deer,2502,3078,2,4,images/p02_d0_013.png,vit_b16,2,car,shape,2,0.9872643
p02_d0_014,car__deer,car_to_deer,714,2898,2,4,images/p02_d0_014.png,vit_b16,2,car,shape,2,0.8947809
p02_d0_015,car__deer,car_to_deer,1839,6033,2,4,images/p02_d0_015.png,vit_b16,2,car,shape,2,0.9984224
p02_d0_016,car__deer,car_to_deer,6271,2399,2,4,images/p02_d0_016.png,vit_b16,2,car,shape,2,0.9941606
p02_d0_017,car__deer,car_to_deer,6244,1266,2,4,images/p02_d0_017.png,vit_b16,2,car,shape,2,0.37824303
p02_d0_018,car__deer,car_to_deer,5395,7940,2,4,images/p02_d0_018.png,vit_b16,2,car,shape,2,0.9998472
p02_d0_019,car__deer,car_to_deer,5824,5135,2,4,images/p02_d0_019.png,vit_b16,7,monkey,other,2,0.6535824
p02_d0_020,car__deer,car_to_deer,6503,3891,2,4,images/p02_d0_020.png,vit_b16,2,car,shape,2,0.9980147
p02_d0_021,car__deer,car_to_deer,6332,171,2,4,images/p02_d0_021.png,vit_b16,2,car,shape,2,0.99615896
p02_d1_000,car__deer,deer_to_car,3458,2082,4,2,images/p02_d1_000.png,vit_b16,4,deer,shape,4,0.98237073
p02_d1_001,car__deer,deer_to_car,2898,6616,4,2,images/p02_d1_001.png,vit_b16,4,deer,shape,4,0.99051887
p02_d1_002,car__deer,deer_to_car,3179,5824,4,2,images/p02_d1_002.png,vit_b16,4,deer,shape,4,0.5258482
p02_d1_003,car__deer,deer_to_car,3365,470,4,2,images/p02_d1_003.png,vit_b16,4,deer,shape,4,0.9876643
p02_d1_004,car__deer,deer_to_car,3763,4065,4,2,images/p02_d1_004.png,vit_b16,4,deer,shape,4,0.9951277
p02_d1_005,car__deer,deer_to_car,3512,1586,4,2,images/p02_d1_005.png,vit_b16,4,deer,shape,4,0.85587746
p02_d1_006,car__deer,deer_to_car,3122,1814,4,2,images/p02_d1_006.png,vit_b16,2,car,texture,4,0.36622223
p02_d1_007,car__deer,deer_to_car,5789,6028,4,2,images/p02_d1_007.png,vit_b16,4,deer,shape,4,0.9780002
p02_d1_008,car__deer,deer_to_car,5402,49,4,2,images/p02_d1_008.png,vit_b16,4,deer,shape,4,0.88074285
p02_d1_009,car__deer,deer_to_car,2399,5030,4,2,images/p02_d1_009.png,vit_b16,4,deer,shape,4,0.41030762
p02_d1_010,car__deer,deer_to_car,1960,1839,4,2,images/p02_d1_010.png,vit_b16,4,deer,shape,5,0.7585757
p02_d1_011,car__deer,deer_to_car,171,7084,4,2,images/p02_d1_011.png,vit_b16,0,airplane,other,4,0.5459355
p02_d1_012,car__deer,deer_to_car,5623,981,4,2,images/p02_d1_012.png,vit_b16,1,bird,other,4,0.99671113
p02_d1_013,car__deer,deer_to_car,5556,3024,4,2,images/p02_d1_013.png,vit_b16,4,deer,shape,4,0.9971724
p02_d1_014,car__deer,deer_to_car,6528,6503,4,2,images/p02_d1_014.png,vit_b16,4,deer,shape,4,0.9687687
p02_d1_015,car__deer,deer_to_car,7610,5318,4,2,images/p02_d1_015.png,vit_b16,4,deer,shape,4,0.99909973
p02_d1_017,car__deer,deer_to_car,2757,317,4,2,images/p02_d1_017.png,vit_b16,4,deer,shape,4,0.93769747
p02_d1_018,car__deer,deer_to_car,3034,3454,4,2,images/p02_d1_018.png,vit_b16,0,airplane,other,4,0.36972377
p02_d1_019,car__deer,deer_to_car,4629,5333,4,2,images/p02_d1_019.png,vit_b16,4,deer,shape,4,0.6774238
p02_d1_020,car__deer,deer_to_car,766,5756,4,2,images/p02_d1_020.png,vit_b16,2,car,texture,6,0.372565
p03_d0_001,dog__ship,dog_to_ship,3863,7138,5,8,images/p03_d0_001.png,vit_b16,5,dog,shape,5,0.9332162
p03_d0_002,dog__ship,dog_to_ship,4850,716,5,8,images/p03_d0_002.png,vit_b16,3,cat,other,5,0.8428181
p03_d0_003,dog__ship,dog_to_ship,6716,5525,5,8,images/p03_d0_003.png,vit_b16,0,airplane,other,6,0.9844295
p03_d0_004,dog__ship,dog_to_ship,3852,151,5,8,images/p03_d0_004.png,vit_b16,5,dog,shape,5,0.6321997
p03_d0_005,dog__ship,dog_to_ship,6989,7476,5,8,images/p03_d0_005.png,vit_b16,5,dog,shape,5,0.9837002
p03_d0_006,dog__ship,dog_to_ship,1626,7999,5,8,images/p03_d0_006.png,vit_b16,5,dog,shape,5,0.55160457
p03_d0_007,dog__ship,dog_to_ship,5332,739,5,8,images/p03_d0_007.png,vit_b16,6,horse,other,5,0.6397496
p03_d0_008,dog__ship,dog_to_ship,7130,4355,5,8,images/p03_d0_008.png,vit_b16,5,dog,shape,5,0.93101096
p03_d0_010,dog__ship,dog_to_ship,4570,1954,5,8,images/p03_d0_010.png,vit_b16,5,dog,shape,5,0.9639834
p03_d0_012,dog__ship,dog_to_ship,2334,4069,5,8,images/p03_d0_012.png,vit_b16,5,dog,shape,5,0.9696795
p03_d0_013,dog__ship,dog_to_ship,6224,1129,5,8,images/p03_d0_013.png,vit_b16,5,dog,shape,5,0.7784365
p03_d0_014,dog__ship,dog_to_ship,378,1640,5,8,images/p03_d0_014.png,vit_b16,5,dog,shape,5,0.9933088
p03_d0_016,dog__ship,dog_to_ship,1877,3015,5,8,images/p03_d0_016.png,vit_b16,4,deer,other,5,0.4172222
p03_d0_017,dog__ship,dog_to_ship,2265,7810,5,8,images/p03_d0_017.png,vit_b16,6,horse,other,5,0.76161724
p03_d0_018,dog__ship,dog_to_ship,6414,4177,5,8,images/p03_d0_018.png,vit_b16,1,bird,other,5,0.85103315
p03_d0_019,dog__ship,dog_to_ship,645,1247,5,8,images/p03_d0_019.png,vit_b16,5,dog,shape,5,0.8500971
p03_d0_021,dog__ship,dog_to_ship,5101,4552,5,8,images/p03_d0_021.png,vit_b16,2,car,other,2,0.4525766
p03_d0_022,dog__ship,dog_to_ship,4106,2745,5,8,images/p03_d0_022.png,vit_b16,0,airplane,other,5,0.24933977
p03_d0_023,dog__ship,dog_to_ship,5496,2844,5,8,images/p03_d0_023.png,vit_b16,5,dog,shape,5,0.859226
p03_d0_025,dog__ship,dog_to_ship,7706,4662,5,8,images/p03_d0_025.png,vit_b16,5,dog,shape,5,0.46867403
p03_d1_000,dog__ship,ship_to_dog,3157,4106,8,5,images/p03_d1_000.png,vit_b16,1,bird,other,8,0.40648535
p03_d1_002,dog__ship,ship_to_dog,1247,6922,8,5,images/p03_d1_002.png,vit_b16,8,ship,shape,8,0.84990895
p03_d1_003,dog__ship,ship_to_dog,7460,97,8,5,images/p03_d1_003.png,vit_b16,8,ship,shape,8,0.6492301
p03_d1_004,dog__ship,ship_to_dog,7875,1552,8,5,images/p03_d1_004.png,vit_b16,8,ship,shape,8,0.85973537
p03_d1_005,dog__ship,ship_to_dog,2109,3863,8,5,images/p03_d1_005.png,vit_b16,8,ship,shape,8,0.9969381
p03_d1_006,dog__ship,ship_to_dog,194,1644,8,5,images/p03_d1_006.png,vit_b16,8,ship,shape,8,0.8916783
p03_d1_007,dog__ship,ship_to_dog,6689,3353,8,5,images/p03_d1_007.png,vit_b16,8,ship,shape,8,0.96185845
p03_d1_008,dog__ship,ship_to_dog,4676,5381,8,5,images/p03_d1_008.png,vit_b16,8,ship,shape,8,0.99971694
p03_d1_009,dog__ship,ship_to_dog,4069,7706,8,5,images/p03_d1_009.png,vit_b16,4,deer,other,8,0.354976
p03_d1_010,dog__ship,ship_to_dog,1833,2766,8,5,images/p03_d1_010.png,vit_b16,8,ship,shape,8,0.9656497
p03_d1_011,dog__ship,ship_to_dog,7476,2458,8,5,images/p03_d1_011.png,vit_b16,8,ship,shape,8,0.6912199
p03_d1_012,dog__ship,ship_to_dog,7446,4850,8,5,images/p03_d1_012.png,vit_b16,8,ship,shape,8,0.44524986
p03_d1_013,dog__ship,ship_to_dog,7810,7776,8,5,images/p03_d1_013.png,vit_b16,8,ship,shape,8,0.99712974
p03_d1_014,dog__ship,ship_to_dog,7138,1877,8,5,images/p03_d1_014.png,vit_b16,4,deer,other,8,0.6097809
p03_d1_015,dog__ship,ship_to_dog,2230,6358,8,5,images/p03_d1_015.png,vit_b16,8,ship,shape,8,0.99330336
p03_d1_016,dog__ship,ship_to_dog,5000,4290,8,5,images/p03_d1_016.png,vit_b16,4,deer,other,8,0.24282403
p03_d1_017,dog__ship,ship_to_dog,7999,1626,8,5,images/p03_d1_017.png,vit_b16,8,ship,shape,8,0.7892813
p03_d1_018,dog__ship,ship_to_dog,1129,2334,8,5,images/p03_d1_018.png,vit_b16,9,truck,other,8,0.8773287
p03_d1_019,dog__ship,ship_to_dog,3948,6224,8,5,images/p03_d1_019.png,vit_b16,8,ship,shape,8,0.6040769
p03_d1_020,dog__ship,ship_to_dog,2191,319,8,5,images/p03_d1_020.png,vit_b16,3,cat,other,8,0.28776613
p04_d0_001,horse__monkey,horse_to_monkey,3191,3288,6,7,images/p04_d0_001.png,vit_b16,6,horse,shape,6,0.9973463
p04_d0_002,horse__monkey,horse_to_monkey,890,4748,6,7,images/p04_d0_002.png,vit_b16,6,horse,shape,6,0.9387246
p04_d0_004,horse__monkey,horse_to_monkey,7779,4403,6,7,images/p04_d0_004.png,vit_b16,6,horse,shape,6,0.99520135
p04_d0_005,horse__monkey,horse_to_monkey,3962,1927,6,7,images/p04_d0_005.png,vit_b16,6,horse,shape,6,0.99863476
p04_d0_006,horse__monkey,horse_to_monkey,6381,1956,6,7,images/p04_d0_006.png,vit_b16,6,horse,shape,6,0.9996513
p04_d0_007,horse__monkey,horse_to_monkey,4746,1579,6,7,images/p04_d0_007.png,vit_b16,6,horse,shape,6,0.9601939
p04_d0_011,horse__monkey,horse_to_monkey,7996,1032,6,7,images/p04_d0_011.png,vit_b16,6,horse,shape,6,0.99981374
p04_d0_014,horse__monkey,horse_to_monkey,1667,370,6,7,images/p04_d0_014.png,vit_b16,6,horse,shape,6,0.99595475
p04_d0_015,horse__monkey,horse_to_monkey,545,5977,6,7,images/p04_d0_015.png,vit_b16,6,horse,shape,6,0.9970482
p04_d0_016,horse__monkey,horse_to_monkey,4754,4172,6,7,images/p04_d0_016.png,vit_b16,6,horse,shape,6,0.999703
p04_d0_017,horse__monkey,horse_to_monkey,4341,1884,6,7,images/p04_d0_017.png,vit_b16,6,horse,shape,6,0.9988618
p04_d0_018,horse__monkey,horse_to_monkey,3844,3542,6,7,images/p04_d0_018.png,vit_b16,6,horse,shape,6,0.9103219
p04_d0_019,horse__monkey,horse_to_monkey,4411,1296,6,7,images/p04_d0_019.png,vit_b16,6,horse,shape,6,0.997216
p04_d0_020,horse__monkey,horse_to_monkey,4093,2668,6,7,images/p04_d0_020.png,vit_b16,6,horse,shape,6,0.9341151
p04_d0_023,horse__monkey,horse_to_monkey,3779,1440,6,7,images/p04_d0_023.png,vit_b16,6,horse,shape,6,0.8652405
p04_d0_026,horse__monkey,horse_to_monkey,4620,6726,6,7,images/p04_d0_026.png,vit_b16,6,horse,shape,6,0.8124495
p04_d0_027,horse__monkey,horse_to_monkey,449,1771,6,7,images/p04_d0_027.png,vit_b16,6,horse,shape,6,0.9538478
p04_d0_028,horse__monkey,horse_to_monkey,4827,7270,6,7,images/p04_d0_028.png,vit_b16,1,bird,other,6,0.5422122
p04_d0_029,horse__monkey,horse_to_monkey,2958,7835,6,7,images/p04_d0_029.png,vit_b16,6,horse,shape,6,0.9995677
p04_d0_030,horse__monkey,horse_to_monkey,3418,3867,6,7,images/p04_d0_030.png,vit_b16,6,horse,shape,6,0.99361646
p04_d1_000,horse__monkey,monkey_to_horse,1220,4754,7,6,images/p04_d1_000.png,vit_b16,7,monkey,shape,7,0.998933
p04_d1_002,horse__monkey,monkey_to_horse,5450,7600,7,6,images/p04_d1_002.png,vit_b16,7,monkey,shape,7,0.99687153
p04_d1_003,horse__monkey,monkey_to_horse,4236,1667,7,6,images/p04_d1_003.png,vit_b16,7,monkey,shape,7,0.99990225
p04_d1_004,horse__monkey,monkey_to_horse,1956,3494,7,6,images/p04_d1_004.png,vit_b16,3,cat,other,7,0.56279725
p04_d1_005,horse__monkey,monkey_to_horse,1440,4620,7,6,images/p04_d1_005.png,vit_b16,7,monkey,shape,7,0.9999684
p04_d1_006,horse__monkey,monkey_to_horse,6084,4341,7,6,images/p04_d1_006.png,vit_b16,7,monkey,shape,7,0.9997085
p04_d1_007,horse__monkey,monkey_to_horse,6650,3962,7,6,images/p04_d1_007.png,vit_b16,7,monkey,shape,7,0.9874451
p04_d1_008,horse__monkey,monkey_to_horse,7270,5408,7,6,images/p04_d1_008.png,vit_b16,7,monkey,shape,7,0.99989843
p04_d1_009,horse__monkey,monkey_to_horse,1296,4827,7,6,images/p04_d1_009.png,vit_b16,1,bird,other,7,0.61228925
p04_d1_010,horse__monkey,monkey_to_horse,1048,7108,7,6,images/p04_d1_010.png,vit_b16,1,bird,other,7,0.5123471
p04_d1_011,horse__monkey,monkey_to_horse,3467,4746,7,6,images/p04_d1_011.png,vit_b16,7,monkey,shape,7,0.49742836
p04_d1_012,horse__monkey,monkey_to_horse,2854,3292,7,6,images/p04_d1_012.png,vit_b16,7,monkey,shape,7,0.97939
p04_d1_013,horse__monkey,monkey_to_horse,3404,890,7,6,images/p04_d1_013.png,vit_b16,7,monkey,shape,7,0.9987953
p04_d1_014,horse__monkey,monkey_to_horse,6726,3777,7,6,images/p04_d1_014.png,vit_b16,7,monkey,shape,7,0.99995863
p04_d1_015,horse__monkey,monkey_to_horse,3288,4731,7,6,images/p04_d1_015.png,vit_b16,7,monkey,shape,7,0.9993249
p04_d1_017,horse__monkey,monkey_to_horse,1473,545,7,6,images/p04_d1_017.png,vit_b16,7,monkey,shape,7,0.9996055
p04_d1_018,horse__monkey,monkey_to_horse,1771,2958,7,6,images/p04_d1_018.png,vit_b16,9,truck,other,7,0.7621657
p04_d1_019,horse__monkey,monkey_to_horse,5436,2676,7,6,images/p04_d1_019.png,vit_b16,7,monkey,shape,7,0.99936754
p04_d1_020,horse__monkey,monkey_to_horse,1579,3191,7,6,images/p04_d1_020.png,vit_b16,7,monkey,shape,7,0.9953751
p04_d1_021,horse__monkey,monkey_to_horse,5719,3844,7,6,images/p04_d1_021.png,vit_b16,7,monkey,shape,7,0.9993218
p00_d0_001,airplane__cat,airplane_to_cat,4399,4609,0,3,images/p00_d0_001.png,clip_b32,0,airplane,shape,0,0.13827446
p00_d0_002,airplane__cat,airplane_to_cat,7262,3914,0,3,images/p00_d0_002.png,clip_b32,0,airplane,shape,0,0.14947145
p00_d0_003,airplane__cat,airplane_to_cat,7150,7416,0,3,images/p00_d0_003.png,clip_b32,0,airplane,shape,0,0.13535511
p00_d0_004,airplane__cat,airplane_to_cat,7009,4463,0,3,images/p00_d0_004.png,clip_b32,0,airplane,shape,0,0.16488464
p00_d0_005,airplane__cat,airplane_to_cat,7634,7744,0,3,images/p00_d0_005.png,clip_b32,0,airplane,shape,0,0.24007395
p00_d0_006,airplane__cat,airplane_to_cat,1648,3375,0,3,images/p00_d0_006.png,clip_b32,0,airplane,shape,0,0.21038325
p00_d0_007,airplane__cat,airplane_to_cat,6437,4531,0,3,images/p00_d0_007.png,clip_b32,0,airplane,shape,0,0.25221512
p00_d0_009,airplane__cat,airplane_to_cat,5918,4330,0,3,images/p00_d0_009.png,clip_b32,0,airplane,shape,0,0.2026904
p00_d0_010,airplane__cat,airplane_to_cat,2888,1263,0,3,images/p00_d0_010.png,clip_b32,0,airplane,shape,0,0.21568881
p00_d0_011,airplane__cat,airplane_to_cat,562,3276,0,3,images/p00_d0_011.png,clip_b32,1,bird,other,0,0.12896205
p00_d0_013,airplane__cat,airplane_to_cat,81,1370,0,3,images/p00_d0_013.png,clip_b32,0,airplane,shape,0,0.2260453
p00_d0_014,airplane__cat,airplane_to_cat,3965,4023,0,3,images/p00_d0_014.png,clip_b32,1,bird,other,0,0.1447893
p00_d0_015,airplane__cat,airplane_to_cat,6609,176,0,3,images/p00_d0_015.png,clip_b32,0,airplane,shape,0,0.18337774
p00_d0_016,airplane__cat,airplane_to_cat,1977,4908,0,3,images/p00_d0_016.png,clip_b32,0,airplane,shape,0,0.14873028
p00_d0_018,airplane__cat,airplane_to_cat,7309,3562,0,3,images/p00_d0_018.png,clip_b32,0,airplane,shape,0,0.20639418
p00_d0_019,airplane__cat,airplane_to_cat,4785,365,0,3,images/p00_d0_019.png,clip_b32,0,airplane,shape,0,0.21855853
p00_d0_020,airplane__cat,airplane_to_cat,1175,7793,0,3,images/p00_d0_020.png,clip_b32,0,airplane,shape,0,0.13916385
p00_d0_021,airplane__cat,airplane_to_cat,6455,979,0,3,images/p00_d0_021.png,clip_b32,0,airplane,shape,0,0.18162496
p00_d0_023,airplane__cat,airplane_to_cat,4615,2754,0,3,images/p00_d0_023.png,clip_b32,0,airplane,shape,0,0.20271377
p00_d0_024,airplane__cat,airplane_to_cat,3876,4881,0,3,images/p00_d0_024.png,clip_b32,0,airplane,shape,0,0.13590102
p00_d1_000,airplane__cat,cat_to_airplane,4168,2242,3,0,images/p00_d1_000.png,clip_b32,3,cat,shape,3,0.13154669
p00_d1_001,airplane__cat,cat_to_airplane,3914,7320,3,0,images/p00_d1_001.png,clip_b32,3,cat,shape,3,0.20424868
p00_d1_002,airplane__cat,cat_to_airplane,1370,2888,3,0,images/p00_d1_002.png,clip_b32,1,bird,other,3,0.13297097
p00_d1_003,airplane__cat,cat_to_airplane,2539,4539,3,0,images/p00_d1_003.png,clip_b32,1,bird,other,3,0.14405477
p00_d1_004,airplane__cat,cat_to_airplane,672,1648,3,0,images/p00_d1_004.png,clip_b32,3,cat,shape,3,0.16164619
p00_d1_007,airplane__cat,cat_to_airplane,7416,3025,3,0,images/p00_d1_007.png,clip_b32,3,cat,shape,3,0.12584642
p00_d1_008,airplane__cat,cat_to_airplane,4330,3455,3,0,images/p00_d1_008.png,clip_b32,3,cat,shape,5,0.12830253
p00_d1_009,airplane__cat,cat_to_airplane,4215,7009,3,0,images/p00_d1_009.png,clip_b32,3,cat,shape,3,0.114050925
p00_d1_010,airplane__cat,cat_to_airplane,391,7465,3,0,images/p00_d1_010.png,clip_b32,1,bird,other,3,0.11910126
p00_d1_012,airplane__cat,cat_to_airplane,738,1389,3,0,images/p00_d1_012.png,clip_b32,3,cat,shape,3,0.11586299
p00_d1_013,airplane__cat,cat_to_airplane,3778,1553,3,0,images/p00_d1_013.png,clip_b32,3,cat,shape,3,0.19389832
p00_d1_014,airplane__cat,cat_to_airplane,3851,6609,3,0,images/p00_d1_014.png,clip_b32,3,cat,shape,3,0.14448227
p00_d1_015,airplane__cat,cat_to_airplane,1204,5918,3,0,images/p00_d1_015.png,clip_b32,3,cat,shape,3,0.1512359
p00_d1_016,airplane__cat,cat_to_airplane,632,7262,3,0,images/p00_d1_016.png,clip_b32,3,cat,shape,3,0.20555657
p00_d1_017,airplane__cat,cat_to_airplane,4881,7309,3,0,images/p00_d1_017.png,clip_b32,1,bird,other,3,0.12371356
p00_d1_018,airplane__cat,cat_to_airplane,2536,6986,3,0,images/p00_d1_018.png,clip_b32,1,bird,other,3,0.12704854
p00_d1_022,airplane__cat,cat_to_airplane,791,4617,3,0,images/p00_d1_022.png,clip_b32,3,cat,shape,3,0.23354213
p00_d1_024,airplane__cat,cat_to_airplane,1531,7372,3,0,images/p00_d1_024.png,clip_b32,3,cat,shape,3,0.14455518
p00_d1_026,airplane__cat,cat_to_airplane,6952,81,3,0,images/p00_d1_026.png,clip_b32,3,cat,shape,3,0.11195923
p00_d1_028,airplane__cat,cat_to_airplane,677,484,3,0,images/p00_d1_028.png,clip_b32,3,cat,shape,3,0.22541599
p01_d0_000,bird__truck,bird_to_truck,7202,6931,1,9,images/p01_d0_000.png,clip_b32,1,bird,shape,1,0.19222598
p01_d0_002,bird__truck,bird_to_truck,7033,1515,1,9,images/p01_d0_002.png,clip_b32,9,truck,texture,1,0.11573683
p01_d0_004,bird__truck,bird_to_truck,3937,2011,1,9,images/p01_d0_004.png,clip_b32,1,bird,shape,1,0.25377995
p01_d0_005,bird__truck,bird_to_truck,6594,7544,1,9,images/p01_d0_005.png,clip_b32,1,bird,shape,1,0.13590324
p01_d0_006,bird__truck,bird_to_truck,1986,2114,1,9,images/p01_d0_006.png,clip_b32,1,bird,shape,1,0.13011588
p01_d0_008,bird__truck,bird_to_truck,116,4094,1,9,images/p01_d0_008.png,clip_b32,1,bird,shape,1,0.17365304
p01_d0_009,bird__truck,bird_to_truck,1852,3318,1,9,images/p01_d0_009.png,clip_b32,1,bird,shape,1,0.24079928
p01_d0_010,bird__truck,bird_to_truck,1993,4449,1,9,images/p01_d0_010.png,clip_b32,1,bird,shape,1,0.22540507
p01_d0_011,bird__truck,bird_to_truck,6733,5447,1,9,images/p01_d0_011.png,clip_b32,1,bird,shape,1,0.18094821
p01_d0_012,bird__truck,bird_to_truck,1109,7938,1,9,images/p01_d0_012.png,clip_b32,0,airplane,other,1,0.14762631
p01_d0_014,bird__truck,bird_to_truck,6805,5915,1,9,images/p01_d0_014.png,clip_b32,1,bird,shape,1,0.16547161
p01_d0_015,bird__truck,bird_to_truck,5092,303,1,9,images/p01_d0_015.png,clip_b32,1,bird,shape,1,0.20506771
p01_d0_016,bird__truck,bird_to_truck,5560,2062,1,9,images/p01_d0_016.png,clip_b32,1,bird,shape,1,0.112097256
p01_d0_017,bird__truck,bird_to_truck,6349,7995,1,9,images/p01_d0_017.png,clip_b32,1,bird,shape,1,0.14351471
p01_d0_018,bird__truck,bird_to_truck,5256,1468,1,9,images/p01_d0_018.png,clip_b32,1,bird,shape,1,0.119246505
p01_d0_020,bird__truck,bird_to_truck,2095,191,1,9,images/p01_d0_020.png,clip_b32,1,bird,shape,1,0.21091138
p01_d0_023,bird__truck,bird_to_truck,5488,5572,1,9,images/p01_d0_023.png,clip_b32,1,bird,shape,1,0.14616594
p01_d0_024,bird__truck,bird_to_truck,2687,7752,1,9,images/p01_d0_024.png,clip_b32,1,bird,shape,1,0.109955825
p01_d0_025,bird__truck,bird_to_truck,2070,5360,1,9,images/p01_d0_025.png,clip_b32,9,truck,texture,1,0.13025725
p01_d0_026,bird__truck,bird_to_truck,4640,5981,1,9,images/p01_d0_026.png,clip_b32,1,bird,shape,1,0.12565924
p01_d1_000,bird__truck,truck_to_bird,239,1090,9,1,images/p01_d1_000.png,clip_b32,9,truck,shape,9,0.227102
p01_d1_001,bird__truck,truck_to_bird,7938,5092,9,1,images/p01_d1_001.png,clip_b32,9,truck,shape,9,0.14433962
p01_d1_002,bird__truck,truck_to_bird,419,6938,9,1,images/p01_d1_002.png,clip_b32,9,truck,shape,9,0.17227143
p01_d1_004,bird__truck,truck_to_bird,2414,7033,9,1,images/p01_d1_004.png,clip_b32,9,truck,shape,9,0.13802387
p01_d1_005,bird__truck,truck_to_bird,5981,2157,9,1,images/p01_d1_005.png,clip_b32,9,truck,shape,9,0.12457404
p01_d1_006,bird__truck,truck_to_bird,1836,6349,9,1,images/p01_d1_006.png,clip_b32,9,truck,shape,9,0.14115013
p01_d1_007,bird__truck,truck_to_bird,5360,4640,9,1,images/p01_d1_007.png,clip_b32,9,truck,shape,9,0.17534435
p01_d1_009,bird__truck,truck_to_bird,1468,2690,9,1,images/p01_d1_009.png,clip_b32,9,truck,shape,9,0.14715052
p01_d1_010,bird__truck,truck_to_bird,3942,261,9,1,images/p01_d1_010.png,clip_b32,9,truck,shape,9,0.197699
p01_d1_011,bird__truck,truck_to_bird,5508,6169,9,1,images/p01_d1_011.png,clip_b32,9,truck,shape,9,0.20704515
p01_d1_012,bird__truck,truck_to_bird,7380,5256,9,1,images/p01_d1_012.png,clip_b32,9,truck,shape,9,0.2107701
p01_d1_013,bird__truck,truck_to_bird,7266,2116,9,1,images/p01_d1_013.png,clip_b32,9,truck,shape,9,0.1765849
p01_d1_014,bird__truck,truck_to_bird,3318,2095,9,1,images/p01_d1_014.png,clip_b32,3,cat,other,9,0.11379656
p01_d1_015,bird__truck,truck_to_bird,2114,2070,9,1,images/p01_d1_015.png,clip_b32,9,truck,shape,9,0.18766962
p01_d1_018,bird__truck,truck_to_bird,7544,6836,9,1,images/p01_d1_018.png,clip_b32,9,truck,shape,9,0.117401324
p01_d1_020,bird__truck,truck_to_bird,1411,3937,9,1,images/p01_d1_020.png,clip_b32,9,truck,shape,9,0.12158168
p01_d1_021,bird__truck,truck_to_bird,1654,2687,9,1,images/p01_d1_021.png,clip_b32,9,truck,shape,9,0.2052017
p01_d1_022,bird__truck,truck_to_bird,5452,1993,9,1,images/p01_d1_022.png,clip_b32,9,truck,shape,9,0.11860427
p01_d1_023,bird__truck,truck_to_bird,5788,1568,9,1,images/p01_d1_023.png,clip_b32,9,truck,shape,9,0.11990147
p01_d1_024,bird__truck,truck_to_bird,2062,2178,9,1,images/p01_d1_024.png,clip_b32,9,truck,shape,9,0.19734144
p02_d0_000,car__deer,car_to_deer,1814,7864,2,4,images/p02_d0_000.png,clip_b32,2,car,shape,2,0.15236823
p02_d0_001,car__deer,car_to_deer,3067,7610,2,4,images/p02_d0_001.png,clip_b32,2,car,shape,2,0.19283895
p02_d0_002,car__deer,car_to_deer,2392,3034,2,4,images/p02_d0_002.png,clip_b32,2,car,shape,2,0.20813252
p02_d0_004,car__deer,car_to_deer,483,5467,2,4,images/p02_d0_004.png,clip_b32,2,car,shape,2,0.15498587
p02_d0_005,car__deer,car_to_deer,5237,2757,2,4,images/p02_d0_005.png,clip_b32,2,car,shape,2,0.18223146
p02_d0_006,car__deer,car_to_deer,7425,3763,2,4,images/p02_d0_006.png,clip_b32,2,car,shape,2,0.19161613
p02_d0_007,car__deer,car_to_deer,3755,3287,2,4,images/p02_d0_007.png,clip_b32,2,car,shape,2,0.21691242
p02_d0_008,car__deer,car_to_deer,1202,1124,2,4,images/p02_d0_008.png,clip_b32,2,car,shape,2,0.20909934
p02_d0_009,car__deer,car_to_deer,2082,855,2,4,images/p02_d0_009.png,clip_b32,2,car,shape,2,0.15097092
p02_d0_010,car__deer,car_to_deer,4735,4740,2,4,images/p02_d0_010.png,clip_b32,2,car,shape,2,0.17827506
p02_d0_011,car__deer,car_to_deer,5218,5213,2,4,images/p02_d0_011.png,clip_b32,2,car,shape,2,0.213042
p02_d0_013,car__deer,car_to_deer,2502,3078,2,4,images/p02_d0_013.png,clip_b32,2,car,shape,2,0.15214041
p02_d0_014,car__deer,car_to_deer,714,2898,2,4,images/p02_d0_014.png,clip_b32,2,car,shape,2,0.156851
p02_d0_015,car__deer,car_to_deer,1839,6033,2,4,images/p02_d0_015.png,clip_b32,2,car,shape,2,0.18617703
p02_d0_016,car__deer,car_to_deer,6271,2399,2,4,images/p02_d0_016.png,clip_b32,2,car,shape,2,0.21330382
p02_d0_017,car__deer,car_to_deer,6244,1266,2,4,images/p02_d0_017.png,clip_b32,2,car,shape,2,0.1484151
p02_d0_018,car__deer,car_to_deer,5395,7940,2,4,images/p02_d0_018.png,clip_b32,2,car,shape,2,0.2096756
p02_d0_019,car__deer,car_to_deer,5824,5135,2,4,images/p02_d0_019.png,clip_b32,1,bird,other,2,0.114037454
p02_d0_020,car__deer,car_to_deer,6503,3891,2,4,images/p02_d0_020.png,clip_b32,9,truck,other,2,0.13388798
p02_d0_021,car__deer,car_to_deer,6332,171,2,4,images/p02_d0_021.png,clip_b32,2,car,shape,2,0.14354189
p02_d1_000,car__deer,deer_to_car,3458,2082,4,2,images/p02_d1_000.png,clip_b32,4,deer,shape,4,0.21332656
p02_d1_001,car__deer,deer_to_car,2898,6616,4,2,images/p02_d1_001.png,clip_b32,4,deer,shape,4,0.25919867
p02_d1_002,car__deer,deer_to_car,3179,5824,4,2,images/p02_d1_002.png,clip_b32,4,deer,shape,4,0.14045532
p02_d1_003,car__deer,deer_to_car,3365,470,4,2,images/p02_d1_003.png,clip_b32,4,deer,shape,4,0.13361916
p02_d1_004,car__deer,deer_to_car,3763,4065,4,2,images/p02_d1_004.png,clip_b32,4,deer,shape,4,0.23012537
p02_d1_005,car__deer,deer_to_car,3512,1586,4,2,images/p02_d1_005.png,clip_b32,4,deer,shape,4,0.13307069
p02_d1_006,car__deer,deer_to_car,3122,1814,4,2,images/p02_d1_006.png,clip_b32,7,monkey,other,4,0.11939007
p02_d1_007,car__deer,deer_to_car,5789,6028,4,2,images/p02_d1_007.png,clip_b32,4,deer,shape,4,0.15525211
p02_d1_008,car__deer,deer_to_car,5402,49,4,2,images/p02_d1_008.png,clip_b32,4,deer,shape,4,0.11870439
p02_d1_009,car__deer,deer_to_car,2399,5030,4,2,images/p02_d1_009.png,clip_b32,0,airplane,other,4,0.11756578
p02_d1_010,car__deer,deer_to_car,1960,1839,4,2,images/p02_d1_010.png,clip_b32,7,monkey,other,4,0.119634084
p02_d1_011,car__deer,deer_to_car,171,7084,4,2,images/p02_d1_011.png,clip_b32,4,deer,shape,4,0.14101115
p02_d1_012,car__deer,deer_to_car,5623,981,4,2,images/p02_d1_012.png,clip_b32,1,bird,other,4,0.11435096
p02_d1_013,car__deer,deer_to_car,5556,3024,4,2,images/p02_d1_013.png,clip_b32,4,deer,shape,4,0.2713554
p02_d1_014,car__deer,deer_to_car,6528,6503,4,2,images/p02_d1_014.png,clip_b32,4,deer,shape,4,0.15015613
p02_d1_015,car__deer,deer_to_car,7610,5318,4,2,images/p02_d1_015.png,clip_b32,4,deer,shape,4,0.14887325
p02_d1_017,car__deer,deer_to_car,2757,317,4,2,images/p02_d1_017.png,clip_b32,4,deer,shape,4,0.24119829
p02_d1_018,car__deer,deer_to_car,3034,3454,4,2,images/p02_d1_018.png,clip_b32,4,deer,shape,4,0.21650459
p02_d1_019,car__deer,deer_to_car,4629,5333,4,2,images/p02_d1_019.png,clip_b32,1,bird,other,4,0.12289732
p02_d1_020,car__deer,deer_to_car,766,5756,4,2,images/p02_d1_020.png,clip_b32,9,truck,other,6,0.10888723
p03_d0_001,dog__ship,dog_to_ship,3863,7138,5,8,images/p03_d0_001.png,clip_b32,7,monkey,other,5,0.17953445
p03_d0_002,dog__ship,dog_to_ship,4850,716,5,8,images/p03_d0_002.png,clip_b32,3,cat,other,5,0.16571368
p03_d0_003,dog__ship,dog_to_ship,6716,5525,5,8,images/p03_d0_003.png,clip_b32,3,cat,other,5,0.11853194
p03_d0_004,dog__ship,dog_to_ship,3852,151,5,8,images/p03_d0_004.png,clip_b32,3,cat,other,5,0.12999679
p03_d0_005,dog__ship,dog_to_ship,6989,7476,5,8,images/p03_d0_005.png,clip_b32,6,horse,other,5,0.15068911
p03_d0_006,dog__ship,dog_to_ship,1626,7999,5,8,images/p03_d0_006.png,clip_b32,7,monkey,other,5,0.12840688
p03_d0_007,dog__ship,dog_to_ship,5332,739,5,8,images/p03_d0_007.png,clip_b32,5,dog,shape,5,0.2105634
p03_d0_008,dog__ship,dog_to_ship,7130,4355,5,8,images/p03_d0_008.png,clip_b32,5,dog,shape,5,0.18648481
p03_d0_010,dog__ship,dog_to_ship,4570,1954,5,8,images/p03_d0_010.png,clip_b32,3,cat,other,5,0.13305654
p03_d0_012,dog__ship,dog_to_ship,2334,4069,5,8,images/p03_d0_012.png,clip_b32,5,dog,shape,5,0.2457919
p03_d0_013,dog__ship,dog_to_ship,6224,1129,5,8,images/p03_d0_013.png,clip_b32,5,dog,shape,5,0.16597177
p03_d0_014,dog__ship,dog_to_ship,378,1640,5,8,images/p03_d0_014.png,clip_b32,3,cat,other,5,0.13659647
p03_d0_016,dog__ship,dog_to_ship,1877,3015,5,8,images/p03_d0_016.png,clip_b32,3,cat,other,5,0.12380664
p03_d0_017,dog__ship,dog_to_ship,2265,7810,5,8,images/p03_d0_017.png,clip_b32,5,dog,shape,5,0.13201693
p03_d0_018,dog__ship,dog_to_ship,6414,4177,5,8,images/p03_d0_018.png,clip_b32,1,bird,other,5,0.11347399
p03_d0_019,dog__ship,dog_to_ship,645,1247,5,8,images/p03_d0_019.png,clip_b32,5,dog,shape,5,0.17981397
p03_d0_021,dog__ship,dog_to_ship,5101,4552,5,8,images/p03_d0_021.png,clip_b32,5,dog,shape,5,0.20429905
p03_d0_022,dog__ship,dog_to_ship,4106,2745,5,8,images/p03_d0_022.png,clip_b32,3,cat,other,5,0.1153965
p03_d0_023,dog__ship,dog_to_ship,5496,2844,5,8,images/p03_d0_023.png,clip_b32,5,dog,shape,5,0.20592935
p03_d0_025,dog__ship,dog_to_ship,7706,4662,5,8,images/p03_d0_025.png,clip_b32,5,dog,shape,5,0.15936163
p03_d1_000,dog__ship,ship_to_dog,3157,4106,8,5,images/p03_d1_000.png,clip_b32,9,truck,other,8,0.12826954
p03_d1_002,dog__ship,ship_to_dog,1247,6922,8,5,images/p03_d1_002.png,clip_b32,9,truck,other,8,0.13006955
p03_d1_003,dog__ship,ship_to_dog,7460,97,8,5,images/p03_d1_003.png,clip_b32,9,truck,other,8,0.13941588
p03_d1_004,dog__ship,ship_to_dog,7875,1552,8,5,images/p03_d1_004.png,clip_b32,8,ship,shape,8,0.19172357
p03_d1_005,dog__ship,ship_to_dog,2109,3863,8,5,images/p03_d1_005.png,clip_b32,8,ship,shape,8,0.14338845
p03_d1_006,dog__ship,ship_to_dog,194,1644,8,5,images/p03_d1_006.png,clip_b32,8,ship,shape,8,0.16549312
p03_d1_007,dog__ship,ship_to_dog,6689,3353,8,5,images/p03_d1_007.png,clip_b32,9,truck,other,8,0.12427545
p03_d1_008,dog__ship,ship_to_dog,4676,5381,8,5,images/p03_d1_008.png,clip_b32,8,ship,shape,8,0.19486599
p03_d1_009,dog__ship,ship_to_dog,4069,7706,8,5,images/p03_d1_009.png,clip_b32,8,ship,shape,8,0.13489969
p03_d1_010,dog__ship,ship_to_dog,1833,2766,8,5,images/p03_d1_010.png,clip_b32,9,truck,other,8,0.1211057
p03_d1_011,dog__ship,ship_to_dog,7476,2458,8,5,images/p03_d1_011.png,clip_b32,8,ship,shape,8,0.14439145
p03_d1_012,dog__ship,ship_to_dog,7446,4850,8,5,images/p03_d1_012.png,clip_b32,8,ship,shape,8,0.13884687
p03_d1_013,dog__ship,ship_to_dog,7810,7776,8,5,images/p03_d1_013.png,clip_b32,8,ship,shape,8,0.15487659
p03_d1_014,dog__ship,ship_to_dog,7138,1877,8,5,images/p03_d1_014.png,clip_b32,9,truck,other,8,0.11557321
p03_d1_015,dog__ship,ship_to_dog,2230,6358,8,5,images/p03_d1_015.png,clip_b32,8,ship,shape,8,0.22258398
p03_d1_016,dog__ship,ship_to_dog,5000,4290,8,5,images/p03_d1_016.png,clip_b32,6,horse,other,8,0.11035416
p03_d1_017,dog__ship,ship_to_dog,7999,1626,8,5,images/p03_d1_017.png,clip_b32,8,ship,shape,8,0.14211139
p03_d1_018,dog__ship,ship_to_dog,1129,2334,8,5,images/p03_d1_018.png,clip_b32,8,ship,shape,8,0.11279945
p03_d1_019,dog__ship,ship_to_dog,3948,6224,8,5,images/p03_d1_019.png,clip_b32,8,ship,shape,8,0.13973044
p03_d1_020,dog__ship,ship_to_dog,2191,319,8,5,images/p03_d1_020.png,clip_b32,3,cat,other,8,0.11414287
p04_d0_001,horse__monkey,horse_to_monkey,3191,3288,6,7,images/p04_d0_001.png,clip_b32,6,horse,shape,6,0.21874009
p04_d0_002,horse__monkey,horse_to_monkey,890,4748,6,7,images/p04_d0_002.png,clip_b32,7,monkey,texture,6,0.15807518
p04_d0_004,horse__monkey,horse_to_monkey,7779,4403,6,7,images/p04_d0_004.png,clip_b32,6,horse,shape,6,0.19922478
p04_d0_005,horse__monkey,horse_to_monkey,3962,1927,6,7,images/p04_d0_005.png,clip_b32,6,horse,shape,6,0.22417337
p04_d0_006,horse__monkey,horse_to_monkey,6381,1956,6,7,images/p04_d0_006.png,clip_b32,6,horse,shape,6,0.27387178
p04_d0_007,horse__monkey,horse_to_monkey,4746,1579,6,7,images/p04_d0_007.png,clip_b32,6,horse,shape,6,0.24084826
p04_d0_011,horse__monkey,horse_to_monkey,7996,1032,6,7,images/p04_d0_011.png,clip_b32,6,horse,shape,6,0.25758594
p04_d0_014,horse__monkey,horse_to_monkey,1667,370,6,7,images/p04_d0_014.png,clip_b32,6,horse,shape,6,0.2292842
p04_d0_015,horse__monkey,horse_to_monkey,545,5977,6,7,images/p04_d0_015.png,clip_b32,6,horse,shape,6,0.19491045
p04_d0_016,horse__monkey,horse_to_monkey,4754,4172,6,7,images/p04_d0_016.png,clip_b32,6,horse,shape,6,0.2657029
p04_d0_017,horse__monkey,horse_to_monkey,4341,1884,6,7,images/p04_d0_017.png,clip_b32,6,horse,shape,6,0.20917866
p04_d0_018,horse__monkey,horse_to_monkey,3844,3542,6,7,images/p04_d0_018.png,clip_b32,6,horse,shape,6,0.19737634
p04_d0_019,horse__monkey,horse_to_monkey,4411,1296,6,7,images/p04_d0_019.png,clip_b32,6,horse,shape,6,0.18949093
p04_d0_020,horse__monkey,horse_to_monkey,4093,2668,6,7,images/p04_d0_020.png,clip_b32,6,horse,shape,6,0.20335004
p04_d0_023,horse__monkey,horse_to_monkey,3779,1440,6,7,images/p04_d0_023.png,clip_b32,6,horse,shape,6,0.24121378
p04_d0_026,horse__monkey,horse_to_monkey,4620,6726,6,7,images/p04_d0_026.png,clip_b32,6,horse,shape,6,0.14193998
p04_d0_027,horse__monkey,horse_to_monkey,449,1771,6,7,images/p04_d0_027.png,clip_b32,6,horse,shape,6,0.201199
p04_d0_028,horse__monkey,horse_to_monkey,4827,7270,6,7,images/p04_d0_028.png,clip_b32,6,horse,shape,6,0.21879959
p04_d0_029,horse__monkey,horse_to_monkey,2958,7835,6,7,images/p04_d0_029.png,clip_b32,6,horse,shape,6,0.23124494
p04_d0_030,horse__monkey,horse_to_monkey,3418,3867,6,7,images/p04_d0_030.png,clip_b32,6,horse,shape,6,0.25164622
p04_d1_000,horse__monkey,monkey_to_horse,1220,4754,7,6,images/p04_d1_000.png,clip_b32,7,monkey,shape,7,0.20736216
p04_d1_002,horse__monkey,monkey_to_horse,5450,7600,7,6,images/p04_d1_002.png,clip_b32,7,monkey,shape,7,0.19368142
p04_d1_003,horse__monkey,monkey_to_horse,4236,1667,7,6,images/p04_d1_003.png,clip_b32,7,monkey,shape,7,0.18809693
p04_d1_004,horse__monkey,monkey_to_horse,1956,3494,7,6,images/p04_d1_004.png,clip_b32,3,cat,other,7,0.111030236
p04_d1_005,horse__monkey,monkey_to_horse,1440,4620,7,6,images/p04_d1_005.png,clip_b32,7,monkey,shape,7,0.16785078
p04_d1_006,horse__monkey,monkey_to_horse,6084,4341,7,6,images/p04_d1_006.png,clip_b32,7,monkey,shape,7,0.19161804
p04_d1_007,horse__monkey,monkey_to_horse,6650,3962,7,6,images/p04_d1_007.png,clip_b32,1,bird,other,7,0.15908432
p04_d1_008,horse__monkey,monkey_to_horse,7270,5408,7,6,images/p04_d1_008.png,clip_b32,7,monkey,shape,7,0.19147696
p04_d1_009,horse__monkey,monkey_to_horse,1296,4827,7,6,images/p04_d1_009.png,clip_b32,1,bird,other,7,0.13812754
p04_d1_010,horse__monkey,monkey_to_horse,1048,7108,7,6,images/p04_d1_010.png,clip_b32,6,horse,texture,7,0.12122918
p04_d1_011,horse__monkey,monkey_to_horse,3467,4746,7,6,images/p04_d1_011.png,clip_b32,7,monkey,shape,7,0.18085366
p04_d1_012,horse__monkey,monkey_to_horse,2854,3292,7,6,images/p04_d1_012.png,clip_b32,7,monkey,shape,7,0.17637008
p04_d1_013,horse__monkey,monkey_to_horse,3404,890,7,6,images/p04_d1_013.png,clip_b32,7,monkey,shape,7,0.23292266
p04_d1_014,horse__monkey,monkey_to_horse,6726,3777,7,6,images/p04_d1_014.png,clip_b32,7,monkey,shape,7,0.22018395
p04_d1_015,horse__monkey,monkey_to_horse,3288,4731,7,6,images/p04_d1_015.png,clip_b32,7,monkey,shape,7,0.23514917
p04_d1_017,horse__monkey,monkey_to_horse,1473,545,7,6,images/p04_d1_017.png,clip_b32,7,monkey,shape,7,0.21010643
p04_d1_018,horse__monkey,monkey_to_horse,1771,2958,7,6,images/p04_d1_018.png,clip_b32,6,horse,texture,7,0.10656636
p04_d1_019,horse__monkey,monkey_to_horse,5436,2676,7,6,images/p04_d1_019.png,clip_b32,7,monkey,shape,7,0.21846917
p04_d1_020,horse__monkey,monkey_to_horse,1579,3191,7,6,images/p04_d1_020.png,clip_b32,3,cat,other,7,0.13095266
p04_d1_021,horse__monkey,monkey_to_horse,5719,3844,7,6,images/p04_d1_021.png,clip_b32,7,monkey,shape,7,0.24587163
p00_d0_001,airplane__cat,airplane_to_cat,4399,4609,0,3,images/p00_d0_001.png,clip_zero_shot,0,airplane,shape,0,0.41499254
p00_d0_002,airplane__cat,airplane_to_cat,7262,3914,0,3,images/p00_d0_002.png,clip_zero_shot,8,ship,other,0,0.6037333
p00_d0_003,airplane__cat,airplane_to_cat,7150,7416,0,3,images/p00_d0_003.png,clip_zero_shot,0,airplane,shape,0,0.5309805
p00_d0_004,airplane__cat,airplane_to_cat,7009,4463,0,3,images/p00_d0_004.png,clip_zero_shot,0,airplane,shape,0,0.6543251
p00_d0_005,airplane__cat,airplane_to_cat,7634,7744,0,3,images/p00_d0_005.png,clip_zero_shot,0,airplane,shape,0,0.9705721
p00_d0_006,airplane__cat,airplane_to_cat,1648,3375,0,3,images/p00_d0_006.png,clip_zero_shot,0,airplane,shape,0,0.985862
p00_d0_007,airplane__cat,airplane_to_cat,6437,4531,0,3,images/p00_d0_007.png,clip_zero_shot,0,airplane,shape,0,0.9761385
p00_d0_009,airplane__cat,airplane_to_cat,5918,4330,0,3,images/p00_d0_009.png,clip_zero_shot,0,airplane,shape,0,0.88670295
p00_d0_010,airplane__cat,airplane_to_cat,2888,1263,0,3,images/p00_d0_010.png,clip_zero_shot,0,airplane,shape,0,0.8659307
p00_d0_011,airplane__cat,airplane_to_cat,562,3276,0,3,images/p00_d0_011.png,clip_zero_shot,1,bird,other,0,0.43279687
p00_d0_013,airplane__cat,airplane_to_cat,81,1370,0,3,images/p00_d0_013.png,clip_zero_shot,0,airplane,shape,0,0.9551021
p00_d0_014,airplane__cat,airplane_to_cat,3965,4023,0,3,images/p00_d0_014.png,clip_zero_shot,1,bird,other,0,0.620965
p00_d0_015,airplane__cat,airplane_to_cat,6609,176,0,3,images/p00_d0_015.png,clip_zero_shot,0,airplane,shape,0,0.8881126
p00_d0_016,airplane__cat,airplane_to_cat,1977,4908,0,3,images/p00_d0_016.png,clip_zero_shot,0,airplane,shape,0,0.66719663
p00_d0_018,airplane__cat,airplane_to_cat,7309,3562,0,3,images/p00_d0_018.png,clip_zero_shot,0,airplane,shape,0,0.96047777
p00_d0_019,airplane__cat,airplane_to_cat,4785,365,0,3,images/p00_d0_019.png,clip_zero_shot,0,airplane,shape,0,0.9791844
p00_d0_020,airplane__cat,airplane_to_cat,1175,7793,0,3,images/p00_d0_020.png,clip_zero_shot,0,airplane,shape,0,0.3755472
p00_d0_021,airplane__cat,airplane_to_cat,6455,979,0,3,images/p00_d0_021.png,clip_zero_shot,0,airplane,shape,0,0.8593295
p00_d0_023,airplane__cat,airplane_to_cat,4615,2754,0,3,images/p00_d0_023.png,clip_zero_shot,0,airplane,shape,0,0.76896995
p00_d0_024,airplane__cat,airplane_to_cat,3876,4881,0,3,images/p00_d0_024.png,clip_zero_shot,9,truck,other,0,0.6710063
p00_d1_000,airplane__cat,cat_to_airplane,4168,2242,3,0,images/p00_d1_000.png,clip_zero_shot,3,cat,shape,3,0.39737114
p00_d1_001,airplane__cat,cat_to_airplane,3914,7320,3,0,images/p00_d1_001.png,clip_zero_shot,3,cat,shape,3,0.85127044
p00_d1_002,airplane__cat,cat_to_airplane,1370,2888,3,0,images/p00_d1_002.png,clip_zero_shot,1,bird,other,3,0.79916114
p00_d1_003,airplane__cat,cat_to_airplane,2539,4539,3,0,images/p00_d1_003.png,clip_zero_shot,1,bird,other,3,0.82580996
p00_d1_004,airplane__cat,cat_to_airplane,672,1648,3,0,images/p00_d1_004.png,clip_zero_shot,3,cat,shape,3,0.39717415
p00_d1_007,airplane__cat,cat_to_airplane,7416,3025,3,0,images/p00_d1_007.png,clip_zero_shot,3,cat,shape,3,0.35826364
p00_d1_008,airplane__cat,cat_to_airplane,4330,3455,3,0,images/p00_d1_008.png,clip_zero_shot,5,dog,other,5,0.39563486
p00_d1_009,airplane__cat,cat_to_airplane,4215,7009,3,0,images/p00_d1_009.png,clip_zero_shot,8,ship,other,3,0.18890575
p00_d1_010,airplane__cat,cat_to_airplane,391,7465,3,0,images/p00_d1_010.png,clip_zero_shot,1,bird,other,4,0.6169797
p00_d1_012,airplane__cat,cat_to_airplane,738,1389,3,0,images/p00_d1_012.png,clip_zero_shot,1,bird,other,3,0.23146877
p00_d1_013,airplane__cat,cat_to_airplane,3778,1553,3,0,images/p00_d1_013.png,clip_zero_shot,3,cat,shape,3,0.94584143
p00_d1_014,airplane__cat,cat_to_airplane,3851,6609,3,0,images/p00_d1_014.png,clip_zero_shot,3,cat,shape,3,0.53405297
p00_d1_015,airplane__cat,cat_to_airplane,1204,5918,3,0,images/p00_d1_015.png,clip_zero_shot,1,bird,other,3,0.41408825
p00_d1_016,airplane__cat,cat_to_airplane,632,7262,3,0,images/p00_d1_016.png,clip_zero_shot,3,cat,shape,3,0.9599542
p00_d1_017,airplane__cat,cat_to_airplane,4881,7309,3,0,images/p00_d1_017.png,clip_zero_shot,0,airplane,texture,7,0.42332098
p00_d1_018,airplane__cat,cat_to_airplane,2536,6986,3,0,images/p00_d1_018.png,clip_zero_shot,1,bird,other,3,0.40077892
p00_d1_022,airplane__cat,cat_to_airplane,791,4617,3,0,images/p00_d1_022.png,clip_zero_shot,3,cat,shape,3,0.98272693
p00_d1_024,airplane__cat,cat_to_airplane,1531,7372,3,0,images/p00_d1_024.png,clip_zero_shot,6,horse,other,4,0.40896097
p00_d1_026,airplane__cat,cat_to_airplane,6952,81,3,0,images/p00_d1_026.png,clip_zero_shot,1,bird,other,3,0.21484019
p00_d1_028,airplane__cat,cat_to_airplane,677,484,3,0,images/p00_d1_028.png,clip_zero_shot,3,cat,shape,3,0.98039323
p01_d0_000,bird__truck,bird_to_truck,7202,6931,1,9,images/p01_d0_000.png,clip_zero_shot,1,bird,shape,1,0.9898162
p01_d0_002,bird__truck,bird_to_truck,7033,1515,1,9,images/p01_d0_002.png,clip_zero_shot,8,ship,other,1,0.24138026
p01_d0_004,bird__truck,bird_to_truck,3937,2011,1,9,images/p01_d0_004.png,clip_zero_shot,1,bird,shape,1,0.99628484
p01_d0_005,bird__truck,bird_to_truck,6594,7544,1,9,images/p01_d0_005.png,clip_zero_shot,1,bird,shape,1,0.70279646
p01_d0_006,bird__truck,bird_to_truck,1986,2114,1,9,images/p01_d0_006.png,clip_zero_shot,1,bird,shape,1,0.653186
p01_d0_008,bird__truck,bird_to_truck,116,4094,1,9,images/p01_d0_008.png,clip_zero_shot,1,bird,shape,1,0.9235645
p01_d0_009,bird__truck,bird_to_truck,1852,3318,1,9,images/p01_d0_009.png,clip_zero_shot,1,bird,shape,1,0.9957546
p01_d0_010,bird__truck,bird_to_truck,1993,4449,1,9,images/p01_d0_010.png,clip_zero_shot,1,bird,shape,1,0.9954548
p01_d0_011,bird__truck,bird_to_truck,6733,5447,1,9,images/p01_d0_011.png,clip_zero_shot,1,bird,shape,1,0.9654206
p01_d0_012,bird__truck,bird_to_truck,1109,7938,1,9,images/p01_d0_012.png,clip_zero_shot,0,airplane,other,1,0.46128723
p01_d0_014,bird__truck,bird_to_truck,6805,5915,1,9,images/p01_d0_014.png,clip_zero_shot,1,bird,shape,1,0.9420569
p01_d0_015,bird__truck,bird_to_truck,5092,303,1,9,images/p01_d0_015.png,clip_zero_shot,1,bird,shape,1,0.99388796
p01_d0_016,bird__truck,bird_to_truck,5560,2062,1,9,images/p01_d0_016.png,clip_zero_shot,7,monkey,other,1,0.3317486
p01_d0_017,bird__truck,bird_to_truck,6349,7995,1,9,images/p01_d0_017.png,clip_zero_shot,1,bird,shape,1,0.7990824
p01_d0_018,bird__truck,bird_to_truck,5256,1468,1,9,images/p01_d0_018.png,clip_zero_shot,1,bird,shape,1,0.20879693
p01_d0_020,bird__truck,bird_to_truck,2095,191,1,9,images/p01_d0_020.png,clip_zero_shot,1,bird,shape,1,0.9432974
p01_d0_023,bird__truck,bird_to_truck,5488,5572,1,9,images/p01_d0_023.png,clip_zero_shot,1,bird,shape,1,0.63298136
p01_d0_024,bird__truck,bird_to_truck,2687,7752,1,9,images/p01_d0_024.png,clip_zero_shot,8,ship,other,1,0.48376694
p01_d0_025,bird__truck,bird_to_truck,2070,5360,1,9,images/p01_d0_025.png,clip_zero_shot,8,ship,other,1,0.30865866
p01_d0_026,bird__truck,bird_to_truck,4640,5981,1,9,images/p01_d0_026.png,clip_zero_shot,1,bird,shape,1,0.5503704
p01_d1_000,bird__truck,truck_to_bird,239,1090,9,1,images/p01_d1_000.png,clip_zero_shot,9,truck,shape,9,0.98981255
p01_d1_001,bird__truck,truck_to_bird,7938,5092,9,1,images/p01_d1_001.png,clip_zero_shot,9,truck,shape,9,0.3562878
p01_d1_002,bird__truck,truck_to_bird,419,6938,9,1,images/p01_d1_002.png,clip_zero_shot,9,truck,shape,9,0.90604943
p01_d1_004,bird__truck,truck_to_bird,2414,7033,9,1,images/p01_d1_004.png,clip_zero_shot,9,truck,shape,9,0.4875795
p01_d1_005,bird__truck,truck_to_bird,5981,2157,9,1,images/p01_d1_005.png,clip_zero_shot,9,truck,shape,9,0.17896628
p01_d1_006,bird__truck,truck_to_bird,1836,6349,9,1,images/p01_d1_006.png,clip_zero_shot,2,car,other,9,0.5407855
p01_d1_007,bird__truck,truck_to_bird,5360,4640,9,1,images/p01_d1_007.png,clip_zero_shot,9,truck,shape,9,0.9640715
p01_d1_009,bird__truck,truck_to_bird,1468,2690,9,1,images/p01_d1_009.png,clip_zero_shot,9,truck,shape,9,0.6872354
p01_d1_010,bird__truck,truck_to_bird,3942,261,9,1,images/p01_d1_010.png,clip_zero_shot,9,truck,shape,9,0.92040986
p01_d1_011,bird__truck,truck_to_bird,5508,6169,9,1,images/p01_d1_011.png,clip_zero_shot,9,truck,shape,9,0.98489326
p01_d1_012,bird__truck,truck_to_bird,7380,5256,9,1,images/p01_d1_012.png,clip_zero_shot,9,truck,shape,9,0.9864239
p01_d1_013,bird__truck,truck_to_bird,7266,2116,9,1,images/p01_d1_013.png,clip_zero_shot,9,truck,shape,9,0.90592986
p01_d1_014,bird__truck,truck_to_bird,3318,2095,9,1,images/p01_d1_014.png,clip_zero_shot,7,monkey,other,9,0.24509875
p01_d1_015,bird__truck,truck_to_bird,2114,2070,9,1,images/p01_d1_015.png,clip_zero_shot,9,truck,shape,9,0.8888901
p01_d1_018,bird__truck,truck_to_bird,7544,6836,9,1,images/p01_d1_018.png,clip_zero_shot,9,truck,shape,9,0.55009234
p01_d1_020,bird__truck,truck_to_bird,1411,3937,9,1,images/p01_d1_020.png,clip_zero_shot,8,ship,other,9,0.2174422
p01_d1_021,bird__truck,truck_to_bird,1654,2687,9,1,images/p01_d1_021.png,clip_zero_shot,9,truck,shape,9,0.9091705
p01_d1_022,bird__truck,truck_to_bird,5452,1993,9,1,images/p01_d1_022.png,clip_zero_shot,8,ship,other,9,0.2382366
p01_d1_023,bird__truck,truck_to_bird,5788,1568,9,1,images/p01_d1_023.png,clip_zero_shot,9,truck,shape,9,0.32612282
p01_d1_024,bird__truck,truck_to_bird,2062,2178,9,1,images/p01_d1_024.png,clip_zero_shot,9,truck,shape,9,0.95265365
p02_d0_000,car__deer,car_to_deer,1814,7864,2,4,images/p02_d0_000.png,clip_zero_shot,2,car,shape,2,0.7652958
p02_d0_001,car__deer,car_to_deer,3067,7610,2,4,images/p02_d0_001.png,clip_zero_shot,2,car,shape,2,0.96976936
p02_d0_002,car__deer,car_to_deer,2392,3034,2,4,images/p02_d0_002.png,clip_zero_shot,2,car,shape,2,0.97028154
p02_d0_004,car__deer,car_to_deer,483,5467,2,4,images/p02_d0_004.png,clip_zero_shot,2,car,shape,2,0.8904168
p02_d0_005,car__deer,car_to_deer,5237,2757,2,4,images/p02_d0_005.png,clip_zero_shot,2,car,shape,2,0.8411737
p02_d0_006,car__deer,car_to_deer,7425,3763,2,4,images/p02_d0_006.png,clip_zero_shot,2,car,shape,2,0.9698747
p02_d0_007,car__deer,car_to_deer,3755,3287,2,4,images/p02_d0_007.png,clip_zero_shot,2,car,shape,2,0.99078006
p02_d0_008,car__deer,car_to_deer,1202,1124,2,4,images/p02_d0_008.png,clip_zero_shot,2,car,shape,2,0.9651901
p02_d0_009,car__deer,car_to_deer,2082,855,2,4,images/p02_d0_009.png,clip_zero_shot,2,car,shape,2,0.67752874
p02_d0_010,car__deer,car_to_deer,4735,4740,2,4,images/p02_d0_010.png,clip_zero_shot,2,car,shape,2,0.87521255
p02_d0_011,car__deer,car_to_deer,5218,5213,2,4,images/p02_d0_011.png,clip_zero_shot,2,car,shape,2,0.9783715
p02_d0_013,car__deer,car_to_deer,2502,3078,2,4,images/p02_d0_013.png,clip_zero_shot,2,car,shape,2,0.9118883
p02_d0_014,car__deer,car_to_deer,714,2898,2,4,images/p02_d0_014.png,clip_zero_shot,2,car,shape,2,0.8876586
p02_d0_015,car__deer,car_to_deer,1839,6033,2,4,images/p02_d0_015.png,clip_zero_shot,2,car,shape,2,0.9773966
p02_d0_016,car__deer,car_to_deer,6271,2399,2,4,images/p02_d0_016.png,clip_zero_shot,2,car,shape,2,0.98267776
p02_d0_017,car__deer,car_to_deer,6244,1266,2,4,images/p02_d0_017.png,clip_zero_shot,2,car,shape,2,0.8223882
p02_d0_018,car__deer,car_to_deer,5395,7940,2,4,images/p02_d0_018.png,clip_zero_shot,2,car,shape,2,0.95368886
p02_d0_019,car__deer,car_to_deer,5824,5135,2,4,images/p02_d0_019.png,clip_zero_shot,1,bird,other,2,0.47568634
p02_d0_020,car__deer,car_to_deer,6503,3891,2,4,images/p02_d0_020.png,clip_zero_shot,2,car,shape,2,0.83205837
p02_d0_021,car__deer,car_to_deer,6332,171,2,4,images/p02_d0_021.png,clip_zero_shot,2,car,shape,2,0.9029614
p02_d1_000,car__deer,deer_to_car,3458,2082,4,2,images/p02_d1_000.png,clip_zero_shot,4,deer,shape,4,0.99806684
p02_d1_001,car__deer,deer_to_car,2898,6616,4,2,images/p02_d1_001.png,clip_zero_shot,4,deer,shape,4,0.9991437
p02_d1_002,car__deer,deer_to_car,3179,5824,4,2,images/p02_d1_002.png,clip_zero_shot,4,deer,shape,4,0.7322767
p02_d1_003,car__deer,deer_to_car,3365,470,4,2,images/p02_d1_003.png,clip_zero_shot,4,deer,shape,4,0.7537466
p02_d1_004,car__deer,deer_to_car,3763,4065,4,2,images/p02_d1_004.png,clip_zero_shot,4,deer,shape,4,0.9965437
p02_d1_005,car__deer,deer_to_car,3512,1586,4,2,images/p02_d1_005.png,clip_zero_shot,4,deer,shape,4,0.89979696
p02_d1_006,car__deer,deer_to_car,3122,1814,4,2,images/p02_d1_006.png,clip_zero_shot,4,deer,shape,4,0.25748482
p02_d1_007,car__deer,deer_to_car,5789,6028,4,2,images/p02_d1_007.png,clip_zero_shot,4,deer,shape,4,0.9117327
p02_d1_008,car__deer,deer_to_car,5402,49,4,2,images/p02_d1_008.png,clip_zero_shot,4,deer,shape,4,0.5475062
p02_d1_009,car__deer,deer_to_car,2399,5030,4,2,images/p02_d1_009.png,clip_zero_shot,0,airplane,other,4,0.32820615
p02_d1_010,car__deer,deer_to_car,1960,1839,4,2,images/p02_d1_010.png,clip_zero_shot,6,horse,other,4,0.30305248
p02_d1_011,car__deer,deer_to_car,171,7084,4,2,images/p02_d1_011.png,clip_zero_shot,4,deer,shape,4,0.9208803
p02_d1_012,car__deer,deer_to_car,5623,981,4,2,images/p02_d1_012.png,clip_zero_shot,1,bird,other,4,0.4581868
p02_d1_013,car__deer,deer_to_car,5556,3024,4,2,images/p02_d1_013.png,clip_zero_shot,4,deer,shape,4,0.99762815
p02_d1_014,car__deer,deer_to_car,6528,6503,4,2,images/p02_d1_014.png,clip_zero_shot,4,deer,shape,4,0.97030604
p02_d1_015,car__deer,deer_to_car,7610,5318,4,2,images/p02_d1_015.png,clip_zero_shot,4,deer,shape,4,0.72064424
p02_d1_017,car__deer,deer_to_car,2757,317,4,2,images/p02_d1_017.png,clip_zero_shot,4,deer,shape,4,0.9995123
p02_d1_018,car__deer,deer_to_car,3034,3454,4,2,images/p02_d1_018.png,clip_zero_shot,4,deer,shape,4,0.99659204
p02_d1_019,car__deer,deer_to_car,4629,5333,4,2,images/p02_d1_019.png,clip_zero_shot,1,bird,other,4,0.6133169
p02_d1_020,car__deer,deer_to_car,766,5756,4,2,images/p02_d1_020.png,clip_zero_shot,6,horse,other,6,0.2932306
p03_d0_001,dog__ship,dog_to_ship,3863,7138,5,8,images/p03_d0_001.png,clip_zero_shot,7,monkey,other,5,0.9237321
p03_d0_002,dog__ship,dog_to_ship,4850,716,5,8,images/p03_d0_002.png,clip_zero_shot,3,cat,other,5,0.68965465
p03_d0_003,dog__ship,dog_to_ship,6716,5525,5,8,images/p03_d0_003.png,clip_zero_shot,1,bird,other,5,0.41664934
p03_d0_004,dog__ship,dog_to_ship,3852,151,5,8,images/p03_d0_004.png,clip_zero_shot,4,deer,other,5,0.4382019
p03_d0_005,dog__ship,dog_to_ship,6989,7476,5,8,images/p03_d0_005.png,clip_zero_shot,4,deer,other,5,0.5713182
p03_d0_006,dog__ship,dog_to_ship,1626,7999,5,8,images/p03_d0_006.png,clip_zero_shot,5,dog,shape,5,0.45638177
p03_d0_007,dog__ship,dog_to_ship,5332,739,5,8,images/p03_d0_007.png,clip_zero_shot,5,dog,shape,5,0.88971543
p03_d0_008,dog__ship,dog_to_ship,7130,4355,5,8,images/p03_d0_008.png,clip_zero_shot,5,dog,shape,5,0.94789165
p03_d0_010,dog__ship,dog_to_ship,4570,1954,5,8,images/p03_d0_010.png,clip_zero_shot,1,bird,other,5,0.43392038
p03_d0_012,dog__ship,dog_to_ship,2334,4069,5,8,images/p03_d0_012.png,clip_zero_shot,5,dog,shape,5,0.9636887
p03_d0_013,dog__ship,dog_to_ship,6224,1129,5,8,images/p03_d0_013.png,clip_zero_shot,5,dog,shape,5,0.5704294
p03_d0_014,dog__ship,dog_to_ship,378,1640,5,8,images/p03_d0_014.png,clip_zero_shot,3,cat,other,5,0.53828686
p03_d0_016,dog__ship,dog_to_ship,1877,3015,5,8,images/p03_d0_016.png,clip_zero_shot,4,deer,other,5,0.42755148
p03_d0_017,dog__ship,dog_to_ship,2265,7810,5,8,images/p03_d0_017.png,clip_zero_shot,4,deer,other,5,0.6044046
p03_d0_018,dog__ship,dog_to_ship,6414,4177,5,8,images/p03_d0_018.png,clip_zero_shot,1,bird,other,5,0.40323037
p03_d0_019,dog__ship,dog_to_ship,645,1247,5,8,images/p03_d0_019.png,clip_zero_shot,5,dog,shape,5,0.6314118
p03_d0_021,dog__ship,dog_to_ship,5101,4552,5,8,images/p03_d0_021.png,clip_zero_shot,5,dog,shape,5,0.9697502
p03_d0_022,dog__ship,dog_to_ship,4106,2745,5,8,images/p03_d0_022.png,clip_zero_shot,6,horse,other,5,0.26420814
p03_d0_023,dog__ship,dog_to_ship,5496,2844,5,8,images/p03_d0_023.png,clip_zero_shot,5,dog,shape,5,0.97690445
p03_d0_025,dog__ship,dog_to_ship,7706,4662,5,8,images/p03_d0_025.png,clip_zero_shot,5,dog,shape,5,0.87742925
p03_d1_000,dog__ship,ship_to_dog,3157,4106,8,5,images/p03_d1_000.png,clip_zero_shot,8,ship,shape,8,0.83336806
p03_d1_002,dog__ship,ship_to_dog,1247,6922,8,5,images/p03_d1_002.png,clip_zero_shot,8,ship,shape,8,0.704755
p03_d1_003,dog__ship,ship_to_dog,7460,97,8,5,images/p03_d1_003.png,clip_zero_shot,8,ship,shape,8,0.50532645
p03_d1_004,dog__ship,ship_to_dog,7875,1552,8,5,images/p03_d1_004.png,clip_zero_shot,8,ship,shape,8,0.9926462
p03_d1_005,dog__ship,ship_to_dog,2109,3863,8,5,images/p03_d1_005.png,clip_zero_shot,8,ship,shape,8,0.9484452
p03_d1_006,dog__ship,ship_to_dog,194,1644,8,5,images/p03_d1_006.png,clip_zero_shot,8,ship,shape,8,0.951326
p03_d1_007,dog__ship,ship_to_dog,6689,3353,8,5,images/p03_d1_007.png,clip_zero_shot,8,ship,shape,8,0.7365835
p03_d1_008,dog__ship,ship_to_dog,4676,5381,8,5,images/p03_d1_008.png,clip_zero_shot,8,ship,shape,8,0.99007297
p03_d1_009,dog__ship,ship_to_dog,4069,7706,8,5,images/p03_d1_009.png,clip_zero_shot,8,ship,shape,8,0.93922466
p03_d1_010,dog__ship,ship_to_dog,1833,2766,8,5,images/p03_d1_010.png,clip_zero_shot,8,ship,shape,8,0.2311028
p03_d1_011,dog__ship,ship_to_dog,7476,2458,8,5,images/p03_d1_011.png,clip_zero_shot,8,ship,shape,8,0.980682
p03_d1_012,dog__ship,ship_to_dog,7446,4850,8,5,images/p03_d1_012.png,clip_zero_shot,8,ship,shape,8,0.9801894
p03_d1_013,dog__ship,ship_to_dog,7810,7776,8,5,images/p03_d1_013.png,clip_zero_shot,8,ship,shape,8,0.984877
p03_d1_014,dog__ship,ship_to_dog,7138,1877,8,5,images/p03_d1_014.png,clip_zero_shot,8,ship,shape,8,0.4113537
p03_d1_015,dog__ship,ship_to_dog,2230,6358,8,5,images/p03_d1_015.png,clip_zero_shot,8,ship,shape,8,0.99657345
p03_d1_016,dog__ship,ship_to_dog,5000,4290,8,5,images/p03_d1_016.png,clip_zero_shot,8,ship,shape,8,0.36101964
p03_d1_017,dog__ship,ship_to_dog,7999,1626,8,5,images/p03_d1_017.png,clip_zero_shot,8,ship,shape,8,0.9584413
p03_d1_018,dog__ship,ship_to_dog,1129,2334,8,5,images/p03_d1_018.png,clip_zero_shot,8,ship,shape,8,0.73095506
p03_d1_019,dog__ship,ship_to_dog,3948,6224,8,5,images/p03_d1_019.png,clip_zero_shot,8,ship,shape,8,0.92079294
p03_d1_020,dog__ship,ship_to_dog,2191,319,8,5,images/p03_d1_020.png,clip_zero_shot,7,monkey,other,8,0.2536906
p04_d0_001,horse__monkey,horse_to_monkey,3191,3288,6,7,images/p04_d0_001.png,clip_zero_shot,6,horse,shape,6,0.9719881
p04_d0_002,horse__monkey,horse_to_monkey,890,4748,6,7,images/p04_d0_002.png,clip_zero_shot,6,horse,shape,6,0.49218613
p04_d0_004,horse__monkey,horse_to_monkey,7779,4403,6,7,images/p04_d0_004.png,clip_zero_shot,6,horse,shape,6,0.9746883
p04_d0_005,horse__monkey,horse_to_monkey,3962,1927,6,7,images/p04_d0_005.png,clip_zero_shot,6,horse,shape,6,0.99689364
p04_d0_006,horse__monkey,horse_to_monkey,6381,1956,6,7,images/p04_d0_006.png,clip_zero_shot,6,horse,shape,6,0.99544865
p04_d0_007,horse__monkey,horse_to_monkey,4746,1579,6,7,images/p04_d0_007.png,clip_zero_shot,6,horse,shape,6,0.99859864
p04_d0_011,horse__monkey,horse_to_monkey,7996,1032,6,7,images/p04_d0_011.png,clip_zero_shot,6,horse,shape,6,0.99429953
p04_d0_014,horse__monkey,horse_to_monkey,1667,370,6,7,images/p04_d0_014.png,clip_zero_shot,6,horse,shape,6,0.9943111
p04_d0_015,horse__monkey,horse_to_monkey,545,5977,6,7,images/p04_d0_015.png,clip_zero_shot,6,horse,shape,6,0.96748626
p04_d0_016,horse__monkey,horse_to_monkey,4754,4172,6,7,images/p04_d0_016.png,clip_zero_shot,6,horse,shape,6,0.99770516
p04_d0_017,horse__monkey,horse_to_monkey,4341,1884,6,7,images/p04_d0_017.png,clip_zero_shot,6,horse,shape,6,0.97868997
p04_d0_018,horse__monkey,horse_to_monkey,3844,3542,6,7,images/p04_d0_018.png,clip_zero_shot,6,horse,shape,6,0.91382897
p04_d0_019,horse__monkey,horse_to_monkey,4411,1296,6,7,images/p04_d0_019.png,clip_zero_shot,6,horse,shape,6,0.9597249
p04_d0_020,horse__monkey,horse_to_monkey,4093,2668,6,7,images/p04_d0_020.png,clip_zero_shot,6,horse,shape,6,0.8768819
p04_d0_023,horse__monkey,horse_to_monkey,3779,1440,6,7,images/p04_d0_023.png,clip_zero_shot,6,horse,shape,6,0.9960387
p04_d0_026,horse__monkey,horse_to_monkey,4620,6726,6,7,images/p04_d0_026.png,clip_zero_shot,6,horse,shape,6,0.48131007
p04_d0_027,horse__monkey,horse_to_monkey,449,1771,6,7,images/p04_d0_027.png,clip_zero_shot,6,horse,shape,6,0.9940527
p04_d0_028,horse__monkey,horse_to_monkey,4827,7270,6,7,images/p04_d0_028.png,clip_zero_shot,6,horse,shape,6,0.9861697
p04_d0_029,horse__monkey,horse_to_monkey,2958,7835,6,7,images/p04_d0_029.png,clip_zero_shot,6,horse,shape,6,0.9931926
p04_d0_030,horse__monkey,horse_to_monkey,3418,3867,6,7,images/p04_d0_030.png,clip_zero_shot,6,horse,shape,6,0.9972523
p04_d1_000,horse__monkey,monkey_to_horse,1220,4754,7,6,images/p04_d1_000.png,clip_zero_shot,7,monkey,shape,7,0.9437872
p04_d1_002,horse__monkey,monkey_to_horse,5450,7600,7,6,images/p04_d1_002.png,clip_zero_shot,7,monkey,shape,7,0.994293
p04_d1_003,horse__monkey,monkey_to_horse,4236,1667,7,6,images/p04_d1_003.png,clip_zero_shot,7,monkey,shape,7,0.95163345
p04_d1_004,horse__monkey,monkey_to_horse,1956,3494,7,6,images/p04_d1_004.png,clip_zero_shot,7,monkey,shape,7,0.23036247
p04_d1_005,horse__monkey,monkey_to_horse,1440,4620,7,6,images/p04_d1_005.png,clip_zero_shot,7,monkey,shape,7,0.6210243
p04_d1_006,horse__monkey,monkey_to_horse,6084,4341,7,6,images/p04_d1_006.png,clip_zero_shot,7,monkey,shape,7,0.7275144
p04_d1_007,horse__monkey,monkey_to_horse,6650,3962,7,6,images/p04_d1_007.png,clip_zero_shot,1,bird,other,7,0.899384
p04_d1_008,horse__monkey,monkey_to_horse,7270,5408,7,6,images/p04_d1_008.png,clip_zero_shot,7,monkey,shape,7,0.9742386
p04_d1_009,horse__monkey,monkey_to_horse,1296,4827,7,6,images/p04_d1_009.png,clip_zero_shot,1,bird,other,7,0.89864993
p04_d1_010,horse__monkey,monkey_to_horse,1048,7108,7,6,images/p04_d1_010.png,clip_zero_shot,1,bird,other,7,0.34408566
p04_d1_011,horse__monkey,monkey_to_horse,3467,4746,7,6,images/p04_d1_011.png,clip_zero_shot,7,monkey,shape,7,0.8583751
p04_d1_012,horse__monkey,monkey_to_horse,2854,3292,7,6,images/p04_d1_012.png,clip_zero_shot,7,monkey,shape,7,0.89850426
p04_d1_013,horse__monkey,monkey_to_horse,3404,890,7,6,images/p04_d1_013.png,clip_zero_shot,7,monkey,shape,7,0.9992526
p04_d1_014,horse__monkey,monkey_to_horse,6726,3777,7,6,images/p04_d1_014.png,clip_zero_shot,7,monkey,shape,7,0.9917617
p04_d1_015,horse__monkey,monkey_to_horse,3288,4731,7,6,images/p04_d1_015.png,clip_zero_shot,7,monkey,shape,7,0.99427277
p04_d1_017,horse__monkey,monkey_to_horse,1473,545,7,6,images/p04_d1_017.png,clip_zero_shot,7,monkey,shape,7,0.9959876
p04_d1_018,horse__monkey,monkey_to_horse,1771,2958,7,6,images/p04_d1_018.png,clip_zero_shot,6,horse,texture,7,0.16950156
p04_d1_019,horse__monkey,monkey_to_horse,5436,2676,7,6,images/p04_d1_019.png,clip_zero_shot,7,monkey,shape,7,0.9973346
p04_d1_020,horse__monkey,monkey_to_horse,1579,3191,7,6,images/p04_d1_020.png,clip_zero_shot,7,monkey,shape,7,0.7885622
p04_d1_021,horse__monkey,monkey_to_horse,5719,3844,7,6,images/p04_d1_021.png,clip_zero_shot,7,monkey,shape,7,0.9888333
