candidate_id,decision,reason
p00_d0_000,needs_review,
p00_d0_001,accept,
p00_d0_002,accept,
p00_d0_003,accept,
p00_d0_004,accept,
p00_d0_005,accept,
p00_d0_006,accept,
p00_d0_007,accept,
p00_d0_008,reject,content_unrecognizable
p00_d0_009,accept,
p00_d0_010,accept,
p00_d0_011,accept,
p00_d0_012,reject,texture_absent
p00_d0_013,accept,
p00_d0_014,accept,
p00_d0_015,accept,
p00_d0_016,accept,
p00_d0_017,needs_review,
p00_d0_018,accept,
p00_d0_019,accept,
p00_d0_020,accept,
p00_d0_021,accept,
p00_d0_022,needs_review,
p00_d0_023,accept,
p00_d0_024,accept,
p00_d0_025,reject,texture_absent
p00_d0_026,needs_review,
p00_d0_027,accept,
p00_d0_028,accept,
p00_d0_029,accept,
p00_d0_030,accept,
p00_d0_031,needs_review,
p00_d0_032,needs_review,
p00_d0_033,needs_review,
p00_d0_034,reject,texture_absent
p00_d0_035,reject,texture_absent
p00_d0_036,accept,
p00_d0_037,accept,
p00_d0_038,reject,texture_absent
p00_d0_039,needs_review,
p00_d1_000,accept,
p00_d1_001,accept,
p00_d1_002,accept,
p00_d1_003,accept,
p00_d1_004,accept,
p00_d1_005,reject,content_unrecognizable
p00_d1_006,reject,content_unrecognizable
p00_d1_007,accept,
p00_d1_008,accept,
p00_d1_009,accept,
p00_d1_010,accept,
p00_d1_011,needs_review,
p00_d1_012,accept,
p00_d1_013,accept,
p00_d1_014,accept,
p00_d1_015,accept,
p00_d1_016,accept,
p00_d1_017,accept,
p00_d1_018,accept,
p00_d1_019,reject,content_unrecognizable
p00_d1_020,needs_review,
p00_d1_021,reject,content_unrecognizable
p00_d1_022,accept,
p00_d1_023,reject,texture_absent
p00_d1_024,accept,
p00_d1_025,reject,content_unrecognizable
p00_d1_026,accept,
p00_d1_027,reject,content_unrecognizable
p00_d1_028,accept,
p00_d1_029,accept,
p00_d1_030,accept,
p00_d1_031,accept,
p00_d1_032,accept,
p00_d1_033,accept,
p00_d1_034,reject,content_unrecognizable
p00_d1_035,accept,
p00_d1_036,accept,
p00_d1_037,needs_review,
p00_d1_038,accept,
p00_d1_039,needs_review,
p01_d0_000,accept,
p01_d0_001,reject,content_unrecognizable
p01_d0_002,accept,
p01_d0_003,reject,texture_absent
p01_d0_004,accept,
p01_d0_005,accept,
p01_d0_006,accept,
p01_d0_007,reject,texture_absent
p01_d0_008,accept,
p01_d0_009,accept,
p01_d0_010,accept,
p01_d0_011,accept,
p01_d0_012,accept,
p01_d0_013,reject,texture_absent
p01_d0_014,accept,
p01_d0_015,accept,
p01_d0_016,accept,
p01_d0_017,accept,
p01_d0_018,accept,
p01_d0_019,reject,content_unrecognizable
p01_d0_020,accept,
p01_d0_021,reject,content_unrecognizable
p01_d0_022,reject,texture_absent
p01_d0_023,accept,
p01_d0_024,accept,
p01_d0_025,accept,
p01_d0_026,accept,
p01_d0_027,accept,
p01_d0_028,reject,content_unrecognizable
p01_d0_029,accept,
p01_d0_030,accept,
p01_d0_031,accept,
p01_d0_032,accept,
p01_d0_033,accept,
p01_d0_034,accept,
p01_d0_035,accept,
p01_d0_036,accept,
p01_d0_037,accept,
p01_d0_038,accept,
p01_d0_039,accept,
p01_d1_000,accept,
p01_d1_001,accept,
p01_d1_002,accept,
p01_d1_003,reject,texture_absent
p01_d1_004,accept,
p01_d1_005,accept,
p01_d1_006,accept,
p01_d1_007,accept,
p01_d1_008,reject,content_unrecognizable
p01_d1_009,accept,
p01_d1_010,accept,
p01_d1_011,accept,
p01_d1_012,accept,
p01_d1_013,accept,
p01_d1_014,accept,
p01_d1_015,accept,
p01_d1_016,reject,content_unrecognizable
p01_d1_017,needs_review,
p01_d1_018,accept,
p01_d1_019,reject,content_unrecognizable
p01_d1_020,accept,
p01_d1_021,accept,
p01_d1_022,accept,
p01_d1_023,accept,
p01_d1_024,accept,
p01_d1_025,accept,
p01_d1_026,accept,
p01_d1_027,needs_review,
p01_d1_028,accept,
p01_d1_029,accept,
p01_d1_030,accept,
p01_d1_031,reject,content_unrecognizable
p01_d1_032,accept,
p01_d1_033,accept,
p01_d1_034,accept,
p01_d1_035,accept,
p01_d1_036,accept,
p01_d1_037,needs_review,
p01_d1_038,accept,
p01_d1_039,accept,
p02_d0_000,accept,
p02_d0_001,accept,
p02_d0_002,accept,
p02_d0_003,needs_review,
p02_d0_004,accept,
p02_d0_005,accept,
p02_d0_006,accept,
p02_d0_007,accept,
p02_d0_008,accept,
p02_d0_009,accept,
p02_d0_010,accept,
p02_d0_011,accept,
p02_d0_012,reject,content_unrecognizable
p02_d0_013,accept,
p02_d0_014,accept,
p02_d0_015,accept,
p02_d0_016,accept,
p02_d0_017,accept,
p02_d0_018,accept,
p02_d0_019,accept,
p02_d0_020,accept,
p02_d0_021,accept,
p02_d0_022,accept,
p02_d0_023,accept,
p02_d0_024,accept,
p02_d0_025,reject,texture_absent
p02_d0_026,accept,
p02_d0_027,accept,
p02_d0_028,accept,
p02_d0_029,accept,
p02_d0_030,accept,
p02_d0_031,accept,
p02_d0_032,accept,
p02_d0_033,accept,
p02_d0_034,accept,
p02_d0_035,accept,
p02_d0_036,accept,
p02_d0_037,needs_review,
p02_d0_038,accept,
p02_d0_039,accept,
p02_d1_000,accept,
p02_d1_001,accept,
p02_d1_002,accept,
p02_d1_003,accept,
p02_d1_004,accept,
p02_d1_005,accept,
p02_d1_006,accept,
p02_d1_007,accept,
p02_d1_008,accept,
p02_d1_009,accept,
p02_d1_010,accept,
p02_d1_011,accept,
p02_d1_012,accept,
p02_d1_013,accept,
p02_d1_014,accept,
p02_d1_015,accept,
p02_d1_016,reject,content_unrecognizable
p02_d1_017,accept,
p02_d1_018,accept,
p02_d1_019,accept,
p02_d1_020,accept,
p02_d1_021,accept,
p02_d1_022,accept,
p02_d1_023,accept,
p02_d1_024,accept,
p02_d1_025,accept,
p02_d1_026,accept,
p02_d1_027,accept,
p02_d1_028,accept,
p02_d1_029,accept,
p02_d1_030,accept,
p02_d1_031,accept,
p02_d1_032,accept,
p02_d1_033,accept,
p02_d1_034,accept,
p02_d1_035,accept,
p02_d1_036,accept,
p02_d1_037,accept,
p02_d1_038,accept,
p02_d1_039,reject,content_unrecognizable
p03_d0_000,reject,content_unrecognizable
p03_d0_001,accept,
p03_d0_002,accept,
p03_d0_003,accept,
p03_d0_004,accept,
p03_d0_005,accept,
p03_d0_006,accept,
p03_d0_007,accept,
p03_d0_008,accept,
p03_d0_009,reject,content_unrecognizable
p03_d0_010,accept,
p03_d0_011,reject,content_unrecognizable
p03_d0_012,accept,
p03_d0_013,accept,
p03_d0_014,accept,
p03_d0_015,reject,content_unrecognizable
p03_d0_016,accept,
p03_d0_017,accept,
p03_d0_018,accept,
p03_d0_019,accept,
p03_d0_020,reject,content_unrecognizable
p03_d0_021,accept,
p03_d0_022,accept,
p03_d0_023,accept,
p03_d0_024,reject,content_unrecognizable
p03_d0_025,accept,
p03_d0_026,accept,
p03_d0_027,accept,
p03_d0_028,accept,
p03_d0_029,accept,
p03_d0_030,accept,
p03_d0_031,accept,
p03_d0_032,accept,
p03_d0_033,accept,
p03_d0_034,accept,
p03_d0_035,accept,
p03_d0_036,reject,content_unrecognizable
p03_d0_037,accept,
p03_d0_038,needs_review,
p03_d0_039,accept,
p03_d1_000,accept,
p03_d1_001,reject,content_unrecognizable
p03_d1_002,accept,
p03_d1_003,accept,
p03_d1_004,accept,
p03_d1_005,accept,
p03_d1_006,accept,
p03_d1_007,accept,
p03_d1_008,accept,
p03_d1_009,accept,
p03_d1_010,accept,
p03_d1_011,accept,
p03_d1_012,accept,
p03_d1_013,accept,
p03_d1_014,accept,
p03_d1_015,accept,
p03_d1_016,accept,
p03_d1_017,accept,
p03_d1_018,accept,
p03_d1_019,accept,
p03_d1_020,accept,
p03_d1_021,accept,
p03_d1_022,accept,
p03_d1_023,accept,
p03_d1_024,accept,
p03_d1_025,accept,
p03_d1_026,accept,
p03_d1_027,accept,
p03_d1_028,accept,
p03_d1_029,accept,
p03_d1_030,accept,
p03_d1_031,accept,
p03_d1_032,reject,content_unrecognizable
p03_d1_033,accept,
p03_d1_034,accept,
p03_d1_035,accept,
p03_d1_036,accept,
p03_d1_037,accept,
p03_d1_038,needs_review,
p03_d1_039,accept,
p04_d0_000,needs_review,
p04_d0_001,accept,
p04_d0_002,accept,
p04_d0_003,needs_review,
p04_d0_004,accept,
p04_d0_005,accept,
p04_d0_006,accept,
p04_d0_007,accept,
p04_d0_008,reject,texture_absent
p04_d0_009,reject,texture_absent
p04_d0_010,reject,texture_absent
p04_d0_011,accept,
p04_d0_012,reject,texture_absent
p04_d0_013,reject,texture_absent
p04_d0_014,accept,
p04_d0_015,accept,
p04_d0_016,accept,
p04_d0_017,accept,
p04_d0_018,accept,
p04_d0_019,accept,
p04_d0_020,accept,
p04_d0_021,reject,texture_absent
p04_d0_022,reject,texture_absent
p04_d0_023,accept,
p04_d0_024,reject,texture_absent
p04_d0_025,reject,texture_absent
p04_d0_026,accept,
p04_d0_027,accept,
p04_d0_028,accept,
p04_d0_029,accept,
p04_d0_030,accept,
p04_d0_031,accept,
p04_d0_032,accept,
p04_d0_033,accept,
p04_d0_034,accept,
p04_d0_035,accept,
p04_d0_036,accept,
p04_d0_037,needs_review,
p04_d0_038,accept,
p04_d0_039,accept,
p04_d1_000,accept,
p04_d1_001,reject,texture_absent
p04_d1_002,accept,
p04_d1_003,accept,
p04_d1_004,accept,
p04_d1_005,accept,
p04_d1_006,accept,
p04_d1_007,accept,
p04_d1_008,accept,
p04_d1_009,accept,
p04_d1_010,accept,
p04_d1_011,accept,
p04_d1_012,accept,
p04_d1_013,accept,
p04_d1_014,accept,
p04_d1_015,accept,
p04_d1_016,reject,texture_absent
p04_d1_017,accept,
p04_d1_018,accept,
p04_d1_019,accept,
p04_d1_020,accept,
p04_d1_021,accept,
p04_d1_022,accept,
p04_d1_023,accept,
p04_d1_024,accept,
p04_d1_025,accept,
p04_d1_026,reject,texture_absent
p04_d1_027,accept,
p04_d1_028,accept,
p04_d1_029,accept,
p04_d1_030,accept,
p04_d1_031,accept,
p04_d1_032,accept,
p04_d1_033,accept,
p04_d1_034,accept,
p04_d1_035,accept,
p04_d1_036,accept,
p04_d1_037,accept,
p04_d1_038,accept,
p04_d1_039,accept,
