candidate_id,pair,direction,content_class,style_class,content_label,style_label,content_pos,style_pos,content_id,style_id,image_file,decision,reason,review_sha256
p00_d0_001,airplane__cat,airplane_to_cat,airplane,cat,0,3,284,295,4399,4609,images/p00_d0_001.png,accept,,02f1957f80823063a525cc9c3bf4206c8a77fb9c89a52ce1d618157a3b6c301d
p00_d0_002,airplane__cat,airplane_to_cat,airplane,cat,0,3,454,250,7262,3914,images/p00_d0_002.png,accept,,02f1957f80823063a525cc9c3bf4206c8a77fb9c89a52ce1d618157a3b6c301d
p00_d0_003,airplane__cat,airplane_to_cat,airplane,cat,0,3,452,465,7150,7416,images/p00_d0_003.png,accept,,02f1957f80823063a525cc9c3bf4206c8a77fb9c89a52ce1d618157a3b6c301d
p00_d0_004,airplane__cat,airplane_to_cat,airplane,cat,0,3,442,288,7009,4463,images/p00_d0_004.png,accept,,02f1957f80823063a525cc9c3bf4206c8a77fb9c89a52ce1d618157a3b6c301d
p00_d0_005,airplane__cat,airplane_to_cat,airplane,cat,0,3,477,481,7634,7744,images/p00_d0_005.png,accept,,02f1957f80823063a525cc9c3bf4206c8a77fb9c89a52ce1d618157a3b6c301d
p00_d0_006,airplane__cat,airplane_to_cat,airplane,cat,0,3,115,216,1648,3375,images/p00_d0_006.png,accept,,02f1957f80823063a525cc9c3bf4206c8a77fb9c89a52ce1d618157a3b6c301d
p00_d0_007,airplane__cat,airplane_to_cat,airplane,cat,0,3,415,289,6437,4531,images/p00_d0_007.png,accept,,02f1957f80823063a525cc9c3bf4206c8a77fb9c89a52ce1d618157a3b6c301d
p00_d0_009,airplane__cat,airplane_to_cat,airplane,cat,0,3,390,281,5918,4330,images/p00_d0_009.png,accept,,02f1957f80823063a525cc9c3bf4206c8a77fb9c89a52ce1d618157a3b6c301d
p00_d0_010,airplane__cat,airplane_to_cat,airplane,cat,0,3,189,85,2888,1263,images/p00_d0_010.png,accept,,02f1957f80823063a525cc9c3bf4206c8a77fb9c89a52ce1d618157a3b6c301d
p00_d0_011,airplane__cat,airplane_to_cat,airplane,cat,0,3,38,207,562,3276,images/p00_d0_011.png,accept,,02f1957f80823063a525cc9c3bf4206c8a77fb9c89a52ce1d618157a3b6c301d
p00_d0_013,airplane__cat,airplane_to_cat,airplane,cat,0,3,5,89,81,1370,images/p00_d0_013.png,accept,,02f1957f80823063a525cc9c3bf4206c8a77fb9c89a52ce1d618157a3b6c301d
p00_d0_014,airplane__cat,airplane_to_cat,airplane,cat,0,3,255,259,3965,4023,images/p00_d0_014.png,accept,,02f1957f80823063a525cc9c3bf4206c8a77fb9c89a52ce1d618157a3b6c301d
p00_d0_015,airplane__cat,airplane_to_cat,airplane,cat,0,3,422,12,6609,176,images/p00_d0_015.png,accept,,02f1957f80823063a525cc9c3bf4206c8a77fb9c89a52ce1d618157a3b6c301d
p00_d0_016,airplane__cat,airplane_to_cat,airplane,cat,0,3,134,322,1977,4908,images/p00_d0_016.png,accept,,02f1957f80823063a525cc9c3bf4206c8a77fb9c89a52ce1d618157a3b6c301d
p00_d0_018,airplane__cat,airplane_to_cat,airplane,cat,0,3,457,234,7309,3562,images/p00_d0_018.png,accept,,02f1957f80823063a525cc9c3bf4206c8a77fb9c89a52ce1d618157a3b6c301d
p00_d0_019,airplane__cat,airplane_to_cat,airplane,cat,0,3,314,25,4785,365,images/p00_d0_019.png,accept,,02f1957f80823063a525cc9c3bf4206c8a77fb9c89a52ce1d618157a3b6c301d
p00_d0_020,airplane__cat,airplane_to_cat,airplane,cat,0,3,78,486,1175,7793,images/p00_d0_020.png,accept,,02f1957f80823063a525cc9c3bf4206c8a77fb9c89a52ce1d618157a3b6c301d
p00_d0_021,airplane__cat,airplane_to_cat,airplane,cat,0,3,416,66,6455,979,images/p00_d0_021.png,accept,,02f1957f80823063a525cc9c3bf4206c8a77fb9c89a52ce1d618157a3b6c301d
p00_d0_023,airplane__cat,airplane_to_cat,airplane,cat,0,3,296,182,4615,2754,images/p00_d0_023.png,accept,,02f1957f80823063a525cc9c3bf4206c8a77fb9c89a52ce1d618157a3b6c301d
p00_d0_024,airplane__cat,airplane_to_cat,airplane,cat,0,3,245,320,3876,4881,images/p00_d0_024.png,accept,,02f1957f80823063a525cc9c3bf4206c8a77fb9c89a52ce1d618157a3b6c301d
p00_d1_000,airplane__cat,cat_to_airplane,cat,airplane,3,0,267,153,4168,2242,images/p00_d1_000.png,accept,,02f1957f80823063a525cc9c3bf4206c8a77fb9c89a52ce1d618157a3b6c301d
p00_d1_001,airplane__cat,cat_to_airplane,cat,airplane,3,0,250,458,3914,7320,images/p00_d1_001.png,accept,,02f1957f80823063a525cc9c3bf4206c8a77fb9c89a52ce1d618157a3b6c301d
p00_d1_002,airplane__cat,cat_to_airplane,cat,airplane,3,0,89,189,1370,2888,images/p00_d1_002.png,accept,,02f1957f80823063a525cc9c3bf4206c8a77fb9c89a52ce1d618157a3b6c301d
p00_d1_003,airplane__cat,cat_to_airplane,cat,airplane,3,0,170,290,2539,4539,images/p00_d1_003.png,accept,,02f1957f80823063a525cc9c3bf4206c8a77fb9c89a52ce1d618157a3b6c301d
p00_d1_004,airplane__cat,cat_to_airplane,cat,airplane,3,0,44,115,672,1648,images/p00_d1_004.png,accept,,02f1957f80823063a525cc9c3bf4206c8a77fb9c89a52ce1d618157a3b6c301d
p00_d1_007,airplane__cat,cat_to_airplane,cat,airplane,3,0,465,195,7416,3025,images/p00_d1_007.png,accept,,02f1957f80823063a525cc9c3bf4206c8a77fb9c89a52ce1d618157a3b6c301d
p00_d1_008,airplane__cat,cat_to_airplane,cat,airplane,3,0,281,225,4330,3455,images/p00_d1_008.png,accept,,02f1957f80823063a525cc9c3bf4206c8a77fb9c89a52ce1d618157a3b6c301d
p00_d1_009,airplane__cat,cat_to_airplane,cat,airplane,3,0,271,442,4215,7009,images/p00_d1_009.png,accept,,02f1957f80823063a525cc9c3bf4206c8a77fb9c89a52ce1d618157a3b6c301d
p00_d1_010,airplane__cat,cat_to_airplane,cat,airplane,3,0,29,469,391,7465,images/p00_d1_010.png,accept,,02f1957f80823063a525cc9c3bf4206c8a77fb9c89a52ce1d618157a3b6c301d
p00_d1_012,airplane__cat,cat_to_airplane,cat,airplane,3,0,51,90,738,1389,images/p00_d1_012.png,accept,,02f1957f80823063a525cc9c3bf4206c8a77fb9c89a52ce1d618157a3b6c301d
p00_d1_013,airplane__cat,cat_to_airplane,cat,airplane,3,0,238,106,3778,1553,images/p00_d1_013.png,accept,,02f1957f80823063a525cc9c3bf4206c8a77fb9c89a52ce1d618157a3b6c301d
p00_d1_014,airplane__cat,cat_to_airplane,cat,airplane,3,0,241,422,3851,6609,images/p00_d1_014.png,accept,,02f1957f80823063a525cc9c3bf4206c8a77fb9c89a52ce1d618157a3b6c301d
p00_d1_015,airplane__cat,cat_to_airplane,cat,airplane,3,0,80,390,1204,5918,images/p00_d1_015.png,accept,,02f1957f80823063a525cc9c3bf4206c8a77fb9c89a52ce1d618157a3b6c301d
p00_d1_016,airplane__cat,cat_to_airplane,cat,airplane,3,0,41,454,632,7262,images/p00_d1_016.png,accept,,02f1957f80823063a525cc9c3bf4206c8a77fb9c89a52ce1d618157a3b6c301d
p00_d1_017,airplane__cat,cat_to_airplane,cat,airplane,3,0,320,457,4881,7309,images/p00_d1_017.png,accept,,02f1957f80823063a525cc9c3bf4206c8a77fb9c89a52ce1d618157a3b6c301d
p00_d1_018,airplane__cat,cat_to_airplane,cat,airplane,3,0,169,440,2536,6986,images/p00_d1_018.png,accept,,02f1957f80823063a525cc9c3bf4206c8a77fb9c89a52ce1d618157a3b6c301d
p00_d1_022,airplane__cat,cat_to_airplane,cat,airplane,3,0,54,297,791,4617,images/p00_d1_022.png,accept,,02f1957f80823063a525cc9c3bf4206c8a77fb9c89a52ce1d618157a3b6c301d
p00_d1_024,airplane__cat,cat_to_airplane,cat,airplane,3,0,103,460,1531,7372,images/p00_d1_024.png,accept,,02f1957f80823063a525cc9c3bf4206c8a77fb9c89a52ce1d618157a3b6c301d
p00_d1_026,airplane__cat,cat_to_airplane,cat,airplane,3,0,438,5,6952,81,images/p00_d1_026.png,accept,,02f1957f80823063a525cc9c3bf4206c8a77fb9c89a52ce1d618157a3b6c301d
p00_d1_028,airplane__cat,cat_to_airplane,cat,airplane,3,0,45,35,677,484,images/p00_d1_028.png,accept,,02f1957f80823063a525cc9c3bf4206c8a77fb9c89a52ce1d618157a3b6c301d
p01_d0_000,bird__truck,bird_to_truck,bird,truck,1,9,453,436,7202,6931,images/p01_d0_000.png,accept,,02f1957f80823063a525cc9c3bf4206c8a77fb9c89a52ce1d618157a3b6c301d
p01_d0_002,bird__truck,bird_to_truck,bird,truck,1,9,444,101,7033,1515,images/p01_d0_002.png,accept,,02f1957f80823063a525cc9c3bf4206c8a77fb9c89a52ce1d618157a3b6c301d
p01_d0_004,bird__truck,bird_to_truck,bird,truck,1,9,251,138,3937,2011,images/p01_d0_004.png,accept,,02f1957f80823063a525cc9c3bf4206c8a77fb9c89a52ce1d618157a3b6c301d
p01_d0_005,bird__truck,bird_to_truck,bird,truck,1,9,421,473,6594,7544,images/p01_d0_005.png,accept,,02f1957f80823063a525cc9c3bf4206c8a77fb9c89a52ce1d618157a3b6c301d
p01_d0_006,bird__truck,bird_to_truck,bird,truck,1,9,135,146,1986,2114,images/p01_d0_006.png,accept,,02f1957f80823063a525cc9c3bf4206c8a77fb9c89a52ce1d618157a3b6c301d
p01_d0_008,bird__truck,bird_to_truck,bird,truck,1,9,8,264,116,4094,images/p01_d0_008.png,accept,,02f1957f80823063a525cc9c3bf4206c8a77fb9c89a52ce1d618157a3b6c301d
p01_d0_009,bird__truck,bird_to_truck,bird,truck,1,9,126,211,1852,3318,images/p01_d0_009.png,accept,,02f1957f80823063a525cc9c3bf4206c8a77fb9c89a52ce1d618157a3b6c301d
p01_d0_010,bird__truck,bird_to_truck,bird,truck,1,9,136,287,1993,4449,images/p01_d0_010.png,accept,,02f1957f80823063a525cc9c3bf4206c8a77fb9c89a52ce1d618157a3b6c301d
p01_d0_011,bird__truck,bird_to_truck,bird,truck,1,9,430,356,6733,5447,images/p01_d0_011.png,accept,,02f1957f80823063a525cc9c3bf4206c8a77fb9c89a52ce1d618157a3b6c301d
p01_d0_012,bird__truck,bird_to_truck,bird,truck,1,9,73,493,1109,7938,images/p01_d0_012.png,accept,,02f1957f80823063a525cc9c3bf4206c8a77fb9c89a52ce1d618157a3b6c301d
p01_d0_014,bird__truck,bird_to_truck,bird,truck,1,9,432,389,6805,5915,images/p01_d0_014.png,accept,,02f1957f80823063a525cc9c3bf4206c8a77fb9c89a52ce1d618157a3b6c301d
p01_d0_015,bird__truck,bird_to_truck,bird,truck,1,9,333,20,5092,303,images/p01_d0_015.png,accept,,02f1957f80823063a525cc9c3bf4206c8a77fb9c89a52ce1d618157a3b6c301d
p01_d0_016,bird__truck,bird_to_truck,bird,truck,1,9,369,141,5560,2062,images/p01_d0_016.png,accept,,02f1957f80823063a525cc9c3bf4206c8a77fb9c89a52ce1d618157a3b6c301d
p01_d0_017,bird__truck,bird_to_truck,bird,truck,1,9,408,497,6349,7995,images/p01_d0_017.png,accept,,02f1957f80823063a525cc9c3bf4206c8a77fb9c89a52ce1d618157a3b6c301d
p01_d0_018,bird__truck,bird_to_truck,bird,truck,1,9,343,99,5256,1468,images/p01_d0_018.png,accept,,02f1957f80823063a525cc9c3bf4206c8a77fb9c89a52ce1d618157a3b6c301d
p01_d0_020,bird__truck,bird_to_truck,bird,truck,1,9,144,13,2095,191,images/p01_d0_020.png,accept,,02f1957f80823063a525cc9c3bf4206c8a77fb9c89a52ce1d618157a3b6c301d
p01_d0_023,bird__truck,bird_to_truck,bird,truck,1,9,362,370,5488,5572,images/p01_d0_023.png,accept,,02f1957f80823063a525cc9c3bf4206c8a77fb9c89a52ce1d618157a3b6c301d
p01_d0_024,bird__truck,bird_to_truck,bird,truck,1,9,176,482,2687,7752,images/p01_d0_024.png,accept,,02f1957f80823063a525cc9c3bf4206c8a77fb9c89a52ce1d618157a3b6c301d
p01_d0_025,bird__truck,bird_to_truck,bird,truck,1,9,142,349,2070,5360,images/p01_d0_025.png,accept,,02f1957f80823063a525cc9c3bf4206c8a77fb9c89a52ce1d618157a3b6c301d
p01_d0_026,bird__truck,bird_to_truck,bird,truck,1,9,300,393,4640,5981,images/p01_d0_026.png,accept,,02f1957f80823063a525cc9c3bf4206c8a77fb9c89a52ce1d618157a3b6c301d
p01_d1_000,bird__truck,truck_to_bird,truck,bird,9,1,16,71,239,1090,images/p01_d1_000.png,accept,,02f1957f80823063a525cc9c3bf4206c8a77fb9c89a52ce1d618157a3b6c301d
p01_d1_001,bird__truck,truck_to_bird,truck,bird,9,1,493,333,7938,5092,images/p01_d1_001.png,accept,,02f1957f80823063a525cc9c3bf4206c8a77fb9c89a52ce1d618157a3b6c301d
p01_d1_002,bird__truck,truck_to_bird,truck,bird,9,1,31,437,419,6938,images/p01_d1_002.png,accept,,02f1957f80823063a525cc9c3bf4206c8a77fb9c89a52ce1d618157a3b6c301d
p01_d1_004,bird__truck,truck_to_bird,truck,bird,9,1,164,444,2414,7033,images/p01_d1_004.png,accept,,02f1957f80823063a525cc9c3bf4206c8a77fb9c89a52ce1d618157a3b6c301d
p01_d1_005,bird__truck,truck_to_bird,truck,bird,9,1,393,148,5981,2157,images/p01_d1_005.png,accept,,02f1957f80823063a525cc9c3bf4206c8a77fb9c89a52ce1d618157a3b6c301d
p01_d1_006,bird__truck,truck_to_bird,truck,bird,9,1,124,408,1836,6349,images/p01_d1_006.png,accept,,02f1957f80823063a525cc9c3bf4206c8a77fb9c89a52ce1d618157a3b6c301d
p01_d1_007,bird__truck,truck_to_bird,truck,bird,9,1,349,300,5360,4640,images/p01_d1_007.png,accept,,02f1957f80823063a525cc9c3bf4206c8a77fb9c89a52ce1d618157a3b6c301d
p01_d1_009,bird__truck,truck_to_bird,truck,bird,9,1,99,177,1468,2690,images/p01_d1_009.png,accept,,02f1957f80823063a525cc9c3bf4206c8a77fb9c89a52ce1d618157a3b6c301d
p01_d1_010,bird__truck,truck_to_bird,truck,bird,9,1,252,17,3942,261,images/p01_d1_010.png,accept,,02f1957f80823063a525cc9c3bf4206c8a77fb9c89a52ce1d618157a3b6c301d
p01_d1_011,bird__truck,truck_to_bird,truck,bird,9,1,364,400,5508,6169,images/p01_d1_011.png,accept,,02f1957f80823063a525cc9c3bf4206c8a77fb9c89a52ce1d618157a3b6c301d
p01_d1_012,bird__truck,truck_to_bird,truck,bird,9,1,462,343,7380,5256,images/p01_d1_012.png,accept,,02f1957f80823063a525cc9c3bf4206c8a77fb9c89a52ce1d618157a3b6c301d
p01_d1_013,bird__truck,truck_to_bird,truck,bird,9,1,455,147,7266,2116,images/p01_d1_013.png,accept,,02f1957f80823063a525cc9c3bf4206c8a77fb9c89a52ce1d618157a3b6c301d
p01_d1_014,bird__truck,truck_to_bird,truck,bird,9,1,211,144,3318,2095,images/p01_d1_014.png,accept,,02f1957f80823063a525cc9c3bf4206c8a77fb9c89a52ce1d618157a3b6c301d
p01_d1_015,bird__truck,truck_to_bird,truck,bird,9,1,146,142,2114,2070,images/p01_d1_015.png,accept,,02f1957f80823063a525cc9c3bf4206c8a77fb9c89a52ce1d618157a3b6c301d
p01_d1_018,bird__truck,truck_to_bird,truck,bird,9,1,473,433,7544,6836,images/p01_d1_018.png,accept,,02f1957f80823063a525cc9c3bf4206c8a77fb9c89a52ce1d618157a3b6c301d
p01_d1_020,bird__truck,truck_to_bird,truck,bird,9,1,93,251,1411,3937,images/p01_d1_020.png,accept,,02f1957f80823063a525cc9c3bf4206c8a77fb9c89a52ce1d618157a3b6c301d
p01_d1_021,bird__truck,truck_to_bird,truck,bird,9,1,116,176,1654,2687,images/p01_d1_021.png,accept,,02f1957f80823063a525cc9c3bf4206c8a77fb9c89a52ce1d618157a3b6c301d
p01_d1_022,bird__truck,truck_to_bird,truck,bird,9,1,359,136,5452,1993,images/p01_d1_022.png,accept,,02f1957f80823063a525cc9c3bf4206c8a77fb9c89a52ce1d618157a3b6c301d
p01_d1_023,bird__truck,truck_to_bird,truck,bird,9,1,381,108,5788,1568,images/p01_d1_023.png,accept,,02f1957f80823063a525cc9c3bf4206c8a77fb9c89a52ce1d618157a3b6c301d
p01_d1_024,bird__truck,truck_to_bird,truck,bird,9,1,141,150,2062,2178,images/p01_d1_024.png,accept,,02f1957f80823063a525cc9c3bf4206c8a77fb9c89a52ce1d618157a3b6c301d
p02_d0_000,car__deer,car_to_deer,car,deer,2,4,122,491,1814,7864,images/p02_d0_000.png,accept,,02f1957f80823063a525cc9c3bf4206c8a77fb9c89a52ce1d618157a3b6c301d
p02_d0_001,car__deer,car_to_deer,car,deer,2,4,197,476,3067,7610,images/p02_d0_001.png,accept,,02f1957f80823063a525cc9c3bf4206c8a77fb9c89a52ce1d618157a3b6c301d
p02_d0_002,car__deer,car_to_deer,car,deer,2,4,162,196,2392,3034,images/p02_d0_002.png,accept,,02f1957f80823063a525cc9c3bf4206c8a77fb9c89a52ce1d618157a3b6c301d
p02_d0_004,car__deer,car_to_deer,car,deer,2,4,34,360,483,5467,images/p02_d0_004.png,accept,,02f1957f80823063a525cc9c3bf4206c8a77fb9c89a52ce1d618157a3b6c301d
p02_d0_005,car__deer,car_to_deer,car,deer,2,4,342,183,5237,2757,images/p02_d0_005.png,accept,,02f1957f80823063a525cc9c3bf4206c8a77fb9c89a52ce1d618157a3b6c301d
p02_d0_006,car__deer,car_to_deer,car,deer,2,4,466,236,7425,3763,images/p02_d0_006.png,accept,,02f1957f80823063a525cc9c3bf4206c8a77fb9c89a52ce1d618157a3b6c301d
p02_d0_007,car__deer,car_to_deer,car,deer,2,4,235,208,3755,3287,images/p02_d0_007.png,accept,,02f1957f80823063a525cc9c3bf4206c8a77fb9c89a52ce1d618157a3b6c301d
p02_d0_008,car__deer,car_to_deer,car,deer,2,4,79,76,1202,1124,images/p02_d0_008.png,accept,,02f1957f80823063a525cc9c3bf4206c8a77fb9c89a52ce1d618157a3b6c301d
p02_d0_009,car__deer,car_to_deer,car,deer,2,4,143,58,2082,855,images/p02_d0_009.png,accept,,02f1957f80823063a525cc9c3bf4206c8a77fb9c89a52ce1d618157a3b6c301d
p02_d0_010,car__deer,car_to_deer,car,deer,2,4,309,310,4735,4740,images/p02_d0_010.png,accept,,02f1957f80823063a525cc9c3bf4206c8a77fb9c89a52ce1d618157a3b6c301d
p02_d0_011,car__deer,car_to_deer,car,deer,2,4,340,339,5218,5213,images/p02_d0_011.png,accept,,02f1957f80823063a525cc9c3bf4206c8a77fb9c89a52ce1d618157a3b6c301d
p02_d0_013,car__deer,car_to_deer,car,deer,2,4,168,198,2502,3078,images/p02_d0_013.png,accept,,02f1957f80823063a525cc9c3bf4206c8a77fb9c89a52ce1d618157a3b6c301d
p02_d0_014,car__deer,car_to_deer,car,deer,2,4,49,190,714,2898,images/p02_d0_014.png,accept,,02f1957f80823063a525cc9c3bf4206c8a77fb9c89a52ce1d618157a3b6c301d
p02_d0_015,car__deer,car_to_deer,car,deer,2,4,125,396,1839,6033,images/p02_d0_015.png,accept,,02f1957f80823063a525cc9c3bf4206c8a77fb9c89a52ce1d618157a3b6c301d
p02_d0_016,car__deer,car_to_deer,car,deer,2,4,405,163,6271,2399,images/p02_d0_016.png,accept,,02f1957f80823063a525cc9c3bf4206c8a77fb9c89a52ce1d618157a3b6c301d
p02_d0_017,car__deer,car_to_deer,car,deer,2,4,403,86,6244,1266,images/p02_d0_017.png,accept,,02f1957f80823063a525cc9c3bf4206c8a77fb9c89a52ce1d618157a3b6c301d
p02_d0_018,car__deer,car_to_deer,car,deer,2,4,352,494,5395,7940,images/p02_d0_018.png,accept,,02f1957f80823063a525cc9c3bf4206c8a77fb9c89a52ce1d618157a3b6c301d
p02_d0_019,car__deer,car_to_deer,car,deer,2,4,383,337,5824,5135,images/p02_d0_019.png,accept,,02f1957f80823063a525cc9c3bf4206c8a77fb9c89a52ce1d618157a3b6c301d
p02_d0_020,car__deer,car_to_deer,car,deer,2,4,418,247,6503,3891,images/p02_d0_020.png,accept,,02f1957f80823063a525cc9c3bf4206c8a77fb9c89a52ce1d618157a3b6c301d
p02_d0_021,car__deer,car_to_deer,car,deer,2,4,407,11,6332,171,images/p02_d0_021.png,accept,,02f1957f80823063a525cc9c3bf4206c8a77fb9c89a52ce1d618157a3b6c301d
p02_d1_000,car__deer,deer_to_car,deer,car,4,2,226,143,3458,2082,images/p02_d1_000.png,accept,,02f1957f80823063a525cc9c3bf4206c8a77fb9c89a52ce1d618157a3b6c301d
p02_d1_001,car__deer,deer_to_car,deer,car,4,2,190,423,2898,6616,images/p02_d1_001.png,accept,,02f1957f80823063a525cc9c3bf4206c8a77fb9c89a52ce1d618157a3b6c301d
p02_d1_002,car__deer,deer_to_car,deer,car,4,2,205,383,3179,5824,images/p02_d1_002.png,accept,,02f1957f80823063a525cc9c3bf4206c8a77fb9c89a52ce1d618157a3b6c301d
p02_d1_003,car__deer,deer_to_car,deer,car,4,2,215,33,3365,470,images/p02_d1_003.png,accept,,02f1957f80823063a525cc9c3bf4206c8a77fb9c89a52ce1d618157a3b6c301d
p02_d1_004,car__deer,deer_to_car,deer,car,4,2,236,261,3763,4065,images/p02_d1_004.png,accept,,02f1957f80823063a525cc9c3bf4206c8a77fb9c89a52ce1d618157a3b6c301d
p02_d1_005,car__deer,deer_to_car,deer,car,4,2,230,110,3512,1586,images/p02_d1_005.png,accept,,02f1957f80823063a525cc9c3bf4206c8a77fb9c89a52ce1d618157a3b6c301d
p02_d1_006,car__deer,deer_to_car,deer,car,4,2,201,122,3122,1814,images/p02_d1_006.png,accept,,02f1957f80823063a525cc9c3bf4206c8a77fb9c89a52ce1d618157a3b6c301d
p02_d1_007,car__deer,deer_to_car,deer,car,4,2,382,395,5789,6028,images/p02_d1_007.png,accept,,02f1957f80823063a525cc9c3bf4206c8a77fb9c89a52ce1d618157a3b6c301d
p02_d1_008,car__deer,deer_to_car,deer,car,4,2,353,4,5402,49,images/p02_d1_008.png,accept,,02f1957f80823063a525cc9c3bf4206c8a77fb9c89a52ce1d618157a3b6c301d
p02_d1_009,car__deer,deer_to_car,deer,car,4,2,163,329,2399,5030,images/p02_d1_009.png,accept,,02f1957f80823063a525cc9c3bf4206c8a77fb9c89a52ce1d618157a3b6c301d
p02_d1_010,car__deer,deer_to_car,deer,car,4,2,133,125,1960,1839,images/p02_d1_010.png,accept,,02f1957f80823063a525cc9c3bf4206c8a77fb9c89a52ce1d618157a3b6c301d
p02_d1_011,car__deer,deer_to_car,deer,car,4,2,11,448,171,7084,images/p02_d1_011.png,accept,,02f1957f80823063a525cc9c3bf4206c8a77fb9c89a52ce1d618157a3b6c301d
p02_d1_012,car__deer,deer_to_car,deer,car,4,2,373,67,5623,981,images/p02_d1_012.png,accept,,02f1957f80823063a525cc9c3bf4206c8a77fb9c89a52ce1d618157a3b6c301d
p02_d1_013,car__deer,deer_to_car,deer,car,4,2,368,194,5556,3024,images/p02_d1_013.png,accept,,02f1957f80823063a525cc9c3bf4206c8a77fb9c89a52ce1d618157a3b6c301d
p02_d1_014,car__deer,deer_to_car,deer,car,4,2,420,418,6528,6503,images/p02_d1_014.png,accept,,02f1957f80823063a525cc9c3bf4206c8a77fb9c89a52ce1d618157a3b6c301d
p02_d1_015,car__deer,deer_to_car,deer,car,4,2,476,346,7610,5318,images/p02_d1_015.png,accept,,02f1957f80823063a525cc9c3bf4206c8a77fb9c89a52ce1d618157a3b6c301d
p02_d1_017,car__deer,deer_to_car,deer,car,4,2,183,22,2757,317,images/p02_d1_017.png,accept,,02f1957f80823063a525cc9c3bf4206c8a77fb9c89a52ce1d618157a3b6c301d
p02_d1_018,car__deer,deer_to_car,deer,car,4,2,196,224,3034,3454,images/p02_d1_018.png,accept,,02f1957f80823063a525cc9c3bf4206c8a77fb9c89a52ce1d618157a3b6c301d
p02_d1_019,car__deer,deer_to_car,deer,car,4,2,299,348,4629,5333,images/p02_d1_019.png,accept,,02f1957f80823063a525cc9c3bf4206c8a77fb9c89a52ce1d618157a3b6c301d
p02_d1_020,car__deer,deer_to_car,deer,car,4,2,53,380,766,5756,images/p02_d1_020.png,accept,,02f1957f80823063a525cc9c3bf4206c8a77fb9c89a52ce1d618157a3b6c301d
p03_d0_001,dog__ship,dog_to_ship,dog,ship,5,8,243,451,3863,7138,images/p03_d0_001.png,accept,,02f1957f80823063a525cc9c3bf4206c8a77fb9c89a52ce1d618157a3b6c301d
p03_d0_002,dog__ship,dog_to_ship,dog,ship,5,8,319,50,4850,716,images/p03_d0_002.png,accept,,02f1957f80823063a525cc9c3bf4206c8a77fb9c89a52ce1d618157a3b6c301d
p03_d0_003,dog__ship,dog_to_ship,dog,ship,5,8,428,366,6716,5525,images/p03_d0_003.png,accept,,02f1957f80823063a525cc9c3bf4206c8a77fb9c89a52ce1d618157a3b6c301d
p03_d0_004,dog__ship,dog_to_ship,dog,ship,5,8,242,10,3852,151,images/p03_d0_004.png,accept,,02f1957f80823063a525cc9c3bf4206c8a77fb9c89a52ce1d618157a3b6c301d
p03_d0_005,dog__ship,dog_to_ship,dog,ship,5,8,441,472,6989,7476,images/p03_d0_005.png,accept,,02f1957f80823063a525cc9c3bf4206c8a77fb9c89a52ce1d618157a3b6c301d
p03_d0_006,dog__ship,dog_to_ship,dog,ship,5,8,112,499,1626,7999,images/p03_d0_006.png,accept,,02f1957f80823063a525cc9c3bf4206c8a77fb9c89a52ce1d618157a3b6c301d
p03_d0_007,dog__ship,dog_to_ship,dog,ship,5,8,347,52,5332,739,images/p03_d0_007.png,accept,,02f1957f80823063a525cc9c3bf4206c8a77fb9c89a52ce1d618157a3b6c301d
p03_d0_008,dog__ship,dog_to_ship,dog,ship,5,8,450,283,7130,4355,images/p03_d0_008.png,accept,,02f1957f80823063a525cc9c3bf4206c8a77fb9c89a52ce1d618157a3b6c301d
p03_d0_010,dog__ship,dog_to_ship,dog,ship,5,8,293,131,4570,1954,images/p03_d0_010.png,accept,,02f1957f80823063a525cc9c3bf4206c8a77fb9c89a52ce1d618157a3b6c301d
p03_d0_012,dog__ship,dog_to_ship,dog,ship,5,8,157,262,2334,4069,images/p03_d0_012.png,accept,,02f1957f80823063a525cc9c3bf4206c8a77fb9c89a52ce1d618157a3b6c301d
p03_d0_013,dog__ship,dog_to_ship,dog,ship,5,8,402,77,6224,1129,images/p03_d0_013.png,accept,,02f1957f80823063a525cc9c3bf4206c8a77fb9c89a52ce1d618157a3b6c301d
p03_d0_014,dog__ship,dog_to_ship,dog,ship,5,8,28,113,378,1640,images/p03_d0_014.png,accept,,02f1957f80823063a525cc9c3bf4206c8a77fb9c89a52ce1d618157a3b6c301d
p03_d0_016,dog__ship,dog_to_ship,dog,ship,5,8,128,193,1877,3015,images/p03_d0_016.png,accept,,02f1957f80823063a525cc9c3bf4206c8a77fb9c89a52ce1d618157a3b6c301d
p03_d0_017,dog__ship,dog_to_ship,dog,ship,5,8,154,488,2265,7810,images/p03_d0_017.png,accept,,02f1957f80823063a525cc9c3bf4206c8a77fb9c89a52ce1d618157a3b6c301d
p03_d0_018,dog__ship,dog_to_ship,dog,ship,5,8,412,270,6414,4177,images/p03_d0_018.png,accept,,02f1957f80823063a525cc9c3bf4206c8a77fb9c89a52ce1d618157a3b6c301d
p03_d0_019,dog__ship,dog_to_ship,dog,ship,5,8,42,84,645,1247,images/p03_d0_019.png,accept,,02f1957f80823063a525cc9c3bf4206c8a77fb9c89a52ce1d618157a3b6c301d
p03_d0_021,dog__ship,dog_to_ship,dog,ship,5,8,334,292,5101,4552,images/p03_d0_021.png,accept,,02f1957f80823063a525cc9c3bf4206c8a77fb9c89a52ce1d618157a3b6c301d
p03_d0_022,dog__ship,dog_to_ship,dog,ship,5,8,265,179,4106,2745,images/p03_d0_022.png,accept,,02f1957f80823063a525cc9c3bf4206c8a77fb9c89a52ce1d618157a3b6c301d
p03_d0_023,dog__ship,dog_to_ship,dog,ship,5,8,363,186,5496,2844,images/p03_d0_023.png,accept,,02f1957f80823063a525cc9c3bf4206c8a77fb9c89a52ce1d618157a3b6c301d
p03_d0_025,dog__ship,dog_to_ship,dog,ship,5,8,479,303,7706,4662,images/p03_d0_025.png,accept,,02f1957f80823063a525cc9c3bf4206c8a77fb9c89a52ce1d618157a3b6c301d
p03_d1_000,dog__ship,ship_to_dog,ship,dog,8,5,203,265,3157,4106,images/p03_d1_000.png,accept,,02f1957f80823063a525cc9c3bf4206c8a77fb9c89a52ce1d618157a3b6c301d
p03_d1_002,dog__ship,ship_to_dog,ship,dog,8,5,84,435,1247,6922,images/p03_d1_002.png,accept,,02f1957f80823063a525cc9c3bf4206c8a77fb9c89a52ce1d618157a3b6c301d
p03_d1_003,dog__ship,ship_to_dog,ship,dog,8,5,468,7,7460,97,images/p03_d1_003.png,accept,,02f1957f80823063a525cc9c3bf4206c8a77fb9c89a52ce1d618157a3b6c301d
p03_d1_004,dog__ship,ship_to_dog,ship,dog,8,5,492,105,7875,1552,images/p03_d1_004.png,accept,,02f1957f80823063a525cc9c3bf4206c8a77fb9c89a52ce1d618157a3b6c301d
p03_d1_005,dog__ship,ship_to_dog,ship,dog,8,5,145,243,2109,3863,images/p03_d1_005.png,accept,,02f1957f80823063a525cc9c3bf4206c8a77fb9c89a52ce1d618157a3b6c301d
p03_d1_006,dog__ship,ship_to_dog,ship,dog,8,5,14,114,194,1644,images/p03_d1_006.png,accept,,02f1957f80823063a525cc9c3bf4206c8a77fb9c89a52ce1d618157a3b6c301d
p03_d1_007,dog__ship,ship_to_dog,ship,dog,8,5,425,213,6689,3353,images/p03_d1_007.png,accept,,02f1957f80823063a525cc9c3bf4206c8a77fb9c89a52ce1d618157a3b6c301d
p03_d1_008,dog__ship,ship_to_dog,ship,dog,8,5,305,350,4676,5381,images/p03_d1_008.png,accept,,02f1957f80823063a525cc9c3bf4206c8a77fb9c89a52ce1d618157a3b6c301d
p03_d1_009,dog__ship,ship_to_dog,ship,dog,8,5,262,479,4069,7706,images/p03_d1_009.png,accept,,02f1957f80823063a525cc9c3bf4206c8a77fb9c89a52ce1d618157a3b6c301d
p03_d1_010,dog__ship,ship_to_dog,ship,dog,8,5,123,184,1833,2766,images/p03_d1_010.png,accept,,02f1957f80823063a525cc9c3bf4206c8a77fb9c89a52ce1d618157a3b6c301d
p03_d1_011,dog__ship,ship_to_dog,ship,dog,8,5,472,166,7476,2458,images/p03_d1_011.png,accept,,02f1957f80823063a525cc9c3bf4206c8a77fb9c89a52ce1d618157a3b6c301d
p03_d1_012,dog__ship,ship_to_dog,ship,dog,8,5,467,319,7446,4850,images/p03_d1_012.png,accept,,02f1957f80823063a525cc9c3bf4206c8a77fb9c89a52ce1d618157a3b6c301d
p03_d1_013,dog__ship,ship_to_dog,ship,dog,8,5,488,483,7810,7776,images/p03_d1_013.png,accept,,02f1957f80823063a525cc9c3bf4206c8a77fb9c89a52ce1d618157a3b6c301d
p03_d1_014,dog__ship,ship_to_dog,ship,dog,8,5,451,128,7138,1877,images/p03_d1_014.png,accept,,02f1957f80823063a525cc9c3bf4206c8a77fb9c89a52ce1d618157a3b6c301d
p03_d1_015,dog__ship,ship_to_dog,ship,dog,8,5,152,410,2230,6358,images/p03_d1_015.png,accept,,02f1957f80823063a525cc9c3bf4206c8a77fb9c89a52ce1d618157a3b6c301d
p03_d1_016,dog__ship,ship_to_dog,ship,dog,8,5,328,276,5000,4290,images/p03_d1_016.png,accept,,02f1957f80823063a525cc9c3bf4206c8a77fb9c89a52ce1d618157a3b6c301d
p03_d1_017,dog__ship,ship_to_dog,ship,dog,8,5,499,112,7999,1626,images/p03_d1_017.png,accept,,02f1957f80823063a525cc9c3bf4206c8a77fb9c89a52ce1d618157a3b6c301d
p03_d1_018,dog__ship,ship_to_dog,ship,dog,8,5,77,157,1129,2334,images/p03_d1_018.png,accept,,02f1957f80823063a525cc9c3bf4206c8a77fb9c89a52ce1d618157a3b6c301d
p03_d1_019,dog__ship,ship_to_dog,ship,dog,8,5,253,402,3948,6224,images/p03_d1_019.png,accept,,02f1957f80823063a525cc9c3bf4206c8a77fb9c89a52ce1d618157a3b6c301d
p03_d1_020,dog__ship,ship_to_dog,ship,dog,8,5,151,23,2191,319,images/p03_d1_020.png,accept,,02f1957f80823063a525cc9c3bf4206c8a77fb9c89a52ce1d618157a3b6c301d
p04_d0_001,horse__monkey,horse_to_monkey,horse,monkey,6,7,206,209,3191,3288,images/p04_d0_001.png,accept,,02f1957f80823063a525cc9c3bf4206c8a77fb9c89a52ce1d618157a3b6c301d
p04_d0_002,horse__monkey,horse_to_monkey,horse,monkey,6,7,60,312,890,4748,images/p04_d0_002.png,accept,,02f1957f80823063a525cc9c3bf4206c8a77fb9c89a52ce1d618157a3b6c301d
p04_d0_004,horse__monkey,horse_to_monkey,horse,monkey,6,7,484,285,7779,4403,images/p04_d0_004.png,accept,,02f1957f80823063a525cc9c3bf4206c8a77fb9c89a52ce1d618157a3b6c301d
p04_d0_005,horse__monkey,horse_to_monkey,horse,monkey,6,7,254,130,3962,1927,images/p04_d0_005.png,accept,,02f1957f80823063a525cc9c3bf4206c8a77fb9c89a52ce1d618157a3b6c301d
p04_d0_006,horse__monkey,horse_to_monkey,horse,monkey,6,7,411,132,6381,1956,images/p04_d0_006.png,accept,,02f1957f80823063a525cc9c3bf4206c8a77fb9c89a52ce1d618157a3b6c301d
p04_d0_007,horse__monkey,horse_to_monkey,horse,monkey,6,7,311,109,4746,1579,images/p04_d0_007.png,accept,,02f1957f80823063a525cc9c3bf4206c8a77fb9c89a52ce1d618157a3b6c301d
p04_d0_011,horse__monkey,horse_to_monkey,horse,monkey,6,7,498,69,7996,1032,images/p04_d0_011.png,accept,,02f1957f80823063a525cc9c3bf4206c8a77fb9c89a52ce1d618157a3b6c301d
p04_d0_014,horse__monkey,horse_to_monkey,horse,monkey,6,7,117,26,1667,370,images/p04_d0_014.png,accept,,02f1957f80823063a525cc9c3bf4206c8a77fb9c89a52ce1d618157a3b6c301d
p04_d0_015,horse__monkey,horse_to_monkey,horse,monkey,6,7,37,392,545,5977,images/p04_d0_015.png,accept,,02f1957f80823063a525cc9c3bf4206c8a77fb9c89a52ce1d618157a3b6c301d
p04_d0_016,horse__monkey,horse_to_monkey,horse,monkey,6,7,313,269,4754,4172,images/p04_d0_016.png,accept,,02f1957f80823063a525cc9c3bf4206c8a77fb9c89a52ce1d618157a3b6c301d
p04_d0_017,horse__monkey,horse_to_monkey,horse,monkey,6,7,282,129,4341,1884,images/p04_d0_017.png,accept,,02f1957f80823063a525cc9c3bf4206c8a77fb9c89a52ce1d618157a3b6c301d
p04_d0_018,horse__monkey,horse_to_monkey,horse,monkey,6,7,240,232,3844,3542,images/p04_d0_018.png,accept,,02f1957f80823063a525cc9c3bf4206c8a77fb9c89a52ce1d618157a3b6c301d
p04_d0_019,horse__monkey,horse_to_monkey,horse,monkey,6,7,286,88,4411,1296,images/p04_d0_019.png,accept,,02f1957f80823063a525cc9c3bf4206c8a77fb9c89a52ce1d618157a3b6c301d
p04_d0_020,horse__monkey,horse_to_monkey,horse,monkey,6,7,263,174,4093,2668,images/p04_d0_020.png,accept,,02f1957f80823063a525cc9c3bf4206c8a77fb9c89a52ce1d618157a3b6c301d
p04_d0_023,horse__monkey,horse_to_monkey,horse,monkey,6,7,239,98,3779,1440,images/p04_d0_023.png,accept,,02f1957f80823063a525cc9c3bf4206c8a77fb9c89a52ce1d618157a3b6c301d
p04_d0_026,horse__monkey,horse_to_monkey,horse,monkey,6,7,298,429,4620,6726,images/p04_d0_026.png,accept,,02f1957f80823063a525cc9c3bf4206c8a77fb9c89a52ce1d618157a3b6c301d
p04_d0_027,horse__monkey,horse_to_monkey,horse,monkey,6,7,32,120,449,1771,images/p04_d0_027.png,accept,,02f1957f80823063a525cc9c3bf4206c8a77fb9c89a52ce1d618157a3b6c301d
p04_d0_028,horse__monkey,horse_to_monkey,horse,monkey,6,7,318,456,4827,7270,images/p04_d0_028.png,accept,,02f1957f80823063a525cc9c3bf4206c8a77fb9c89a52ce1d618157a3b6c301d
p04_d0_029,horse__monkey,horse_to_monkey,horse,monkey,6,7,192,490,2958,7835,images/p04_d0_029.png,accept,,02f1957f80823063a525cc9c3bf4206c8a77fb9c89a52ce1d618157a3b6c301d
p04_d0_030,horse__monkey,horse_to_monkey,horse,monkey,6,7,221,244,3418,3867,images/p04_d0_030.png,accept,,02f1957f80823063a525cc9c3bf4206c8a77fb9c89a52ce1d618157a3b6c301d
p04_d1_000,horse__monkey,monkey_to_horse,monkey,horse,7,6,82,313,1220,4754,images/p04_d1_000.png,accept,,02f1957f80823063a525cc9c3bf4206c8a77fb9c89a52ce1d618157a3b6c301d
p04_d1_002,horse__monkey,monkey_to_horse,monkey,horse,7,6,357,475,5450,7600,images/p04_d1_002.png,accept,,02f1957f80823063a525cc9c3bf4206c8a77fb9c89a52ce1d618157a3b6c301d
p04_d1_003,horse__monkey,monkey_to_horse,monkey,horse,7,6,273,117,4236,1667,images/p04_d1_003.png,accept,,02f1957f80823063a525cc9c3bf4206c8a77fb9c89a52ce1d618157a3b6c301d
p04_d1_004,horse__monkey,monkey_to_horse,monkey,horse,7,6,132,229,1956,3494,images/p04_d1_004.png,accept,,02f1957f80823063a525cc9c3bf4206c8a77fb9c89a52ce1d618157a3b6c301d
p04_d1_005,horse__monkey,monkey_to_horse,monkey,horse,7,6,98,298,1440,4620,images/p04_d1_005.png,accept,,02f1957f80823063a525cc9c3bf4206c8a77fb9c89a52ce1d618157a3b6c301d
p04_d1_006,horse__monkey,monkey_to_horse,monkey,horse,7,6,398,282,6084,4341,images/p04_d1_006.png,accept,,02f1957f80823063a525cc9c3bf4206c8a77fb9c89a52ce1d618157a3b6c301d
p04_d1_007,horse__monkey,monkey_to_horse,monkey,horse,7,6,424,254,6650,3962,images/p04_d1_007.png,accept,,02f1957f80823063a525cc9c3bf4206c8a77fb9c89a52ce1d618157a3b6c301d
p04_d1_008,horse__monkey,monkey_to_horse,monkey,horse,7,6,456,354,7270,5408,images/p04_d1_008.png,accept,,02f1957f80823063a525cc9c3bf4206c8a77fb9c89a52ce1d618157a3b6c301d
p04_d1_009,horse__monkey,monkey_to_horse,monkey,horse,7,6,88,318,1296,4827,images/p04_d1_009.png,accept,,02f1957f80823063a525cc9c3bf4206c8a77fb9c89a52ce1d618157a3b6c301d
p04_d1_010,horse__monkey,monkey_to_horse,monkey,horse,7,6,70,449,1048,7108,images/p04_d1_010.png,accept,,02f1957f80823063a525cc9c3bf4206c8a77fb9c89a52ce1d618157a3b6c301d
p04_d1_011,horse__monkey,monkey_to_horse,monkey,horse,7,6,227,311,3467,4746,images/p04_d1_011.png,accept,,02f1957f80823063a525cc9c3bf4206c8a77fb9c89a52ce1d618157a3b6c301d
p04_d1_012,horse__monkey,monkey_to_horse,monkey,horse,7,6,187,210,2854,3292,images/p04_d1_012.png,accept,,02f1957f80823063a525cc9c3bf4206c8a77fb9c89a52ce1d618157a3b6c301d
p04_d1_013,horse__monkey,monkey_to_horse,monkey,horse,7,6,218,60,3404,890,images/p04_d1_013.png,accept,,02f1957f80823063a525cc9c3bf4206c8a77fb9c89a52ce1d618157a3b6c301d
p04_d1_014,horse__monkey,monkey_to_horse,monkey,horse,7,6,429,237,6726,3777,images/p04_d1_014.png,accept,,02f1957f80823063a525cc9c3bf4206c8a77fb9c89a52ce1d618157a3b6c301d
p04_d1_015,horse__monkey,monkey_to_horse,monkey,horse,7,6,209,308,3288,4731,images/p04_d1_015.png,accept,,02f1957f80823063a525cc9c3bf4206c8a77fb9c89a52ce1d618157a3b6c301d
p04_d1_017,horse__monkey,monkey_to_horse,monkey,horse,7,6,100,37,1473,545,images/p04_d1_017.png,accept,,02f1957f80823063a525cc9c3bf4206c8a77fb9c89a52ce1d618157a3b6c301d
p04_d1_018,horse__monkey,monkey_to_horse,monkey,horse,7,6,120,192,1771,2958,images/p04_d1_018.png,accept,,02f1957f80823063a525cc9c3bf4206c8a77fb9c89a52ce1d618157a3b6c301d
p04_d1_019,horse__monkey,monkey_to_horse,monkey,horse,7,6,355,175,5436,2676,images/p04_d1_019.png,accept,,02f1957f80823063a525cc9c3bf4206c8a77fb9c89a52ce1d618157a3b6c301d
p04_d1_020,horse__monkey,monkey_to_horse,monkey,horse,7,6,109,206,1579,3191,images/p04_d1_020.png,accept,,02f1957f80823063a525cc9c3bf4206c8a77fb9c89a52ce1d618157a3b6c301d
p04_d1_021,horse__monkey,monkey_to_horse,monkey,horse,7,6,378,240,5719,3844,images/p04_d1_021.png,accept,,02f1957f80823063a525cc9c3bf4206c8a77fb9c89a52ce1d618157a3b6c301d
