backbone,condition,displacement,direction,n_pairs,mean_cosine_stability,std_cosine,median_cosine
resnet50,grayscale,0,none,500,0.7884371280670166,0.09784124791622162,0.7989814877510071
resnet50,cue_conflict,0,none,200,0.3735082149505615,0.1634753942489624,0.35421323776245117
resnet50,patch_shuffle,0,none,500,0.7150606513023376,0.0736970379948616,0.718036413192749
resnet50,shift8_right,8,right,500,0.9655826091766357,0.021788999438285828,0.9715579748153687
resnet50,shift8_left,8,left,500,0.9737831950187683,0.01391033548861742,0.9767899513244629
resnet50,shift8_down,8,down,500,0.9655214548110962,0.018484659492969513,0.9693944454193115
resnet50,shift8_up,8,up,500,0.9691991209983826,0.014394047670066357,0.9720215201377869
resnet50,shift16_right,16,right,500,0.9439566731452942,0.0359845794737339,0.955027163028717
resnet50,shift16_left,16,left,500,0.9607911109924316,0.022168518975377083,0.9662454128265381
resnet50,shift16_down,16,down,500,0.9493117928504944,0.030223900452256203,0.9560678005218506
resnet50,shift16_up,16,up,500,0.9559194445610046,0.02391880191862583,0.9610689282417297
resnet50,shift32_right,32,right,500,0.9200422167778015,0.045248351991176605,0.930668830871582
resnet50,shift32_left,32,left,500,0.9402220249176025,0.035926636308431625,0.9486449360847473
resnet50,shift32_down,32,down,500,0.932677149772644,0.044879864901304245,0.9450432658195496
resnet50,shift32_up,32,up,500,0.9380038976669312,0.0390063114464283,0.9473080635070801
vit_b16,grayscale,0,none,500,0.7393350601196289,0.12604109942913055,0.7531031966209412
vit_b16,cue_conflict,0,none,200,0.40594422817230225,0.2114027440547943,0.40865767002105713
vit_b16,patch_shuffle,0,none,500,0.6531811356544495,0.11255388706922531,0.6619259715080261
vit_b16,shift8_right,8,right,500,0.9489455223083496,0.03253231570124626,0.9576408863067627
vit_b16,shift8_left,8,left,500,0.9500126838684082,0.031703874468803406,0.9577215313911438
vit_b16,shift8_down,8,down,500,0.9447148442268372,0.0319722443819046,0.9491631984710693
vit_b16,shift8_up,8,up,500,0.9448001980781555,0.0323948860168457,0.9507317543029785
vit_b16,shift16_right,16,right,500,0.9750801920890808,0.02504933625459671,0.982205867767334
vit_b16,shift16_left,16,left,500,0.9760960936546326,0.02163752168416977,0.9820112586021423
vit_b16,shift16_down,16,down,500,0.9716614484786987,0.03019690327346325,0.9815791845321655
vit_b16,shift16_up,16,up,500,0.9744415283203125,0.024583574384450912,0.982270359992981
vit_b16,shift32_right,32,right,500,0.9485114216804504,0.03996942192316055,0.9576268792152405
vit_b16,shift32_left,32,left,500,0.9478642344474792,0.040286242961883545,0.956387996673584
vit_b16,shift32_down,32,down,500,0.9336162209510803,0.054189275950193405,0.9501338005065918
vit_b16,shift32_up,32,up,500,0.9370502829551697,0.05242989584803581,0.9540544748306274
clip_b32,grayscale,0,none,500,0.8934751749038696,0.04072711989283562,0.8979814052581787
clip_b32,cue_conflict,0,none,200,0.7399314045906067,0.081873320043087,0.7421518564224243
clip_b32,patch_shuffle,0,none,500,0.7359238266944885,0.056403663009405136,0.7375784516334534
clip_b32,shift8_right,8,right,500,0.9812150597572327,0.010917658917605877,0.9840332269668579
clip_b32,shift8_left,8,left,500,0.9812456369400024,0.01045359205454588,0.9838168621063232
clip_b32,shift8_down,8,down,500,0.9810779094696045,0.009220631793141365,0.9826945066452026
clip_b32,shift8_up,8,up,500,0.9807516932487488,0.009593730792403221,0.9822536706924438
clip_b32,shift16_right,16,right,500,0.9657558798789978,0.01947552151978016,0.9691886901855469
clip_b32,shift16_left,16,left,500,0.9652841687202454,0.019803043454885483,0.9701366424560547
clip_b32,shift16_down,16,down,500,0.9712092280387878,0.013707926496863365,0.9733619093894958
clip_b32,shift16_up,16,up,500,0.9698219895362854,0.01402441505342722,0.9722667932510376
clip_b32,shift32_right,32,right,500,0.962266206741333,0.023594263941049576,0.9668799638748169
clip_b32,shift32_left,32,left,500,0.963253378868103,0.022661153227090836,0.9677178859710693
clip_b32,shift32_down,32,down,500,0.9763473272323608,0.01563188247382641,0.9798212051391602
clip_b32,shift32_up,32,up,500,0.9745108485221863,0.017713019624352455,0.9790962934494019
