backbone,condition,true_class,n_pairs,mean_cosine_stability
clip_b32,cue_conflict,airplane,20,0.7302668064832687
clip_b32,cue_conflict,bird,20,0.7296840369701385
clip_b32,cue_conflict,car,20,0.7249023854732514
clip_b32,cue_conflict,cat,20,0.7413346707820893
clip_b32,cue_conflict,deer,20,0.7151981949806213
clip_b32,cue_conflict,dog,20,0.7316285490989685
clip_b32,cue_conflict,horse,20,0.8348454922437668
clip_b32,cue_conflict,monkey,20,0.7859774649143219
clip_b32,cue_conflict,ship,20,0.6775776863098144
clip_b32,cue_conflict,truck,20,0.7278990805149078
clip_b32,grayscale,airplane,50,0.9034793734550476
clip_b32,grayscale,bird,50,0.8820576310157776
clip_b32,grayscale,car,50,0.8975957024097443
clip_b32,grayscale,cat,50,0.9029906070232392
clip_b32,grayscale,deer,50,0.8947450959682465
clip_b32,grayscale,dog,50,0.8983096837997436
clip_b32,grayscale,horse,50,0.8976175808906555
clip_b32,grayscale,monkey,50,0.8979494321346283
clip_b32,grayscale,ship,50,0.8808486425876617
clip_b32,grayscale,truck,50,0.8791578495502472
clip_b32,patch_shuffle,airplane,50,0.7286794018745423
clip_b32,patch_shuffle,bird,50,0.7662727117538453
clip_b32,patch_shuffle,car,50,0.6914866399765015
clip_b32,patch_shuffle,cat,50,0.740286854505539
clip_b32,patch_shuffle,deer,50,0.7580032455921173
clip_b32,patch_shuffle,dog,50,0.7329660439491272
clip_b32,patch_shuffle,horse,50,0.7496605050563813
clip_b32,patch_shuffle,monkey,50,0.75551020860672
clip_b32,patch_shuffle,ship,50,0.7163044333457946
clip_b32,patch_shuffle,truck,50,0.7200683760643005
clip_b32,shift16_down,airplane,50,0.970385400056839
clip_b32,shift16_down,bird,50,0.9756376397609711
clip_b32,shift16_down,car,50,0.965410852432251
clip_b32,shift16_down,cat,50,0.9701281952857971
clip_b32,shift16_down,deer,50,0.9785554647445679
clip_b32,shift16_down,dog,50,0.9745223414897919
clip_b32,shift16_down,horse,50,0.9693863320350647
clip_b32,shift16_down,monkey,50,0.9691740369796753
clip_b32,shift16_down,ship,50,0.9723554861545562
clip_b32,shift16_down,truck,50,0.9665369701385498
clip_b32,shift16_left,airplane,50,0.9694536399841308
clip_b32,shift16_left,bird,50,0.9679989731311798
clip_b32,shift16_left,car,50,0.9595186531543731
clip_b32,shift16_left,cat,50,0.9603935599327087
clip_b32,shift16_left,deer,50,0.9706499588489532
clip_b32,shift16_left,dog,50,0.9632822453975678
clip_b32,shift16_left,horse,50,0.9628727543354034
clip_b32,shift16_left,monkey,50,0.9614159190654754
clip_b32,shift16_left,ship,50,0.9761645686626435
clip_b32,shift16_left,truck,50,0.9610914003849029
clip_b32,shift16_right,airplane,50,0.967694547176361
clip_b32,shift16_right,bird,50,0.9690498876571655
clip_b32,shift16_right,car,50,0.9597103881835938
clip_b32,shift16_right,cat,50,0.9621058166027069
clip_b32,shift16_right,deer,50,0.9724356424808502
clip_b32,shift16_right,dog,50,0.9602642786502839
clip_b32,shift16_right,horse,50,0.9679490208625794
clip_b32,shift16_right,monkey,50,0.9607593071460724
clip_b32,shift16_right,ship,50,0.9748198091983795
clip_b32,shift16_right,truck,50,0.9627699112892151
clip_b32,shift16_up,airplane,50,0.9698876893520355
clip_b32,shift16_up,bird,50,0.9735114645957946
clip_b32,shift16_up,car,50,0.9628321468830109
clip_b32,shift16_up,cat,50,0.9697414457798004
clip_b32,shift16_up,deer,50,0.9749159717559814
clip_b32,shift16_up,dog,50,0.9719216454029084
clip_b32,shift16_up,horse,50,0.9697960078716278
clip_b32,shift16_up,monkey,50,0.965580130815506
clip_b32,shift16_up,ship,50,0.9737377321720123
clip_b32,shift16_up,truck,50,0.9662953245639802
clip_b32,shift32_down,airplane,50,0.98243665933609
clip_b32,shift32_down,bird,50,0.9751367127895355
clip_b32,shift32_down,car,50,0.9776392138004303
clip_b32,shift32_down,cat,50,0.9756647491455078
clip_b32,shift32_down,deer,50,0.9829377651214599
clip_b32,shift32_down,dog,50,0.9758245933055878
clip_b32,shift32_down,horse,50,0.9722861015796661
clip_b32,shift32_down,monkey,50,0.9729266536235809
clip_b32,shift32_down,ship,50,0.9764330542087555
clip_b32,shift32_down,truck,50,0.9721881878376007
clip_b32,shift32_left,airplane,50,0.9688895308971405
clip_b32,shift32_left,bird,50,0.9598152565956116
clip_b32,shift32_left,car,50,0.9537380743026733
clip_b32,shift32_left,cat,50,0.9592613899707794
clip_b32,shift32_left,deer,50,0.9760279726982116
clip_b32,shift32_left,dog,50,0.955328209400177
clip_b32,shift32_left,horse,50,0.9585444784164429
clip_b32,shift32_left,monkey,50,0.9652058756351471
clip_b32,shift32_left,ship,50,0.9761968886852265
clip_b32,shift32_left,truck,50,0.9595259320735932
clip_b32,shift32_right,airplane,50,0.9693702471256256
clip_b32,shift32_right,bird,50,0.9557309985160828
clip_b32,shift32_right,car,50,0.9516007208824158
clip_b32,shift32_right,cat,50,0.9577512502670288
clip_b32,shift32_right,deer,50,0.9746642017364502
clip_b32,shift32_right,dog,50,0.9515880107879638
clip_b32,shift32_right,horse,50,0.960984423160553
clip_b32,shift32_right,monkey,50,0.9649826991558075
clip_b32,shift32_right,ship,50,0.9732502698898315
clip_b32,shift32_right,truck,50,0.9627395212650299
clip_b32,shift32_up,airplane,50,0.9799098491668701
clip_b32,shift32_up,bird,50,0.9695020365715027
clip_b32,shift32_up,car,50,0.9727715706825256
clip_b32,shift32_up,cat,50,0.9772890281677246
clip_b32,shift32_up,deer,50,0.9806544208526611
clip_b32,shift32_up,dog,50,0.9733515453338623
clip_b32,shift32_up,horse,50,0.9658310425281524
clip_b32,shift32_up,monkey,50,0.9691583549976349
clip_b32,shift32_up,ship,50,0.9800506389141083
clip_b32,shift32_up,truck,50,0.9765902125835418
clip_b32,shift8_down,airplane,50,0.9809097146987915
clip_b32,shift8_down,bird,50,0.986202768087387
clip_b32,shift8_down,car,50,0.9765713882446289
clip_b32,shift8_down,cat,50,0.9817331862449646
clip_b32,shift8_down,deer,50,0.9843660068511962
clip_b32,shift8_down,dog,50,0.9814631462097168
clip_b32,shift8_down,horse,50,0.9804520523548126
clip_b32,shift8_down,monkey,50,0.9814073872566224
clip_b32,shift8_down,ship,50,0.9826742398738861
clip_b32,shift8_down,truck,50,0.9749986946582794
clip_b32,shift8_left,airplane,50,0.9816764676570893
clip_b32,shift8_left,bird,50,0.9837538421154022
clip_b32,shift8_left,car,50,0.9763738334178924
clip_b32,shift8_left,cat,50,0.9778968381881714
clip_b32,shift8_left,deer,50,0.9856839191913604
clip_b32,shift8_left,dog,50,0.9824214959144593
clip_b32,shift8_left,horse,50,0.9806999313831329
clip_b32,shift8_left,monkey,50,0.9810651051998138
clip_b32,shift8_left,ship,50,0.9854812943935394
clip_b32,shift8_left,truck,50,0.9774038660526275
clip_b32,shift8_right,airplane,50,0.981723759174347
clip_b32,shift8_right,bird,50,0.9843464994430542
clip_b32,shift8_right,car,50,0.9758377969264984
clip_b32,shift8_right,cat,50,0.9811629533767701
clip_b32,shift8_right,deer,50,0.9861040711402893
clip_b32,shift8_right,dog,50,0.9789729452133179
clip_b32,shift8_right,horse,50,0.9824344933032989
clip_b32,shift8_right,monkey,50,0.9802564597129821
clip_b32,shift8_right,ship,50,0.9862919008731842
clip_b32,shift8_right,truck,50,0.9750199162960053
clip_b32,shift8_up,airplane,50,0.9804334115982055
clip_b32,shift8_up,bird,50,0.9837574219703674
clip_b32,shift8_up,car,50,0.9745620715618134
clip_b32,shift8_up,cat,50,0.980718070268631
clip_b32,shift8_up,deer,50,0.9857647860050202
clip_b32,shift8_up,dog,50,0.9822050976753235
clip_b32,shift8_up,horse,50,0.981678763628006
clip_b32,shift8_up,monkey,50,0.981464614868164
clip_b32,shift8_up,ship,50,0.9825785434246064
clip_b32,shift8_up,truck,50,0.9743550860881806
resnet50,cue_conflict,airplane,20,0.25383530296385287
resnet50,cue_conflict,bird,20,0.3372065469622612
resnet50,cue_conflict,car,20,0.4200356252491474
resnet50,cue_conflict,cat,20,0.29520367570221423
resnet50,cue_conflict,deer,20,0.3585045889019966
resnet50,cue_conflict,dog,20,0.45280446484684944
resnet50,cue_conflict,horse,20,0.5002821281552314
resnet50,cue_conflict,monkey,20,0.5201824694871903
resnet50,cue_conflict,ship,20,0.2995300769805908
resnet50,cue_conflict,truck,20,0.29749771654605867
resnet50,grayscale,airplane,50,0.8436625802516937
resnet50,grayscale,bird,50,0.7328674870729447
resnet50,grayscale,car,50,0.8491765666007995
resnet50,grayscale,cat,50,0.7748997294902802
resnet50,grayscale,deer,50,0.7450514733791351
resnet50,grayscale,dog,50,0.7841346055269242
resnet50,grayscale,horse,50,0.7769900679588317
resnet50,grayscale,monkey,50,0.7544496190547944
resnet50,grayscale,ship,50,0.8002736043930053
resnet50,grayscale,truck,50,0.8228655707836151
resnet50,patch_shuffle,airplane,50,0.7162068116664887
resnet50,patch_shuffle,bird,50,0.713972281217575
resnet50,patch_shuffle,car,50,0.7327428305149079
resnet50,patch_shuffle,cat,50,0.6998430335521698
resnet50,patch_shuffle,deer,50,0.7130794692039489
resnet50,patch_shuffle,dog,50,0.7145680820941925
resnet50,patch_shuffle,horse,50,0.7248378676176072
resnet50,patch_shuffle,monkey,50,0.6914061105251312
resnet50,patch_shuffle,ship,50,0.7463301432132721
resnet50,patch_shuffle,truck,50,0.6976195067167282
resnet50,shift16_down,airplane,50,0.9539076924324036
resnet50,shift16_down,bird,50,0.9491400372982025
resnet50,shift16_down,car,50,0.9547959697246552
resnet50,shift16_down,cat,50,0.9436573004722595
resnet50,shift16_down,deer,50,0.9555084705352783
resnet50,shift16_down,dog,50,0.9579690420627593
resnet50,shift16_down,horse,50,0.949100067615509
resnet50,shift16_down,monkey,50,0.9524590754508973
resnet50,shift16_down,ship,50,0.9345211160182952
resnet50,shift16_down,truck,50,0.9420588743686676
resnet50,shift16_left,airplane,50,0.9590002858638763
resnet50,shift16_left,bird,50,0.9566795742511749
resnet50,shift16_left,car,50,0.969281222820282
resnet50,shift16_left,cat,50,0.9480462896823884
resnet50,shift16_left,deer,50,0.9625082182884216
resnet50,shift16_left,dog,50,0.9588811802864075
resnet50,shift16_left,horse,50,0.9608835709095002
resnet50,shift16_left,monkey,50,0.9593567049503327
resnet50,shift16_left,ship,50,0.967388528585434
resnet50,shift16_left,truck,50,0.965885968208313
resnet50,shift16_right,airplane,50,0.9508536767959594
resnet50,shift16_right,bird,50,0.9360736906528473
resnet50,shift16_right,car,50,0.956335242986679
resnet50,shift16_right,cat,50,0.9243188679218293
resnet50,shift16_right,deer,50,0.9385137951374054
resnet50,shift16_right,dog,50,0.9349040615558625
resnet50,shift16_right,horse,50,0.9492044103145599
resnet50,shift16_right,monkey,50,0.9308004832267761
resnet50,shift16_right,ship,50,0.9631056380271912
resnet50,shift16_right,truck,50,0.9554570078849792
resnet50,shift16_up,airplane,50,0.957719030380249
resnet50,shift16_up,bird,50,0.9565473473072053
resnet50,shift16_up,car,50,0.9611639785766601
resnet50,shift16_up,cat,50,0.9480409348011016
resnet50,shift16_up,deer,50,0.9595700991153717
resnet50,shift16_up,dog,50,0.9590518271923065
resnet50,shift16_up,horse,50,0.9544464719295501
resnet50,shift16_up,monkey,50,0.9610883522033692
resnet50,shift16_up,ship,50,0.9418370938301086
resnet50,shift16_up,truck,50,0.959729278087616
resnet50,shift32_down,airplane,50,0.945554085969925
resnet50,shift32_down,bird,50,0.9367535853385925
resnet50,shift32_down,car,50,0.9319465374946594
resnet50,shift32_down,cat,50,0.9336565458774566
resnet50,shift32_down,deer,50,0.9481432139873505
resnet50,shift32_down,dog,50,0.9441519689559936
resnet50,shift32_down,horse,50,0.9307118678092956
resnet50,shift32_down,monkey,50,0.9324109601974487
resnet50,shift32_down,ship,50,0.9045861542224884
resnet50,shift32_down,truck,50,0.9188558232784271
resnet50,shift32_left,airplane,50,0.9415120804309844
resnet50,shift32_left,bird,50,0.9324758100509644
resnet50,shift32_left,car,50,0.9468391072750092
resnet50,shift32_left,cat,50,0.9218446373939514
resnet50,shift32_left,deer,50,0.9449848484992981
resnet50,shift32_left,dog,50,0.9416560435295105
resnet50,shift32_left,horse,50,0.9446113514900207
resnet50,shift32_left,monkey,50,0.9310552763938904
resnet50,shift32_left,ship,50,0.9502582216262817
resnet50,shift32_left,truck,50,0.9469836163520813
resnet50,shift32_right,airplane,50,0.9291446721553802
resnet50,shift32_right,bird,50,0.9100935232639312
resnet50,shift32_right,car,50,0.9336366379261016
resnet50,shift32_right,cat,50,0.8940034914016723
resnet50,shift32_right,deer,50,0.9184569191932678
resnet50,shift32_right,dog,50,0.9054458200931549
resnet50,shift32_right,horse,50,0.9278669881820679
resnet50,shift32_right,monkey,50,0.9015905165672302
resnet50,shift32_right,ship,50,0.9452890574932098
resnet50,shift32_right,truck,50,0.9348952078819275
resnet50,shift32_up,airplane,50,0.9427162706851959
resnet50,shift32_up,bird,50,0.9357832074165344
resnet50,shift32_up,car,50,0.9473365867137908
resnet50,shift32_up,cat,50,0.927502543926239
resnet50,shift32_up,deer,50,0.9442037785053253
resnet50,shift32_up,dog,50,0.9413973772525788
resnet50,shift32_up,horse,50,0.9390865361690521
resnet50,shift32_up,monkey,50,0.9264817857742309
resnet50,shift32_up,ship,50,0.9232016932964325
resnet50,shift32_up,truck,50,0.9523291981220245
resnet50,shift8_down,airplane,50,0.968915890455246
resnet50,shift8_down,bird,50,0.9657021903991699
resnet50,shift8_down,car,50,0.9705666255950928
resnet50,shift8_down,cat,50,0.9607373738288879
resnet50,shift8_down,deer,50,0.9656936132907867
resnet50,shift8_down,dog,50,0.9681911718845367
resnet50,shift8_down,horse,50,0.9654983854293824
resnet50,shift8_down,monkey,50,0.9680971789360047
resnet50,shift8_down,ship,50,0.9607414352893829
resnet50,shift8_down,truck,50,0.9610712456703187
resnet50,shift8_left,airplane,50,0.973320655822754
resnet50,shift8_left,bird,50,0.9707804381847381
resnet50,shift8_left,car,50,0.9814441502094269
resnet50,shift8_left,cat,50,0.9661498928070068
resnet50,shift8_left,deer,50,0.9711073672771454
resnet50,shift8_left,dog,50,0.9714755892753602
resnet50,shift8_left,horse,50,0.9716846144199371
resnet50,shift8_left,monkey,50,0.9729546010494232
resnet50,shift8_left,ship,50,0.9805906772613525
resnet50,shift8_left,truck,50,0.9783239686489105
resnet50,shift8_right,airplane,50,0.968400946855545
resnet50,shift8_right,bird,50,0.9636596989631653
resnet50,shift8_right,car,50,0.9733765482902527
resnet50,shift8_right,cat,50,0.9513342916965485
resnet50,shift8_right,deer,50,0.9652491652965546
resnet50,shift8_right,dog,50,0.9553087103366852
resnet50,shift8_right,horse,50,0.9655679166316986
resnet50,shift8_right,monkey,50,0.9601900684833526
resnet50,shift8_right,ship,50,0.9773522961139679
resnet50,shift8_right,truck,50,0.9753861165046692
resnet50,shift8_up,airplane,50,0.970851286649704
resnet50,shift8_up,bird,50,0.9682205772399902
resnet50,shift8_up,car,50,0.9736806631088257
resnet50,shift8_up,cat,50,0.9633272325992585
resnet50,shift8_up,deer,50,0.9697869145870208
resnet50,shift8_up,dog,50,0.9705403864383697
resnet50,shift8_up,horse,50,0.9688458907604217
resnet50,shift8_up,monkey,50,0.9741478085517883
resnet50,shift8_up,ship,50,0.9638002955913544
resnet50,shift8_up,truck,50,0.9687896704673767
vit_b16,cue_conflict,airplane,20,0.3550737645477057
vit_b16,cue_conflict,bird,20,0.32334632724523543
vit_b16,cue_conflict,car,20,0.554145111516118
vit_b16,cue_conflict,cat,20,0.29872798938304185
vit_b16,cue_conflict,deer,20,0.32690140791237354
vit_b16,cue_conflict,dog,20,0.42286796420812606
vit_b16,cue_conflict,horse,20,0.5393388912081718
vit_b16,cue_conflict,monkey,20,0.5807820226997137
vit_b16,cue_conflict,ship,20,0.3098514683544636
vit_b16,cue_conflict,truck,20,0.3484074015170336
vit_b16,grayscale,airplane,50,0.8039924943447113
vit_b16,grayscale,bird,50,0.6592280831933022
vit_b16,grayscale,car,50,0.7930978155136108
vit_b16,grayscale,cat,50,0.7124773800373078
vit_b16,grayscale,deer,50,0.7196033239364624
vit_b16,grayscale,dog,50,0.7339379304647445
vit_b16,grayscale,horse,50,0.7123497915267945
vit_b16,grayscale,monkey,50,0.750051099061966
vit_b16,grayscale,ship,50,0.739718987941742
vit_b16,grayscale,truck,50,0.7688937020301819
vit_b16,patch_shuffle,airplane,50,0.6847372448444367
vit_b16,patch_shuffle,bird,50,0.6560280567407608
vit_b16,patch_shuffle,car,50,0.6167111736536026
vit_b16,patch_shuffle,cat,50,0.6445068538188934
vit_b16,patch_shuffle,deer,50,0.6314229774475097
vit_b16,patch_shuffle,dog,50,0.6695880335569382
vit_b16,patch_shuffle,horse,50,0.6473745518922805
vit_b16,patch_shuffle,monkey,50,0.6947982043027878
vit_b16,patch_shuffle,ship,50,0.6786596834659576
vit_b16,patch_shuffle,truck,50,0.607984476685524
vit_b16,shift16_down,airplane,50,0.9775532519817353
vit_b16,shift16_down,bird,50,0.9643336629867554
vit_b16,shift16_down,car,50,0.9719938504695892
vit_b16,shift16_down,cat,50,0.964405734539032
vit_b16,shift16_down,deer,50,0.978167587518692
vit_b16,shift16_down,dog,50,0.9735862147808075
vit_b16,shift16_down,horse,50,0.9660664391517639
vit_b16,shift16_down,monkey,50,0.9774437952041626
vit_b16,shift16_down,ship,50,0.9661895358562469
vit_b16,shift16_down,truck,50,0.9768745005130768
vit_b16,shift16_left,airplane,50,0.9783626055717468
vit_b16,shift16_left,bird,50,0.9804014670848846
vit_b16,shift16_left,car,50,0.9692784547805786
vit_b16,shift16_left,cat,50,0.9682621967792511
vit_b16,shift16_left,deer,50,0.9780695188045502
vit_b16,shift16_left,dog,50,0.9778701364994049
vit_b16,shift16_left,horse,50,0.9724704706668854
vit_b16,shift16_left,monkey,50,0.9889723873138427
vit_b16,shift16_left,ship,50,0.9696660733222962
vit_b16,shift16_left,truck,50,0.9776075398921966
vit_b16,shift16_right,airplane,50,0.9772765552997589
vit_b16,shift16_right,bird,50,0.9803129684925079
vit_b16,shift16_right,car,50,0.9673734605312347
vit_b16,shift16_right,cat,50,0.967175520658493
vit_b16,shift16_right,deer,50,0.9770748364925385
vit_b16,shift16_right,dog,50,0.9739510333538055
vit_b16,shift16_right,horse,50,0.9724999690055847
vit_b16,shift16_right,monkey,50,0.9880294418334961
vit_b16,shift16_right,ship,50,0.9713949465751648
vit_b16,shift16_right,truck,50,0.9757131111621856
vit_b16,shift16_up,airplane,50,0.9837840521335601
vit_b16,shift16_up,bird,50,0.9664317691326141
vit_b16,shift16_up,car,50,0.9740530526638032
vit_b16,shift16_up,cat,50,0.9653739833831787
vit_b16,shift16_up,deer,50,0.9754954874515533
vit_b16,shift16_up,dog,50,0.9748411238193512
vit_b16,shift16_up,horse,50,0.9695048451423645
vit_b16,shift16_up,monkey,50,0.9783229005336761
vit_b16,shift16_up,ship,50,0.9753472697734833
vit_b16,shift16_up,truck,50,0.9812606453895569
vit_b16,shift32_down,airplane,50,0.9584366846084594
vit_b16,shift32_down,bird,50,0.924820727109909
vit_b16,shift32_down,car,50,0.9178824269771576
vit_b16,shift32_down,cat,50,0.9211883437633515
vit_b16,shift32_down,deer,50,0.9493291962146759
vit_b16,shift32_down,dog,50,0.9397427463531494
vit_b16,shift32_down,horse,50,0.9224202418327332
vit_b16,shift32_down,monkey,50,0.9524642515182495
vit_b16,shift32_down,ship,50,0.9163583385944366
vit_b16,shift32_down,truck,50,0.9335195171833038
vit_b16,shift32_left,airplane,50,0.9533832943439484
vit_b16,shift32_left,bird,50,0.9494501888751984
vit_b16,shift32_left,car,50,0.9316046726703644
vit_b16,shift32_left,cat,50,0.9334951519966126
vit_b16,shift32_left,deer,50,0.9469810199737548
vit_b16,shift32_left,dog,50,0.9531179630756378
vit_b16,shift32_left,horse,50,0.9447666716575622
vit_b16,shift32_left,monkey,50,0.9730700922012329
vit_b16,shift32_left,ship,50,0.9439540052413941
vit_b16,shift32_left,truck,50,0.9488197481632232
vit_b16,shift32_right,airplane,50,0.9544674777984619
vit_b16,shift32_right,bird,50,0.9539071607589722
vit_b16,shift32_right,car,50,0.9324885880947114
vit_b16,shift32_right,cat,50,0.9357293713092804
vit_b16,shift32_right,deer,50,0.9520756316184997
vit_b16,shift32_right,dog,50,0.9454108452796937
vit_b16,shift32_right,horse,50,0.9422112357616425
vit_b16,shift32_right,monkey,50,0.9720357739925385
vit_b16,shift32_right,ship,50,0.9485459887981414
vit_b16,shift32_right,truck,50,0.9482418739795685
vit_b16,shift32_up,airplane,50,0.964953031539917
vit_b16,shift32_up,bird,50,0.921100242137909
vit_b16,shift32_up,car,50,0.931329894065857
vit_b16,shift32_up,cat,50,0.9160916531085967
vit_b16,shift32_up,deer,50,0.9423983979225159
vit_b16,shift32_up,dog,50,0.9393502151966096
vit_b16,shift32_up,horse,50,0.9251516854763031
vit_b16,shift32_up,monkey,50,0.9285534894466401
vit_b16,shift32_up,ship,50,0.948911144733429
vit_b16,shift32_up,truck,50,0.9526636219024658
vit_b16,shift8_down,airplane,50,0.952426985502243
vit_b16,shift8_down,bird,50,0.9460345995426178
vit_b16,shift8_down,car,50,0.9438382756710052
vit_b16,shift8_down,cat,50,0.9332108998298645
vit_b16,shift8_down,deer,50,0.9357218647003174
vit_b16,shift8_down,dog,50,0.9495135593414307
vit_b16,shift8_down,horse,50,0.9422557890415192
vit_b16,shift8_down,monkey,50,0.9598832190036773
vit_b16,shift8_down,ship,50,0.9409149241447449
vit_b16,shift8_down,truck,50,0.9433487749099732
vit_b16,shift8_left,airplane,50,0.9602787125110627
vit_b16,shift8_left,bird,50,0.9535016000270844
vit_b16,shift8_left,car,50,0.9519669795036316
vit_b16,shift8_left,cat,50,0.9286861956119538
vit_b16,shift8_left,deer,50,0.9433472084999085
vit_b16,shift8_left,dog,50,0.9445994865894317
vit_b16,shift8_left,horse,50,0.9412874615192414
vit_b16,shift8_left,monkey,50,0.9630366289615631
vit_b16,shift8_left,ship,50,0.9597346043586731
vit_b16,shift8_left,truck,50,0.9536883008480072
vit_b16,shift8_right,airplane,50,0.9573768174648285
vit_b16,shift8_right,bird,50,0.9545122909545899
vit_b16,shift8_right,car,50,0.9504680454730987
vit_b16,shift8_right,cat,50,0.9290024292469025
vit_b16,shift8_right,deer,50,0.9420513832569122
vit_b16,shift8_right,dog,50,0.9432079148292541
vit_b16,shift8_right,horse,50,0.9412394571304321
vit_b16,shift8_right,monkey,50,0.961017210483551
vit_b16,shift8_right,ship,50,0.9557830822467804
vit_b16,shift8_right,truck,50,0.954796382188797
vit_b16,shift8_up,airplane,50,0.9512388110160828
vit_b16,shift8_up,bird,50,0.9423001432418823
vit_b16,shift8_up,car,50,0.9443777346611023
vit_b16,shift8_up,cat,50,0.930671215057373
vit_b16,shift8_up,deer,50,0.9366195237636566
vit_b16,shift8_up,dog,50,0.949121366739273
vit_b16,shift8_up,horse,50,0.9420010817050933
vit_b16,shift8_up,monkey,50,0.9617474448680877
vit_b16,shift8_up,ship,50,0.9446952819824219
vit_b16,shift8_up,truck,50,0.9452296972274781
