backbone,decision_model,condition,displacement,direction,prediction_status,n_pairs,mean_cosine_stability
resnet50,resnet50,grayscale,0,none,unchanged,482,0.7905949354171753
resnet50,resnet50,grayscale,0,none,changed,18,0.7306544184684753
resnet50,resnet50,cue_conflict,0,none,unchanged,108,0.45705217123031616
resnet50,resnet50,cue_conflict,0,none,changed,92,0.27543503046035767
resnet50,resnet50,patch_shuffle,0,none,unchanged,457,0.7160358428955078
resnet50,resnet50,patch_shuffle,0,none,changed,43,0.7046957612037659
resnet50,resnet50,shift8_right,8,right,unchanged,498,0.965823233127594
resnet50,resnet50,shift8_right,8,right,changed,2,0.9056607484817505
resnet50,resnet50,shift8_left,8,left,unchanged,498,0.9739558696746826
resnet50,resnet50,shift8_left,8,left,changed,2,0.9307702779769897
resnet50,resnet50,shift8_down,8,down,unchanged,496,0.9656091928482056
resnet50,resnet50,shift8_down,8,down,changed,4,0.9546544551849365
resnet50,resnet50,shift8_up,8,up,unchanged,498,0.9692305326461792
resnet50,resnet50,shift8_up,8,up,changed,2,0.9613469243049622
resnet50,resnet50,shift16_right,16,right,unchanged,497,0.944525420665741
resnet50,resnet50,shift16_right,16,right,changed,3,0.8497390151023865
resnet50,resnet50,shift16_left,16,left,unchanged,493,0.9611985683441162
resnet50,resnet50,shift16_left,16,left,changed,7,0.9320959448814392
resnet50,resnet50,shift16_down,16,down,unchanged,497,0.9493959546089172
resnet50,resnet50,shift16_down,16,down,changed,3,0.9353528022766113
resnet50,resnet50,shift16_up,16,up,unchanged,496,0.9561384916305542
resnet50,resnet50,shift16_up,16,up,changed,4,0.9287598133087158
resnet50,resnet50,shift32_right,32,right,unchanged,493,0.9205209612846375
resnet50,resnet50,shift32_right,32,right,changed,7,0.8863304853439331
resnet50,resnet50,shift32_left,32,left,unchanged,492,0.9404414892196655
resnet50,resnet50,shift32_left,32,left,changed,8,0.9267332553863525
resnet50,resnet50,shift32_down,32,down,unchanged,493,0.9328328967094421
resnet50,resnet50,shift32_down,32,down,changed,7,0.9217020869255066
resnet50,resnet50,shift32_up,32,up,unchanged,496,0.9383718371391296
resnet50,resnet50,shift32_up,32,up,changed,4,0.8923743963241577
vit_b16,vit_b16,grayscale,0,none,unchanged,476,0.7473730444908142
vit_b16,vit_b16,grayscale,0,none,changed,24,0.5799152255058289
vit_b16,vit_b16,cue_conflict,0,none,unchanged,156,0.4708670973777771
vit_b16,vit_b16,cue_conflict,0,none,changed,44,0.17576327919960022
vit_b16,vit_b16,patch_shuffle,0,none,unchanged,453,0.6577286124229431
vit_b16,vit_b16,patch_shuffle,0,none,changed,47,0.6093515157699585
vit_b16,vit_b16,shift8_right,8,right,unchanged,493,0.9496833086013794
vit_b16,vit_b16,shift8_right,8,right,changed,7,0.8969817757606506
vit_b16,vit_b16,shift8_left,8,left,unchanged,491,0.9508830308914185
vit_b16,vit_b16,shift8_left,8,left,changed,9,0.9025298357009888
vit_b16,vit_b16,shift8_down,8,down,unchanged,493,0.9449007511138916
vit_b16,vit_b16,shift8_down,8,down,changed,7,0.9316266775131226
vit_b16,vit_b16,shift8_up,8,up,unchanged,492,0.9451049566268921
vit_b16,vit_b16,shift8_up,8,up,changed,8,0.9260631799697876
vit_b16,vit_b16,shift16_right,16,right,unchanged,494,0.9756399393081665
vit_b16,vit_b16,shift16_right,16,right,changed,6,0.9289923310279846
vit_b16,vit_b16,shift16_left,16,left,unchanged,493,0.976542592048645
vit_b16,vit_b16,shift16_left,16,left,changed,7,0.9446520209312439
vit_b16,vit_b16,shift16_down,16,down,unchanged,495,0.9718829393386841
vit_b16,vit_b16,shift16_down,16,down,changed,5,0.9497318267822266
vit_b16,vit_b16,shift16_up,16,up,unchanged,494,0.9748387932777405
vit_b16,vit_b16,shift16_up,16,up,changed,6,0.9417312145233154
vit_b16,vit_b16,shift32_right,32,right,unchanged,488,0.949699878692627
vit_b16,vit_b16,shift32_right,32,right,changed,12,0.9001767039299011
vit_b16,vit_b16,shift32_left,32,left,unchanged,484,0.949910581111908
vit_b16,vit_b16,shift32_left,32,left,changed,16,0.8859652280807495
vit_b16,vit_b16,shift32_down,32,down,unchanged,488,0.9344105124473572
vit_b16,vit_b16,shift32_down,32,down,changed,12,0.9013140201568604
vit_b16,vit_b16,shift32_up,32,up,unchanged,490,0.9392176270484924
vit_b16,vit_b16,shift32_up,32,up,changed,10,0.8308525085449219
clip_b32,clip_b32,grayscale,0,none,unchanged,477,0.8952941298484802
clip_b32,clip_b32,grayscale,0,none,changed,23,0.8557508587837219
clip_b32,clip_zero_shot,grayscale,0,none,unchanged,476,0.8954670429229736
clip_b32,clip_zero_shot,grayscale,0,none,changed,24,0.8539695143699646
clip_b32,clip_b32,cue_conflict,0,none,unchanged,154,0.7569389939308167
clip_b32,clip_b32,cue_conflict,0,none,changed,46,0.6829929947853088
clip_b32,clip_zero_shot,cue_conflict,0,none,unchanged,156,0.7558041214942932
clip_b32,clip_zero_shot,cue_conflict,0,none,changed,44,0.6836555004119873
clip_b32,clip_b32,patch_shuffle,0,none,unchanged,407,0.7416501641273499
clip_b32,clip_b32,patch_shuffle,0,none,changed,93,0.7108631730079651
clip_b32,clip_zero_shot,patch_shuffle,0,none,unchanged,405,0.7407470941543579
clip_b32,clip_zero_shot,patch_shuffle,0,none,changed,95,0.7153615951538086
clip_b32,clip_b32,shift8_right,8,right,unchanged,495,0.981276273727417
clip_b32,clip_b32,shift8_right,8,right,changed,5,0.9751548767089844
clip_b32,clip_zero_shot,shift8_right,8,right,unchanged,491,0.9814379811286926
clip_b32,clip_zero_shot,shift8_right,8,right,changed,9,0.9690555930137634
clip_b32,clip_b32,shift8_left,8,left,unchanged,492,0.9812614917755127
clip_b32,clip_b32,shift8_left,8,left,changed,8,0.9802714586257935
clip_b32,clip_zero_shot,shift8_left,8,left,unchanged,492,0.9813366532325745
clip_b32,clip_zero_shot,shift8_left,8,left,changed,8,0.9756519794464111
clip_b32,clip_b32,shift8_down,8,down,unchanged,496,0.9811166524887085
clip_b32,clip_b32,shift8_down,8,down,changed,4,0.9762714505195618
clip_b32,clip_zero_shot,shift8_down,8,down,unchanged,490,0.9811245799064636
clip_b32,clip_zero_shot,shift8_down,8,down,changed,10,0.9787899851799011
clip_b32,clip_b32,shift8_up,8,up,unchanged,490,0.9809260368347168
clip_b32,clip_b32,shift8_up,8,up,changed,10,0.9722151756286621
clip_b32,clip_zero_shot,shift8_up,8,up,unchanged,489,0.9808477163314819
clip_b32,clip_zero_shot,shift8_up,8,up,changed,11,0.9764881730079651
clip_b32,clip_b32,shift16_right,16,right,unchanged,490,0.9660108685493469
clip_b32,clip_b32,shift16_right,16,right,changed,10,0.9532591700553894
clip_b32,clip_zero_shot,shift16_right,16,right,unchanged,490,0.9661290049552917
clip_b32,clip_zero_shot,shift16_right,16,right,changed,10,0.9474713206291199
clip_b32,clip_b32,shift16_left,16,left,unchanged,493,0.9657967686653137
clip_b32,clip_b32,shift16_left,16,left,changed,7,0.9291828870773315
clip_b32,clip_zero_shot,shift16_left,16,left,unchanged,492,0.9658815860748291
clip_b32,clip_zero_shot,shift16_left,16,left,changed,8,0.9285386800765991
clip_b32,clip_b32,shift16_down,16,down,unchanged,491,0.9713500142097473
clip_b32,clip_b32,shift16_down,16,down,changed,9,0.9635310769081116
clip_b32,clip_zero_shot,shift16_down,16,down,unchanged,489,0.9712771773338318
clip_b32,clip_zero_shot,shift16_down,16,down,changed,11,0.9681928157806396
clip_b32,clip_b32,shift16_up,16,up,unchanged,491,0.9699395895004272
clip_b32,clip_b32,shift16_up,16,up,changed,9,0.9634050726890564
clip_b32,clip_zero_shot,shift16_up,16,up,unchanged,488,0.9699810743331909
clip_b32,clip_zero_shot,shift16_up,16,up,changed,12,0.9633515477180481
clip_b32,clip_b32,shift32_right,32,right,unchanged,492,0.9626104831695557
clip_b32,clip_b32,shift32_right,32,right,changed,8,0.9410915374755859
clip_b32,clip_zero_shot,shift32_right,32,right,unchanged,486,0.962611198425293
clip_b32,clip_zero_shot,shift32_right,32,right,changed,14,0.9502911567687988
clip_b32,clip_b32,shift32_left,32,left,unchanged,487,0.9638344645500183
clip_b32,clip_b32,shift32_left,32,left,changed,13,0.941483199596405
clip_b32,clip_zero_shot,shift32_left,32,left,unchanged,483,0.9635886549949646
clip_b32,clip_zero_shot,shift32_left,32,left,changed,17,0.9537253379821777
clip_b32,clip_b32,shift32_down,32,down,unchanged,493,0.976317286491394
clip_b32,clip_b32,shift32_down,32,down,changed,7,0.9784644246101379
clip_b32,clip_zero_shot,shift32_down,32,down,unchanged,488,0.9765501618385315
clip_b32,clip_zero_shot,shift32_down,32,down,changed,12,0.9680997729301453
clip_b32,clip_b32,shift32_up,32,up,unchanged,487,0.9749418497085571
clip_b32,clip_b32,shift32_up,32,up,changed,13,0.9583647847175598
clip_b32,clip_zero_shot,shift32_up,32,up,unchanged,489,0.9747167825698853
clip_b32,clip_zero_shot,shift32_up,32,up,changed,11,0.9653577208518982
