condition,original_image_id,candidate_id,class_label,class_name,sample_order,x,y
clean,4399,p00_d0_001,0,airplane,0,35.52422,-18.762526
clean,7262,p00_d0_002,0,airplane,1,38.205532,-19.255993
clean,7150,p00_d0_003,0,airplane,2,41.637783,-23.269909
clean,7009,p00_d0_004,0,airplane,3,45.357647,-16.10335
clean,7634,p00_d0_005,0,airplane,4,41.372513,-20.889996
clean,1648,p00_d0_006,0,airplane,5,43.08035,-24.020746
clean,6437,p00_d0_007,0,airplane,6,43.867237,-21.433664
clean,5918,p00_d0_009,0,airplane,7,40.324883,-18.68374
clean,2888,p00_d0_010,0,airplane,8,46.504593,-19.211868
clean,562,p00_d0_011,0,airplane,9,39.088818,-16.562922
clean,81,p00_d0_013,0,airplane,10,41.95433,-15.3902235
clean,3965,p00_d0_014,0,airplane,11,43.258675,-22.827518
clean,6609,p00_d0_015,0,airplane,12,44.37398,-12.033424
clean,1977,p00_d0_016,0,airplane,13,38.62591,-21.599152
clean,7309,p00_d0_018,0,airplane,14,45.154213,-18.356186
clean,4785,p00_d0_019,0,airplane,15,45.792744,-21.633049
clean,1175,p00_d0_020,0,airplane,16,40.178165,-23.263506
clean,6455,p00_d0_021,0,airplane,17,38.0525,-10.986398
clean,4615,p00_d0_023,0,airplane,18,38.86101,-22.538977
clean,3876,p00_d0_024,0,airplane,19,18.774464,15.272645
clean,4168,p00_d1_000,3,cat,20,-26.538237,-7.0152016
clean,3914,p00_d1_001,3,cat,21,-26.85827,-14.240135
clean,1370,p00_d1_002,3,cat,22,-24.068134,-4.5323987
clean,2539,p00_d1_003,3,cat,23,-23.004696,-13.058779
clean,672,p00_d1_004,3,cat,24,-29.642345,-14.324866
clean,7416,p00_d1_007,3,cat,25,-19.605663,-3.798103
clean,4330,p00_d1_008,3,cat,26,-31.127638,5.006705
clean,4215,p00_d1_009,3,cat,27,-18.8266,-18.905357
clean,391,p00_d1_010,3,cat,28,-28.50901,-14.020068
clean,738,p00_d1_012,3,cat,29,-16.02823,-1.4283158
clean,3778,p00_d1_013,3,cat,30,-20.643946,-7.479273
clean,3851,p00_d1_014,3,cat,31,-20.62679,-4.7360168
clean,1204,p00_d1_015,3,cat,32,-26.58881,-16.683014
clean,632,p00_d1_016,3,cat,33,-28.550117,-16.629042
clean,4881,p00_d1_017,3,cat,34,-25.605843,-19.729942
clean,2536,p00_d1_018,3,cat,35,-27.403357,-18.113602
clean,791,p00_d1_022,3,cat,36,-27.123951,-8.683123
clean,1531,p00_d1_024,3,cat,37,-30.326223,8.441046
clean,6952,p00_d1_026,3,cat,38,-25.691967,-2.7880514
clean,677,p00_d1_028,3,cat,39,-27.270508,-7.759666
clean,7202,p01_d0_000,1,bird,40,-4.7587028,4.1459694
clean,7033,p01_d0_002,1,bird,41,-18.968884,-25.875456
clean,3937,p01_d0_004,1,bird,42,-16.113043,-32.79169
clean,6594,p01_d0_005,1,bird,43,-5.226385,-29.02986
clean,1986,p01_d0_006,1,bird,44,-12.143786,-14.165069
clean,116,p01_d0_008,1,bird,45,-9.488036,-24.257154
clean,1852,p01_d0_009,1,bird,46,-15.45143,-27.620468
clean,1993,p01_d0_010,1,bird,47,-16.01273,-26.822056
clean,6733,p01_d0_011,1,bird,48,-11.881733,-13.63459
clean,1109,p01_d0_012,1,bird,49,-7.193495,-26.427448
clean,6805,p01_d0_014,1,bird,50,-6.59842,-29.998705
clean,5092,p01_d0_015,1,bird,51,-14.145089,-26.05638
clean,5560,p01_d0_016,1,bird,52,-5.2037916,2.6583555
clean,6349,p01_d0_017,1,bird,53,-18.328203,-26.143051
clean,5256,p01_d0_018,1,bird,54,-16.715145,-32.290203
clean,2095,p01_d0_020,1,bird,55,-18.68009,-30.110176
clean,5488,p01_d0_023,1,bird,56,-44.978985,-11.075158
clean,2687,p01_d0_024,1,bird,57,-16.748919,-27.896984
clean,2070,p01_d0_025,1,bird,58,-19.659655,-22.077454
clean,4640,p01_d0_026,1,bird,59,-21.661095,-26.612726
clean,239,p01_d1_000,9,truck,60,33.99614,19.235699
clean,7938,p01_d1_001,9,truck,61,30.442476,18.889626
clean,419,p01_d1_002,9,truck,62,37.975273,14.815995
clean,2414,p01_d1_004,9,truck,63,21.780012,20.037756
clean,5981,p01_d1_005,9,truck,64,39.80382,17.282303
clean,1836,p01_d1_006,9,truck,65,39.233337,22.407318
clean,5360,p01_d1_007,9,truck,66,29.816229,23.41721
clean,1468,p01_d1_009,9,truck,67,31.773756,25.972841
clean,3942,p01_d1_010,9,truck,68,27.430119,19.026905
clean,5508,p01_d1_011,9,truck,69,38.63012,19.152473
clean,7380,p01_d1_012,9,truck,70,37.139965,21.07313
clean,7266,p01_d1_013,9,truck,71,19.48364,17.80811
clean,3318,p01_d1_014,9,truck,72,29.477453,20.084873
clean,2114,p01_d1_015,9,truck,73,31.863329,26.584318
clean,7544,p01_d1_018,9,truck,74,27.633656,23.480247
clean,1411,p01_d1_020,9,truck,75,40.563046,20.446
clean,1654,p01_d1_021,9,truck,76,31.86952,18.927477
clean,5452,p01_d1_022,9,truck,77,38.36191,17.91214
clean,5788,p01_d1_023,9,truck,78,30.991173,24.867874
clean,2062,p01_d1_024,9,truck,79,37.283146,18.680737
clean,1814,p02_d0_000,2,car,80,28.506863,7.608192
clean,3067,p02_d0_001,2,car,81,28.656334,6.5032988
clean,2392,p02_d0_002,2,car,82,26.585724,7.7651024
clean,483,p02_d0_004,2,car,83,19.707893,11.324618
clean,5237,p02_d0_005,2,car,84,21.37947,10.795265
clean,7425,p02_d0_006,2,car,85,28.30962,5.1642003
clean,3755,p02_d0_007,2,car,86,21.407452,5.6232615
clean,1202,p02_d0_008,2,car,87,20.254513,9.266079
clean,2082,p02_d0_009,2,car,88,20.849186,11.909907
clean,4735,p02_d0_010,2,car,89,29.24012,8.387234
clean,5218,p02_d0_011,2,car,90,14.373767,3.0637145
clean,2502,p02_d0_013,2,car,91,14.206126,3.7943084
clean,714,p02_d0_014,2,car,92,15.648155,10.810692
clean,1839,p02_d0_015,2,car,93,23.10915,4.61487
clean,6271,p02_d0_016,2,car,94,15.874994,3.0334542
clean,6244,p02_d0_017,2,car,95,24.721804,5.570798
clean,5395,p02_d0_018,2,car,96,26.470608,4.7120275
clean,5824,p02_d0_019,2,car,97,20.380062,5.0823555
clean,6503,p02_d0_020,2,car,98,28.652987,9.369416
clean,6332,p02_d0_021,2,car,99,30.799114,8.251242
clean,3458,p02_d1_000,4,deer,100,-34.636044,20.478819
clean,2898,p02_d1_001,4,deer,101,-30.668884,20.55626
clean,3179,p02_d1_002,4,deer,102,-27.930761,19.290283
clean,3365,p02_d1_003,4,deer,103,-26.6374,18.737867
clean,3763,p02_d1_004,4,deer,104,-30.06531,21.316277
clean,3512,p02_d1_005,4,deer,105,-30.357727,22.438343
clean,3122,p02_d1_006,4,deer,106,-36.80848,21.36998
clean,5789,p02_d1_007,4,deer,107,-27.800152,20.566345
clean,5402,p02_d1_008,4,deer,108,-28.515648,22.144625
clean,2399,p02_d1_009,4,deer,109,-32.092728,18.700224
clean,1960,p02_d1_010,4,deer,110,-31.106451,10.091454
clean,171,p02_d1_011,4,deer,111,-31.056034,22.4678
clean,5623,p02_d1_012,4,deer,112,-29.304255,20.796976
clean,5556,p02_d1_013,4,deer,113,-31.691849,19.941866
clean,6528,p02_d1_014,4,deer,114,-39.17428,17.260033
clean,7610,p02_d1_015,4,deer,115,-35.672993,20.428518
clean,2757,p02_d1_017,4,deer,116,-28.039225,12.600534
clean,3034,p02_d1_018,4,deer,117,-32.079685,22.039564
clean,4629,p02_d1_019,4,deer,118,-31.367792,13.773071
clean,766,p02_d1_020,4,deer,119,-9.23071,18.778301
clean,3863,p03_d0_001,5,dog,120,-11.547443,14.153838
clean,4850,p03_d0_002,5,dog,121,-19.862928,4.152108
clean,6716,p03_d0_003,5,dog,122,-9.318238,1.3301306
clean,3852,p03_d0_004,5,dog,123,-12.383309,-5.386779
clean,6989,p03_d0_005,5,dog,124,-16.198204,11.516544
clean,1626,p03_d0_006,5,dog,125,-18.227476,2.4977596
clean,5332,p03_d0_007,5,dog,126,-16.510082,6.1097994
clean,7130,p03_d0_008,5,dog,127,-12.998978,12.775044
clean,4570,p03_d0_010,5,dog,128,-21.236912,11.370069
clean,2334,p03_d0_012,5,dog,129,-20.823956,9.841143
clean,6224,p03_d0_013,5,dog,130,-21.854507,10.866706
clean,378,p03_d0_014,5,dog,131,-18.999973,-5.924675
clean,1877,p03_d0_016,5,dog,132,-22.861242,9.6481905
clean,2265,p03_d0_017,5,dog,133,-22.911263,7.789656
clean,6414,p03_d0_018,5,dog,134,-14.08045,-0.6260589
clean,645,p03_d0_019,5,dog,135,-19.657637,5.5466523
clean,5101,p03_d0_021,5,dog,136,-12.599842,5.589211
clean,4106,p03_d0_022,5,dog,137,-10.202178,8.829002
clean,5496,p03_d0_023,5,dog,138,-11.38383,3.042462
clean,7706,p03_d0_025,5,dog,139,-7.214525,5.024195
clean,3157,p03_d1_000,8,ship,140,52.132843,5.3286734
clean,1247,p03_d1_002,8,ship,141,55.6882,6.973652
clean,7460,p03_d1_003,8,ship,142,46.627445,6.1882377
clean,7875,p03_d1_004,8,ship,143,46.264343,0.18513224
clean,2109,p03_d1_005,8,ship,144,47.593094,3.3630745
clean,194,p03_d1_006,8,ship,145,53.059002,6.112035
clean,6689,p03_d1_007,8,ship,146,48.110245,5.58613
clean,4676,p03_d1_008,8,ship,147,52.249046,6.383201
clean,4069,p03_d1_009,8,ship,148,19.113337,18.725023
clean,1833,p03_d1_010,8,ship,149,54.208447,8.035751
clean,7476,p03_d1_011,8,ship,150,41.06667,2.1921988
clean,7446,p03_d1_012,8,ship,151,49.50339,4.8631005
clean,7810,p03_d1_013,8,ship,152,46.672195,-0.84701407
clean,7138,p03_d1_014,8,ship,153,53.20708,3.334789
clean,2230,p03_d1_015,8,ship,154,50.818928,3.8876402
clean,5000,p03_d1_016,8,ship,155,51.56144,-3.8224404
clean,7999,p03_d1_017,8,ship,156,52.371304,4.5543575
clean,1129,p03_d1_018,8,ship,157,45.206764,0.3646425
clean,3948,p03_d1_019,8,ship,158,50.346104,5.7214165
clean,2191,p03_d1_020,8,ship,159,49.505665,-2.3348527
clean,3191,p04_d0_001,6,horse,160,2.0748174,20.479326
clean,890,p04_d0_002,6,horse,161,-8.992071,25.219301
clean,7779,p04_d0_004,6,horse,162,-1.4316347,19.710407
clean,3962,p04_d0_005,6,horse,163,-13.414503,23.139439
clean,6381,p04_d0_006,6,horse,164,0.7364302,23.008059
clean,4746,p04_d0_007,6,horse,165,-15.243992,23.592937
clean,7996,p04_d0_011,6,horse,166,-8.73935,26.930162
clean,1667,p04_d0_014,6,horse,167,-1.4746491,25.619246
clean,545,p04_d0_015,6,horse,168,4.3810296,20.168825
clean,4754,p04_d0_016,6,horse,169,-10.614742,23.155695
clean,4341,p04_d0_017,6,horse,170,-8.134746,27.894108
clean,3844,p04_d0_018,6,horse,171,-7.3553348,25.94219
clean,4411,p04_d0_019,6,horse,172,-0.08221479,17.160847
clean,4093,p04_d0_020,6,horse,173,-4.377311,11.930077
clean,3779,p04_d0_023,6,horse,174,-15.790592,19.081028
clean,4620,p04_d0_026,6,horse,175,-4.175194,21.347836
clean,449,p04_d0_027,6,horse,176,-8.357528,24.307283
clean,4827,p04_d0_028,6,horse,177,-3.3193483,19.84258
clean,2958,p04_d0_029,6,horse,178,-7.8862305,27.249111
clean,3418,p04_d0_030,6,horse,179,-9.626179,28.518955
clean,1220,p04_d1_000,7,monkey,180,-50.997227,-4.3787746
clean,5450,p04_d1_002,7,monkey,181,-45.51165,-14.723415
clean,4236,p04_d1_003,7,monkey,182,-43.06139,-15.206122
clean,1956,p04_d1_004,7,monkey,183,-25.304916,1.3034543
clean,1440,p04_d1_005,7,monkey,184,-41.42897,-2.53921
clean,6084,p04_d1_006,7,monkey,185,-43.01484,-17.364323
clean,6650,p04_d1_007,7,monkey,186,-35.97458,-7.729215
clean,7270,p04_d1_008,7,monkey,187,-41.850834,-12.045675
clean,1296,p04_d1_009,7,monkey,188,-36.643444,-5.922092
clean,1048,p04_d1_010,7,monkey,189,-40.179924,-0.26469252
clean,3467,p04_d1_011,7,monkey,190,-39.1026,-4.2925243
clean,2854,p04_d1_012,7,monkey,191,-50.042957,-3.78639
clean,3404,p04_d1_013,7,monkey,192,-42.101166,-1.3152648
clean,6726,p04_d1_014,7,monkey,193,-40.05095,-1.7878999
clean,3288,p04_d1_015,7,monkey,194,-51.88262,-3.5322597
clean,1473,p04_d1_017,7,monkey,195,-46.5682,-12.488434
clean,1771,p04_d1_018,7,monkey,196,-40.996975,4.0090394
clean,5436,p04_d1_019,7,monkey,197,-52.535904,-3.5111716
clean,1579,p04_d1_020,7,monkey,198,-47.150784,-9.837577
clean,5719,p04_d1_021,7,monkey,199,-43.782932,-16.632383
grayscale,4399,p00_d0_001,0,airplane,0,35.33798,-18.653837
grayscale,7262,p00_d0_002,0,airplane,1,38.76132,-20.097551
grayscale,7150,p00_d0_003,0,airplane,2,41.893246,-22.489912
grayscale,7009,p00_d0_004,0,airplane,3,45.816433,-16.643963
grayscale,7634,p00_d0_005,0,airplane,4,41.11052,-20.73749
grayscale,1648,p00_d0_006,0,airplane,5,42.222733,-21.572908
grayscale,6437,p00_d0_007,0,airplane,6,43.119938,-20.787561
grayscale,5918,p00_d0_009,0,airplane,7,41.223557,-19.584213
grayscale,2888,p00_d0_010,0,airplane,8,46.277386,-18.709566
grayscale,562,p00_d0_011,0,airplane,9,39.298504,-16.648556
grayscale,81,p00_d0_013,0,airplane,10,41.95428,-15.390211
grayscale,3965,p00_d0_014,0,airplane,11,43.012783,-22.199095
grayscale,6609,p00_d0_015,0,airplane,12,44.289425,-12.883458
grayscale,1977,p00_d0_016,0,airplane,13,39.417786,-21.710869
grayscale,7309,p00_d0_018,0,airplane,14,45.446453,-18.095467
grayscale,4785,p00_d0_019,0,airplane,15,44.772778,-20.16028
grayscale,1175,p00_d0_020,0,airplane,16,39.95934,-22.250338
grayscale,6455,p00_d0_021,0,airplane,17,38.46599,-11.151041
grayscale,4615,p00_d0_023,0,airplane,18,38.211643,-22.997543
grayscale,3876,p00_d0_024,0,airplane,19,40.132034,-12.390179
grayscale,4168,p00_d1_000,3,cat,20,-25.638582,-7.71448
grayscale,3914,p00_d1_001,3,cat,21,-27.298954,-14.706966
grayscale,1370,p00_d1_002,3,cat,22,-25.32958,-5.1402545
grayscale,2539,p00_d1_003,3,cat,23,-23.268072,-13.440312
grayscale,672,p00_d1_004,3,cat,24,-29.517725,-13.487121
grayscale,7416,p00_d1_007,3,cat,25,-19.756765,-2.810238
grayscale,4330,p00_d1_008,3,cat,26,-33.973022,13.871415
grayscale,4215,p00_d1_009,3,cat,27,-17.993576,-18.634405
grayscale,391,p00_d1_010,3,cat,28,-29.008854,-13.155732
grayscale,738,p00_d1_012,3,cat,29,-15.304435,-1.7680451
grayscale,3778,p00_d1_013,3,cat,30,-21.141947,-7.714232
grayscale,3851,p00_d1_014,3,cat,31,-21.36027,-4.190448
grayscale,1204,p00_d1_015,3,cat,32,-26.755857,-16.279518
grayscale,632,p00_d1_016,3,cat,33,-28.2517,-16.359562
grayscale,4881,p00_d1_017,3,cat,34,-21.340603,-20.815458
grayscale,2536,p00_d1_018,3,cat,35,-27.450481,-16.522148
grayscale,791,p00_d1_022,3,cat,36,-26.477137,-9.018361
grayscale,1531,p00_d1_024,3,cat,37,-31.936592,8.5490675
grayscale,6952,p00_d1_026,3,cat,38,-26.388645,-2.9381723
grayscale,677,p00_d1_028,3,cat,39,-26.141457,-8.486798
grayscale,7202,p01_d0_000,1,bird,40,-13.725387,-28.480158
grayscale,7033,p01_d0_002,1,bird,41,-19.45882,-24.73031
grayscale,3937,p01_d0_004,1,bird,42,-16.503422,-33.111504
grayscale,6594,p01_d0_005,1,bird,43,-4.855109,-28.766743
grayscale,1986,p01_d0_006,1,bird,44,-12.002659,-16.736883
grayscale,116,p01_d0_008,1,bird,45,-12.4002905,-27.471636
grayscale,1852,p01_d0_009,1,bird,46,-15.413465,-28.5206
grayscale,1993,p01_d0_010,1,bird,47,-14.71706,-28.302776
grayscale,6733,p01_d0_011,1,bird,48,-12.029837,-16.786524
grayscale,1109,p01_d0_012,1,bird,49,-7.234519,-26.882425
grayscale,6805,p01_d0_014,1,bird,50,-6.420243,-29.382076
grayscale,5092,p01_d0_015,1,bird,51,-14.34985,-27.522457
grayscale,5560,p01_d0_016,1,bird,52,-12.897768,-28.523306
grayscale,6349,p01_d0_017,1,bird,53,-19.648182,-24.809929
grayscale,5256,p01_d0_018,1,bird,54,-14.031335,-29.093056
grayscale,2095,p01_d0_020,1,bird,55,-18.785765,-30.521315
grayscale,5488,p01_d0_023,1,bird,56,-45.224403,-10.924828
grayscale,2687,p01_d0_024,1,bird,57,-16.467403,-28.350775
grayscale,2070,p01_d0_025,1,bird,58,-16.558174,-21.345856
grayscale,4640,p01_d0_026,1,bird,59,-20.645887,-24.923069
grayscale,239,p01_d1_000,9,truck,60,33.73317,20.077572
grayscale,7938,p01_d1_001,9,truck,61,31.62597,20.253954
grayscale,419,p01_d1_002,9,truck,62,38.050438,15.22162
grayscale,2414,p01_d1_004,9,truck,63,43.923367,8.171676
grayscale,5981,p01_d1_005,9,truck,64,38.78878,17.04594
grayscale,1836,p01_d1_006,9,truck,65,39.59667,21.846888
grayscale,5360,p01_d1_007,9,truck,66,32.256905,24.433855
grayscale,1468,p01_d1_009,9,truck,67,32.663624,24.993929
grayscale,3942,p01_d1_010,9,truck,68,30.511934,21.123161
grayscale,5508,p01_d1_011,9,truck,69,38.036148,19.303635
grayscale,7380,p01_d1_012,9,truck,70,36.63354,20.095793
grayscale,7266,p01_d1_013,9,truck,71,42.543175,7.324913
grayscale,3318,p01_d1_014,9,truck,72,29.989517,20.479515
grayscale,2114,p01_d1_015,9,truck,73,32.559155,25.447607
grayscale,7544,p01_d1_018,9,truck,74,32.376137,23.731844
grayscale,1411,p01_d1_020,9,truck,75,40.324,20.157402
grayscale,1654,p01_d1_021,9,truck,76,33.335896,20.298433
grayscale,5452,p01_d1_022,9,truck,77,37.93298,17.364567
grayscale,5788,p01_d1_023,9,truck,78,33.323788,21.565193
grayscale,2062,p01_d1_024,9,truck,79,37.36685,19.126797
grayscale,1814,p02_d0_000,2,car,80,29.907528,6.078903
grayscale,3067,p02_d0_001,2,car,81,29.06901,5.8836184
grayscale,2392,p02_d0_002,2,car,82,28.14297,4.215516
grayscale,483,p02_d0_004,2,car,83,24.016693,2.2573564
grayscale,5237,p02_d0_005,2,car,84,22.560822,3.1156468
grayscale,7425,p02_d0_006,2,car,85,28.538685,4.6508565
grayscale,3755,p02_d0_007,2,car,86,21.823805,3.9954493
grayscale,1202,p02_d0_008,2,car,87,24.151155,3.7645357
grayscale,2082,p02_d0_009,2,car,88,23.109236,1.8423871
grayscale,4735,p02_d0_010,2,car,89,30.115465,6.592405
grayscale,5218,p02_d0_011,2,car,90,15.229227,3.4850485
grayscale,2502,p02_d0_013,2,car,91,14.964346,4.106173
grayscale,714,p02_d0_014,2,car,92,14.869737,10.739376
grayscale,1839,p02_d0_015,2,car,93,23.230192,3.9692407
grayscale,6271,p02_d0_016,2,car,94,16.923311,2.7276566
grayscale,6244,p02_d0_017,2,car,95,24.873661,3.4245918
grayscale,5395,p02_d0_018,2,car,96,26.50322,3.9095135
grayscale,5824,p02_d0_019,2,car,97,20.903658,4.0445256
grayscale,6503,p02_d0_020,2,car,98,30.929619,6.4608088
grayscale,6332,p02_d0_021,2,car,99,30.95093,6.8579917
grayscale,3458,p02_d1_000,4,deer,100,-36.02671,18.816032
grayscale,2898,p02_d1_001,4,deer,101,-35.11126,18.835966
grayscale,3179,p02_d1_002,4,deer,102,-34.09069,15.837435
grayscale,3365,p02_d1_003,4,deer,103,-31.550608,16.252728
grayscale,3763,p02_d1_004,4,deer,104,-34.240997,19.463892
grayscale,3512,p02_d1_005,4,deer,105,-37.038124,19.405348
grayscale,3122,p02_d1_006,4,deer,106,-35.523518,15.623171
grayscale,5789,p02_d1_007,4,deer,107,-33.568657,15.239255
grayscale,5402,p02_d1_008,4,deer,108,-34.46163,16.373718
grayscale,2399,p02_d1_009,4,deer,109,-34.174526,16.881905
grayscale,1960,p02_d1_010,4,deer,110,-32.833996,10.211914
grayscale,171,p02_d1_011,4,deer,111,-35.58595,19.605423
grayscale,5623,p02_d1_012,4,deer,112,-35.897022,17.884106
grayscale,5556,p02_d1_013,4,deer,113,-33.65139,17.958738
grayscale,6528,p02_d1_014,4,deer,114,-38.36215,17.59003
grayscale,7610,p02_d1_015,4,deer,115,-36.456135,19.675503
grayscale,2757,p02_d1_017,4,deer,116,-28.660013,13.063415
grayscale,3034,p02_d1_018,4,deer,117,-36.592575,18.629469
grayscale,4629,p02_d1_019,4,deer,118,-35.367416,14.595447
grayscale,766,p02_d1_020,4,deer,119,-0.91922444,27.697067
grayscale,3863,p03_d0_001,5,dog,120,-11.354065,14.1390505
grayscale,4850,p03_d0_002,5,dog,121,-19.236372,4.5025043
grayscale,6716,p03_d0_003,5,dog,122,-10.355226,1.001023
grayscale,3852,p03_d0_004,5,dog,123,-12.490762,-5.2875214
grayscale,6989,p03_d0_005,5,dog,124,-16.405428,11.325701
grayscale,1626,p03_d0_006,5,dog,125,-18.28466,2.112408
grayscale,5332,p03_d0_007,5,dog,126,-16.877048,7.0906096
grayscale,7130,p03_d0_008,5,dog,127,-12.565017,12.423014
grayscale,4570,p03_d0_010,5,dog,128,-19.56924,10.836973
grayscale,2334,p03_d0_012,5,dog,129,-19.281073,8.826533
grayscale,6224,p03_d0_013,5,dog,130,-18.889904,10.341934
grayscale,378,p03_d0_014,5,dog,131,-18.13425,-6.342792
grayscale,1877,p03_d0_016,5,dog,132,-33.525623,10.485265
grayscale,2265,p03_d0_017,5,dog,133,-19.448435,7.5474076
grayscale,6414,p03_d0_018,5,dog,134,-13.639023,-0.179259
grayscale,645,p03_d0_019,5,dog,135,-19.09409,5.662511
grayscale,5101,p03_d0_021,5,dog,136,-12.790012,5.726173
grayscale,4106,p03_d0_022,5,dog,137,-10.44246,8.813598
grayscale,5496,p03_d0_023,5,dog,138,-11.265012,2.690452
grayscale,7706,p03_d0_025,5,dog,139,-15.489939,9.056755
grayscale,3157,p03_d1_000,8,ship,140,47.47151,8.738233
grayscale,1247,p03_d1_002,8,ship,141,47.917076,9.7862625
grayscale,7460,p03_d1_003,8,ship,142,46.179264,7.1286554
grayscale,7875,p03_d1_004,8,ship,143,44.13915,4.63963
grayscale,2109,p03_d1_005,8,ship,144,46.919266,3.7783875
grayscale,194,p03_d1_006,8,ship,145,52.3725,7.896211
grayscale,6689,p03_d1_007,8,ship,146,46.876343,8.127719
grayscale,4676,p03_d1_008,8,ship,147,51.632668,7.410427
grayscale,4069,p03_d1_009,8,ship,148,43.214203,6.4212465
grayscale,1833,p03_d1_010,8,ship,149,53.548367,7.8110013
grayscale,7476,p03_d1_011,8,ship,150,42.113533,3.76303
grayscale,7446,p03_d1_012,8,ship,151,49.453453,7.115394
grayscale,7810,p03_d1_013,8,ship,152,47.247566,-0.99477184
grayscale,7138,p03_d1_014,8,ship,153,48.704887,8.975901
grayscale,2230,p03_d1_015,8,ship,154,48.044525,7.282977
grayscale,5000,p03_d1_016,8,ship,155,50.974617,-4.10843
grayscale,7999,p03_d1_017,8,ship,156,48.439472,9.461082
grayscale,1129,p03_d1_018,8,ship,157,43.92993,4.0051174
grayscale,3948,p03_d1_019,8,ship,158,49.765137,7.8380475
grayscale,2191,p03_d1_020,8,ship,159,49.551006,-3.5859315
grayscale,3191,p04_d0_001,6,horse,160,0.1400067,26.010286
grayscale,890,p04_d0_002,6,horse,161,-6.065697,24.27176
grayscale,7779,p04_d0_004,6,horse,162,0.78915596,27.006252
grayscale,3962,p04_d0_005,6,horse,163,-14.309874,22.568285
grayscale,6381,p04_d0_006,6,horse,164,0.25563103,23.721521
grayscale,4746,p04_d0_007,6,horse,165,-16.233332,22.780548
grayscale,7996,p04_d0_011,6,horse,166,-5.144105,24.59185
grayscale,1667,p04_d0_014,6,horse,167,-1.4746488,25.619246
grayscale,545,p04_d0_015,6,horse,168,5.545452,19.847115
grayscale,4754,p04_d0_016,6,horse,169,-14.388746,21.062363
grayscale,4341,p04_d0_017,6,horse,170,-4.154589,26.132645
grayscale,3844,p04_d0_018,6,horse,171,-2.2128258,26.213686
grayscale,4411,p04_d0_019,6,horse,172,1.089447,26.849586
grayscale,4093,p04_d0_020,6,horse,173,-4.354565,12.202689
grayscale,3779,p04_d0_023,6,horse,174,-15.340946,19.347355
grayscale,4620,p04_d0_026,6,horse,175,1.2584058,27.439775
grayscale,449,p04_d0_027,6,horse,176,-6.9453006,24.374983
grayscale,4827,p04_d0_028,6,horse,177,-3.8656127,24.620611
grayscale,2958,p04_d0_029,6,horse,178,-3.722799,26.356056
grayscale,3418,p04_d0_030,6,horse,179,-10.603194,29.297544
grayscale,1220,p04_d1_000,7,monkey,180,-44.234245,-2.8830435
grayscale,5450,p04_d1_002,7,monkey,181,-45.667778,-13.809438
grayscale,4236,p04_d1_003,7,monkey,182,-42.757298,-12.643367
grayscale,1956,p04_d1_004,7,monkey,183,-17.965046,-12.45466
grayscale,1440,p04_d1_005,7,monkey,184,-42.829494,-2.5388026
grayscale,6084,p04_d1_006,7,monkey,185,-42.237476,-17.009144
grayscale,6650,p04_d1_007,7,monkey,186,-17.868774,-13.025684
grayscale,7270,p04_d1_008,7,monkey,187,-42.331676,-11.63252
grayscale,1296,p04_d1_009,7,monkey,188,-17.862934,-13.685085
grayscale,1048,p04_d1_010,7,monkey,189,-43.256542,-1.6553662
grayscale,3467,p04_d1_011,7,monkey,190,-39.575527,-5.4106703
grayscale,2854,p04_d1_012,7,monkey,191,-43.60785,-3.0429611
grayscale,3404,p04_d1_013,7,monkey,192,-42.62724,-1.5958388
grayscale,6726,p04_d1_014,7,monkey,193,-43.397526,-3.9282355
grayscale,3288,p04_d1_015,7,monkey,194,-52.922894,-5.2838206
grayscale,1473,p04_d1_017,7,monkey,195,-46.484375,-11.88564
grayscale,1771,p04_d1_018,7,monkey,196,-41.23886,3.804187
grayscale,5436,p04_d1_019,7,monkey,197,-52.483597,-4.9578567
grayscale,1579,p04_d1_020,7,monkey,198,-46.503212,-10.589021
grayscale,5719,p04_d1_021,7,monkey,199,-42.96498,-16.663357
cue_conflict,4399,p00_d0_001,0,airplane,0,-0.40423515,-21.026274
cue_conflict,7262,p00_d0_002,0,airplane,1,3.27459,-17.74355
cue_conflict,7150,p00_d0_003,0,airplane,2,9.436041,-17.08447
cue_conflict,7009,p00_d0_004,0,airplane,3,1.853758,-19.036137
cue_conflict,7634,p00_d0_005,0,airplane,4,2.4688592,-21.613064
cue_conflict,1648,p00_d0_006,0,airplane,5,3.7514668,-16.036207
cue_conflict,6437,p00_d0_007,0,airplane,6,-2.2039118,-18.664862
cue_conflict,5918,p00_d0_009,0,airplane,7,4.6226,-10.912517
cue_conflict,2888,p00_d0_010,0,airplane,8,0.6769743,-18.044159
cue_conflict,562,p00_d0_011,0,airplane,9,-1.1816882,-20.701689
cue_conflict,81,p00_d0_013,0,airplane,10,3.7843535,-15.851486
cue_conflict,3965,p00_d0_014,0,airplane,11,-1.7682278,-19.825907
cue_conflict,6609,p00_d0_015,0,airplane,12,1.0126615,-16.858086
cue_conflict,1977,p00_d0_016,0,airplane,13,3.5488765,-11.635798
cue_conflict,7309,p00_d0_018,0,airplane,14,6.3857555,-9.479721
cue_conflict,4785,p00_d0_019,0,airplane,15,0.08667838,-18.390919
cue_conflict,1175,p00_d0_020,0,airplane,16,1.6573849,-20.726795
cue_conflict,6455,p00_d0_021,0,airplane,17,-1.5032226,-11.98738
cue_conflict,4615,p00_d0_023,0,airplane,18,6.305962,-8.964912
cue_conflict,3876,p00_d0_024,0,airplane,19,5.4629297,-9.967156
cue_conflict,4168,p00_d1_000,3,cat,20,3.9316869,-9.200883
cue_conflict,3914,p00_d1_001,3,cat,21,-27.116905,-13.273497
cue_conflict,1370,p00_d1_002,3,cat,22,2.5429757,-13.9406
cue_conflict,2539,p00_d1_003,3,cat,23,5.9508686,-20.122162
cue_conflict,672,p00_d1_004,3,cat,24,6.2660418,-21.6126
cue_conflict,7416,p00_d1_007,3,cat,25,-14.247983,-2.1674163
cue_conflict,4330,p00_d1_008,3,cat,26,-3.657846,-4.6771107
cue_conflict,4215,p00_d1_009,3,cat,27,8.914679,-18.650305
cue_conflict,391,p00_d1_010,3,cat,28,5.3910117,-15.539923
cue_conflict,738,p00_d1_012,3,cat,29,8.2686825,-18.83406
cue_conflict,3778,p00_d1_013,3,cat,30,7.2075725,-22.512745
cue_conflict,3851,p00_d1_014,3,cat,31,-0.38068405,-13.248984
cue_conflict,1204,p00_d1_015,3,cat,32,-0.88420314,-19.245747
cue_conflict,632,p00_d1_016,3,cat,33,5.628549,-21.264954
cue_conflict,4881,p00_d1_017,3,cat,34,5.7508364,-16.092146
cue_conflict,2536,p00_d1_018,3,cat,35,4.58125,-12.425518
cue_conflict,791,p00_d1_022,3,cat,36,7.359623,-23.016401
cue_conflict,1531,p00_d1_024,3,cat,37,-3.0007613,-15.699131
cue_conflict,6952,p00_d1_026,3,cat,38,9.397086,-20.38725
cue_conflict,677,p00_d1_028,3,cat,39,7.5614347,-23.797792
cue_conflict,7202,p01_d0_000,1,bird,40,3.4840016,-12.695856
cue_conflict,7033,p01_d0_002,1,bird,41,10.545698,-17.547379
cue_conflict,3937,p01_d0_004,1,bird,42,11.859811,-20.139088
cue_conflict,6594,p01_d0_005,1,bird,43,5.010199,-13.325624
cue_conflict,1986,p01_d0_006,1,bird,44,13.555355,-14.151543
cue_conflict,116,p01_d0_008,1,bird,45,4.436841,-14.217899
cue_conflict,1852,p01_d0_009,1,bird,46,11.021337,-19.220974
cue_conflict,1993,p01_d0_010,1,bird,47,-10.78915,-25.046978
cue_conflict,6733,p01_d0_011,1,bird,48,-6.7414975,-16.539448
cue_conflict,1109,p01_d0_012,1,bird,49,12.129171,-16.871397
cue_conflict,6805,p01_d0_014,1,bird,50,5.261224,-13.401816
cue_conflict,5092,p01_d0_015,1,bird,51,11.401017,-19.553537
cue_conflict,5560,p01_d0_016,1,bird,52,11.724558,-14.202366
cue_conflict,6349,p01_d0_017,1,bird,53,-0.20155884,-20.344702
cue_conflict,5256,p01_d0_018,1,bird,54,7.0844126,-15.276622
cue_conflict,2095,p01_d0_020,1,bird,55,8.84047,-20.747011
cue_conflict,5488,p01_d0_023,1,bird,56,-45.251465,-8.647811
cue_conflict,2687,p01_d0_024,1,bird,57,13.618111,-13.335033
cue_conflict,2070,p01_d0_025,1,bird,58,8.594574,-13.159895
cue_conflict,4640,p01_d0_026,1,bird,59,10.136498,-17.544556
cue_conflict,239,p01_d1_000,9,truck,60,14.095595,-7.993961
cue_conflict,7938,p01_d1_001,9,truck,61,4.6083317,-19.042816
cue_conflict,419,p01_d1_002,9,truck,62,11.391086,-10.029241
cue_conflict,2414,p01_d1_004,9,truck,63,-0.01211891,-19.890194
cue_conflict,5981,p01_d1_005,9,truck,64,3.8701637,-19.288849
cue_conflict,1836,p01_d1_006,9,truck,65,7.576792,-8.255996
cue_conflict,5360,p01_d1_007,9,truck,66,10.389069,-8.981591
cue_conflict,1468,p01_d1_009,9,truck,67,11.787512,-7.743227
cue_conflict,3942,p01_d1_010,9,truck,68,14.301497,-8.886856
cue_conflict,5508,p01_d1_011,9,truck,69,11.58927,-7.505612
cue_conflict,7380,p01_d1_012,9,truck,70,9.56919,-15.100747
cue_conflict,7266,p01_d1_013,9,truck,71,8.236499,-8.41599
cue_conflict,3318,p01_d1_014,9,truck,72,7.7674384,-9.811318
cue_conflict,2114,p01_d1_015,9,truck,73,29.700495,25.262209
cue_conflict,7544,p01_d1_018,9,truck,74,10.198215,-9.380025
cue_conflict,1411,p01_d1_020,9,truck,75,6.262153,-19.043642
cue_conflict,1654,p01_d1_021,9,truck,76,12.647688,-8.696136
cue_conflict,5452,p01_d1_022,9,truck,77,6.8897524,-18.75349
cue_conflict,5788,p01_d1_023,9,truck,78,12.46567,-12.363434
cue_conflict,2062,p01_d1_024,9,truck,79,11.6215725,-13.807971
cue_conflict,1814,p02_d0_000,2,car,80,13.442142,-4.9553914
cue_conflict,3067,p02_d0_001,2,car,81,15.471028,-2.3787737
cue_conflict,2392,p02_d0_002,2,car,82,15.077826,-2.1322844
cue_conflict,483,p02_d0_004,2,car,83,7.9175873,-7.4328856
cue_conflict,5237,p02_d0_005,2,car,84,21.472542,2.349809
cue_conflict,7425,p02_d0_006,2,car,85,14.253013,-4.1620035
cue_conflict,3755,p02_d0_007,2,car,86,15.563135,-5.8174567
cue_conflict,1202,p02_d0_008,2,car,87,7.7426987,-17.897749
cue_conflict,2082,p02_d0_009,2,car,88,14.754776,-6.1139874
cue_conflict,4735,p02_d0_010,2,car,89,13.448185,-5.0031767
cue_conflict,5218,p02_d0_011,2,car,90,15.097583,-1.2414373
cue_conflict,2502,p02_d0_013,2,car,91,4.939029,-8.500766
cue_conflict,714,p02_d0_014,2,car,92,13.033175,-11.864598
cue_conflict,1839,p02_d0_015,2,car,93,0.7800448,-19.749636
cue_conflict,6271,p02_d0_016,2,car,94,14.550644,-4.723646
cue_conflict,6244,p02_d0_017,2,car,95,13.874557,-13.242661
cue_conflict,5395,p02_d0_018,2,car,96,14.788407,-4.0783687
cue_conflict,5824,p02_d0_019,2,car,97,2.228981,-21.089293
cue_conflict,6503,p02_d0_020,2,car,98,12.845751,-6.0718994
cue_conflict,6332,p02_d0_021,2,car,99,0.2817666,-21.586927
cue_conflict,3458,p02_d1_000,4,deer,100,-4.4025736,-11.14097
cue_conflict,2898,p02_d1_001,4,deer,101,-3.7483382,-14.9351015
cue_conflict,3179,p02_d1_002,4,deer,102,2.3748398,-5.770394
cue_conflict,3365,p02_d1_003,4,deer,103,1.6117892,-14.066919
cue_conflict,3763,p02_d1_004,4,deer,104,-5.267534,-12.529857
cue_conflict,3512,p02_d1_005,4,deer,105,-4.035417,-11.233639
cue_conflict,3122,p02_d1_006,4,deer,106,7.684103,-16.389269
cue_conflict,5789,p02_d1_007,4,deer,107,-5.125844,-12.218274
cue_conflict,5402,p02_d1_008,4,deer,108,8.1291275,-15.368681
cue_conflict,2399,p02_d1_009,4,deer,109,-3.773654,-15.081473
cue_conflict,1960,p02_d1_010,4,deer,110,-1.6514455,-14.383031
cue_conflict,171,p02_d1_011,4,deer,111,-2.383326,-14.951616
cue_conflict,5623,p02_d1_012,4,deer,112,8.912059,-16.539272
cue_conflict,5556,p02_d1_013,4,deer,113,-5.5882235,-10.318449
cue_conflict,6528,p02_d1_014,4,deer,114,0.91987437,-12.030231
cue_conflict,7610,p02_d1_015,4,deer,115,-5.093849,-11.848631
cue_conflict,2757,p02_d1_017,4,deer,116,-2.159916,-12.381689
cue_conflict,3034,p02_d1_018,4,deer,117,12.4333,-16.409733
cue_conflict,4629,p02_d1_019,4,deer,118,8.440169,-16.132017
cue_conflict,766,p02_d1_020,4,deer,119,11.889788,-17.10445
cue_conflict,3863,p03_d0_001,5,dog,120,-0.8550733,-6.311298
cue_conflict,4850,p03_d0_002,5,dog,121,-4.125297,-4.7791595
cue_conflict,6716,p03_d0_003,5,dog,122,2.0660472,-16.307837
cue_conflict,3852,p03_d0_004,5,dog,123,-11.522499,-5.687723
cue_conflict,6989,p03_d0_005,5,dog,124,-15.942601,10.601067
cue_conflict,1626,p03_d0_006,5,dog,125,-5.7341905,-4.270447
cue_conflict,5332,p03_d0_007,5,dog,126,-16.311602,6.8490396
cue_conflict,7130,p03_d0_008,5,dog,127,-3.6389987,-5.287185
cue_conflict,4570,p03_d0_010,5,dog,128,-19.304539,17.33219
cue_conflict,2334,p03_d0_012,5,dog,129,-20.332201,9.183216
cue_conflict,6224,p03_d0_013,5,dog,130,-18.349014,10.016849
cue_conflict,378,p03_d0_014,5,dog,131,-17.833061,-4.9727306
cue_conflict,1877,p03_d0_016,5,dog,132,11.440264,-15.9409
cue_conflict,2265,p03_d0_017,5,dog,133,1.4576811,-5.4546313
cue_conflict,6414,p03_d0_018,5,dog,134,2.8885055,-13.344364
cue_conflict,645,p03_d0_019,5,dog,135,-18.331308,17.070858
cue_conflict,5101,p03_d0_021,5,dog,136,-3.5923681,-3.4343867
cue_conflict,4106,p03_d0_022,5,dog,137,1.0154728,-4.9564176
cue_conflict,5496,p03_d0_023,5,dog,138,-4.2849164,-2.6355338
cue_conflict,7706,p03_d0_025,5,dog,139,-2.140369,-5.244232
cue_conflict,3157,p03_d1_000,8,ship,140,10.190924,-9.843492
cue_conflict,1247,p03_d1_002,8,ship,141,4.162223,-17.687336
cue_conflict,7460,p03_d1_003,8,ship,142,10.468394,-12.180856
cue_conflict,7875,p03_d1_004,8,ship,143,1.6417071,-11.575124
cue_conflict,2109,p03_d1_005,8,ship,144,3.5622146,-20.295408
cue_conflict,194,p03_d1_006,8,ship,145,8.9488945,-11.296253
cue_conflict,6689,p03_d1_007,8,ship,146,41.92143,1.6383158
cue_conflict,4676,p03_d1_008,8,ship,147,11.027867,-11.006824
cue_conflict,4069,p03_d1_009,8,ship,148,3.0192506,-10.118282
cue_conflict,1833,p03_d1_010,8,ship,149,10.298706,-13.278864
cue_conflict,7476,p03_d1_011,8,ship,150,6.5174294,-11.394788
cue_conflict,7446,p03_d1_012,8,ship,151,2.3811247,-18.900776
cue_conflict,7810,p03_d1_013,8,ship,152,8.898226,-11.127977
cue_conflict,7138,p03_d1_014,8,ship,153,2.767155,-8.885689
cue_conflict,2230,p03_d1_015,8,ship,154,10.272993,-11.83742
cue_conflict,5000,p03_d1_016,8,ship,155,-2.0247679,-21.055325
cue_conflict,7999,p03_d1_017,8,ship,156,3.0753117,-19.415642
cue_conflict,1129,p03_d1_018,8,ship,157,4.1568737,-10.001368
cue_conflict,3948,p03_d1_019,8,ship,158,2.4718997,-10.4983835
cue_conflict,2191,p03_d1_020,8,ship,159,-0.09373524,-16.318836
cue_conflict,3191,p04_d0_001,6,horse,160,1.0682554,12.850944
cue_conflict,890,p04_d0_002,6,horse,161,-40.339924,-7.3028183
cue_conflict,7779,p04_d0_004,6,horse,162,0.8550146,14.221111
cue_conflict,3962,p04_d0_005,6,horse,163,-18.891768,18.073294
cue_conflict,6381,p04_d0_006,6,horse,164,-1.5457621,23.82267
cue_conflict,4746,p04_d0_007,6,horse,165,-16.541378,21.26708
cue_conflict,7996,p04_d0_011,6,horse,166,-1.7615998,-9.304834
cue_conflict,1667,p04_d0_014,6,horse,167,1.0973282,11.793234
cue_conflict,545,p04_d0_015,6,horse,168,-1.4018581,-17.072348
cue_conflict,4754,p04_d0_016,6,horse,169,-15.0887575,21.434647
cue_conflict,4341,p04_d0_017,6,horse,170,-2.1870809,23.479925
cue_conflict,3844,p04_d0_018,6,horse,171,1.0083874,11.022132
cue_conflict,4411,p04_d0_019,6,horse,172,0.56268483,13.949707
cue_conflict,4093,p04_d0_020,6,horse,173,-1.6079347,-10.0888815
cue_conflict,3779,p04_d0_023,6,horse,174,-2.259037,-10.189558
cue_conflict,4620,p04_d0_026,6,horse,175,-0.60321456,14.872321
cue_conflict,449,p04_d0_027,6,horse,176,1.236612,-8.42063
cue_conflict,4827,p04_d0_028,6,horse,177,-0.6726402,-14.161178
cue_conflict,2958,p04_d0_029,6,horse,178,-1.9108187,23.169819
cue_conflict,3418,p04_d0_030,6,horse,179,-10.877944,28.919897
cue_conflict,1220,p04_d1_000,7,monkey,180,-50.812363,-5.0279117
cue_conflict,5450,p04_d1_002,7,monkey,181,-4.5827947,-20.485142
cue_conflict,4236,p04_d1_003,7,monkey,182,-42.041893,-7.8487186
cue_conflict,1956,p04_d1_004,7,monkey,183,3.4893184,-7.8120112
cue_conflict,1440,p04_d1_005,7,monkey,184,-41.566578,-3.3587906
cue_conflict,6084,p04_d1_006,7,monkey,185,4.7401347,-6.283481
cue_conflict,6650,p04_d1_007,7,monkey,186,-4.8543086,-20.523798
cue_conflict,7270,p04_d1_008,7,monkey,187,-40.874947,-7.8970876
cue_conflict,1296,p04_d1_009,7,monkey,188,6.8012094,-13.64296
cue_conflict,1048,p04_d1_010,7,monkey,189,-2.5998793,-18.874641
cue_conflict,3467,p04_d1_011,7,monkey,190,-39.635704,-6.378147
cue_conflict,2854,p04_d1_012,7,monkey,191,-45.602905,-6.797706
cue_conflict,3404,p04_d1_013,7,monkey,192,-41.702534,-4.2153707
cue_conflict,6726,p04_d1_014,7,monkey,193,-42.68667,-5.437689
cue_conflict,3288,p04_d1_015,7,monkey,194,-45.052258,-7.4551563
cue_conflict,1473,p04_d1_017,7,monkey,195,-45.105907,-8.738814
cue_conflict,1771,p04_d1_018,7,monkey,196,8.8360615,-13.902817
cue_conflict,5436,p04_d1_019,7,monkey,197,-51.752003,-4.8527393
cue_conflict,1579,p04_d1_020,7,monkey,198,-46.160606,-8.795712
cue_conflict,5719,p04_d1_021,7,monkey,199,-42.303894,-6.967348
shift32_right,4399,p00_d0_001,0,airplane,0,35.492573,-18.737417
shift32_right,7262,p00_d0_002,0,airplane,1,38.09947,-19.29834
shift32_right,7150,p00_d0_003,0,airplane,2,40.92757,-23.439163
shift32_right,7009,p00_d0_004,0,airplane,3,45.315247,-16.040018
shift32_right,7634,p00_d0_005,0,airplane,4,40.80132,-21.065386
shift32_right,1648,p00_d0_006,0,airplane,5,41.982155,-24.278778
shift32_right,6437,p00_d0_007,0,airplane,6,43.691616,-20.810099
shift32_right,5918,p00_d0_009,0,airplane,7,40.227695,-18.270525
shift32_right,2888,p00_d0_010,0,airplane,8,46.64255,-19.143478
shift32_right,562,p00_d0_011,0,airplane,9,38.866745,-16.155025
shift32_right,81,p00_d0_013,0,airplane,10,41.532303,-15.217572
shift32_right,3965,p00_d0_014,0,airplane,11,42.876823,-22.932512
shift32_right,6609,p00_d0_015,0,airplane,12,44.38329,-11.944206
shift32_right,1977,p00_d0_016,0,airplane,13,37.76876,-21.419378
shift32_right,7309,p00_d0_018,0,airplane,14,44.769382,-17.716593
shift32_right,4785,p00_d0_019,0,airplane,15,45.879993,-21.552614
shift32_right,1175,p00_d0_020,0,airplane,16,39.513657,-23.633596
shift32_right,6455,p00_d0_021,0,airplane,17,37.779495,-10.500796
shift32_right,4615,p00_d0_023,0,airplane,18,38.255127,-22.381676
shift32_right,3876,p00_d0_024,0,airplane,19,18.56787,15.332616
shift32_right,4168,p00_d1_000,3,cat,20,-26.716932,-6.848331
shift32_right,3914,p00_d1_001,3,cat,21,-26.94148,-14.325008
shift32_right,1370,p00_d1_002,3,cat,22,-24.017286,-4.402044
shift32_right,2539,p00_d1_003,3,cat,23,-23.037714,-13.001778
shift32_right,672,p00_d1_004,3,cat,24,-29.879316,-14.711035
shift32_right,7416,p00_d1_007,3,cat,25,-19.528248,-3.5286603
shift32_right,4330,p00_d1_008,3,cat,26,-31.069347,4.9148755
shift32_right,4215,p00_d1_009,3,cat,27,-18.752686,-18.81501
shift32_right,391,p00_d1_010,3,cat,28,-28.969542,-14.817443
shift32_right,738,p00_d1_012,3,cat,29,-15.787525,-0.88721764
shift32_right,3778,p00_d1_013,3,cat,30,-20.867243,-7.5220623
shift32_right,3851,p00_d1_014,3,cat,31,-20.731869,-4.7928066
shift32_right,1204,p00_d1_015,3,cat,32,-25.447796,-17.058556
shift32_right,632,p00_d1_016,3,cat,33,-28.839909,-16.945389
shift32_right,4881,p00_d1_017,3,cat,34,-25.371054,-19.90921
shift32_right,2536,p00_d1_018,3,cat,35,-27.710022,-18.09281
shift32_right,791,p00_d1_022,3,cat,36,-27.15979,-8.944162
shift32_right,1531,p00_d1_024,3,cat,37,-30.231714,8.451777
shift32_right,6952,p00_d1_026,3,cat,38,-25.545544,-2.7028453
shift32_right,677,p00_d1_028,3,cat,39,-27.24326,-7.560092
shift32_right,7202,p01_d0_000,1,bird,40,-4.2968435,4.2819905
shift32_right,7033,p01_d0_002,1,bird,41,-18.961002,-27.000624
shift32_right,3937,p01_d0_004,1,bird,42,-16.07342,-32.606625
shift32_right,6594,p01_d0_005,1,bird,43,-5.1438446,-29.061632
shift32_right,1986,p01_d0_006,1,bird,44,-11.850671,-14.301993
shift32_right,116,p01_d0_008,1,bird,45,-9.076989,-24.171488
shift32_right,1852,p01_d0_009,1,bird,46,-15.448064,-27.587427
shift32_right,1993,p01_d0_010,1,bird,47,-16.003428,-26.58097
shift32_right,6733,p01_d0_011,1,bird,48,-11.810301,-13.758847
shift32_right,1109,p01_d0_012,1,bird,49,-7.050736,-25.946888
shift32_right,6805,p01_d0_014,1,bird,50,-6.600991,-29.971004
shift32_right,5092,p01_d0_015,1,bird,51,-14.124989,-26.17167
shift32_right,5560,p01_d0_016,1,bird,52,-5.2306232,2.5883017
shift32_right,6349,p01_d0_017,1,bird,53,-18.475687,-26.668512
shift32_right,5256,p01_d0_018,1,bird,54,-16.66759,-31.81571
shift32_right,2095,p01_d0_020,1,bird,55,-18.667622,-30.042793
shift32_right,5488,p01_d0_023,1,bird,56,-45.0781,-11.071491
shift32_right,2687,p01_d0_024,1,bird,57,-17.17957,-27.918945
shift32_right,2070,p01_d0_025,1,bird,58,-19.31805,-21.471321
shift32_right,4640,p01_d0_026,1,bird,59,-21.816399,-26.721992
shift32_right,239,p01_d1_000,9,truck,60,34.075756,18.880966
shift32_right,7938,p01_d1_001,9,truck,61,30.57035,18.58429
shift32_right,419,p01_d1_002,9,truck,62,37.894257,14.665202
shift32_right,2414,p01_d1_004,9,truck,63,21.73783,19.999643
shift32_right,5981,p01_d1_005,9,truck,64,39.831757,16.929995
shift32_right,1836,p01_d1_006,9,truck,65,39.169907,22.498375
shift32_right,5360,p01_d1_007,9,truck,66,29.84015,23.282122
shift32_right,1468,p01_d1_009,9,truck,67,31.30349,26.034151
shift32_right,3942,p01_d1_010,9,truck,68,27.290092,18.989773
shift32_right,5508,p01_d1_011,9,truck,69,38.222923,18.830378
shift32_right,7380,p01_d1_012,9,truck,70,36.957325,21.10038
shift32_right,7266,p01_d1_013,9,truck,71,19.41559,17.804878
shift32_right,3318,p01_d1_014,9,truck,72,29.392466,20.1095
shift32_right,2114,p01_d1_015,9,truck,73,31.553885,26.705917
shift32_right,7544,p01_d1_018,9,truck,74,27.602207,23.44311
shift32_right,1411,p01_d1_020,9,truck,75,40.891518,20.384695
shift32_right,1654,p01_d1_021,9,truck,76,31.7214,18.897152
shift32_right,5452,p01_d1_022,9,truck,77,38.73449,18.105423
shift32_right,5788,p01_d1_023,9,truck,78,31.017866,25.13525
shift32_right,2062,p01_d1_024,9,truck,79,37.296276,18.317968
shift32_right,1814,p02_d0_000,2,car,80,28.29172,7.8863072
shift32_right,3067,p02_d0_001,2,car,81,28.402134,6.697482
shift32_right,2392,p02_d0_002,2,car,82,26.578325,7.684824
shift32_right,483,p02_d0_004,2,car,83,19.299988,11.325144
shift32_right,5237,p02_d0_005,2,car,84,21.399948,10.4970455
shift32_right,7425,p02_d0_006,2,car,85,27.90389,5.276096
shift32_right,3755,p02_d0_007,2,car,86,21.39091,5.664203
shift32_right,1202,p02_d0_008,2,car,87,20.086008,9.445654
shift32_right,2082,p02_d0_009,2,car,88,20.721344,12.000431
shift32_right,4735,p02_d0_010,2,car,89,29.243265,8.678646
shift32_right,5218,p02_d0_011,2,car,90,14.664466,3.1830099
shift32_right,2502,p02_d0_013,2,car,91,14.351658,4.305354
shift32_right,714,p02_d0_014,2,car,92,15.597982,10.823856
shift32_right,1839,p02_d0_015,2,car,93,23.292809,5.023899
shift32_right,6271,p02_d0_016,2,car,94,16.431683,3.3642302
shift32_right,6244,p02_d0_017,2,car,95,24.780745,5.6984105
shift32_right,5395,p02_d0_018,2,car,96,26.150318,4.8638015
shift32_right,5824,p02_d0_019,2,car,97,20.306808,5.1935644
shift32_right,6503,p02_d0_020,2,car,98,28.811573,9.381567
shift32_right,6332,p02_d0_021,2,car,99,30.993296,8.404515
shift32_right,3458,p02_d1_000,4,deer,100,-34.576466,21.738325
shift32_right,2898,p02_d1_001,4,deer,101,-30.680038,20.79681
shift32_right,3179,p02_d1_002,4,deer,102,-27.99234,19.006218
shift32_right,3365,p02_d1_003,4,deer,103,-26.42108,18.373426
shift32_right,3763,p02_d1_004,4,deer,104,-30.934006,21.46384
shift32_right,3512,p02_d1_005,4,deer,105,-30.199957,22.547888
shift32_right,3122,p02_d1_006,4,deer,106,-36.737473,21.619728
shift32_right,5789,p02_d1_007,4,deer,107,-27.715517,20.58481
shift32_right,5402,p02_d1_008,4,deer,108,-28.600334,22.119732
shift32_right,2399,p02_d1_009,4,deer,109,-31.923664,18.608934
shift32_right,1960,p02_d1_010,4,deer,110,-30.971497,10.056923
shift32_right,171,p02_d1_011,4,deer,111,-31.17834,23.053324
shift32_right,5623,p02_d1_012,4,deer,112,-29.23779,19.820301
shift32_right,5556,p02_d1_013,4,deer,113,-31.88155,20.106695
shift32_right,6528,p02_d1_014,4,deer,114,-39.22487,17.23373
shift32_right,7610,p02_d1_015,4,deer,115,-35.726574,21.035118
shift32_right,2757,p02_d1_017,4,deer,116,-27.991255,12.513988
shift32_right,3034,p02_d1_018,4,deer,117,-32.201965,22.136995
shift32_right,4629,p02_d1_019,4,deer,118,-31.51879,13.866106
shift32_right,766,p02_d1_020,4,deer,119,-9.170849,18.780445
shift32_right,3863,p03_d0_001,5,dog,120,-11.596723,14.174762
shift32_right,4850,p03_d0_002,5,dog,121,-19.644829,4.009441
shift32_right,6716,p03_d0_003,5,dog,122,-9.440695,1.3214322
shift32_right,3852,p03_d0_004,5,dog,123,-12.461393,-5.531271
shift32_right,6989,p03_d0_005,5,dog,124,-16.047977,11.494135
shift32_right,1626,p03_d0_006,5,dog,125,-18.249321,2.6368678
shift32_right,5332,p03_d0_007,5,dog,126,-16.413317,5.5371337
shift32_right,7130,p03_d0_008,5,dog,127,-13.296024,12.832303
shift32_right,4570,p03_d0_010,5,dog,128,-21.199015,11.30052
shift32_right,2334,p03_d0_012,5,dog,129,-20.716234,9.694852
shift32_right,6224,p03_d0_013,5,dog,130,-21.96833,10.844364
shift32_right,378,p03_d0_014,5,dog,131,-18.749865,-5.2195916
shift32_right,1877,p03_d0_016,5,dog,132,-22.95851,9.589633
shift32_right,2265,p03_d0_017,5,dog,133,-22.87058,7.819379
shift32_right,6414,p03_d0_018,5,dog,134,-14.722141,-0.49218073
shift32_right,645,p03_d0_019,5,dog,135,-19.887493,5.575436
shift32_right,5101,p03_d0_021,5,dog,136,-12.602821,5.554565
shift32_right,4106,p03_d0_022,5,dog,137,-9.716059,8.505107
shift32_right,5496,p03_d0_023,5,dog,138,-11.182441,3.3211427
shift32_right,7706,p03_d0_025,5,dog,139,-7.1718287,5.006595
shift32_right,3157,p03_d1_000,8,ship,140,51.953236,5.2452307
shift32_right,1247,p03_d1_002,8,ship,141,56.122066,6.530918
shift32_right,7460,p03_d1_003,8,ship,142,46.556454,6.102121
shift32_right,7875,p03_d1_004,8,ship,143,46.049908,0.44345212
shift32_right,2109,p03_d1_005,8,ship,144,47.57469,3.091285
shift32_right,194,p03_d1_006,8,ship,145,53.32503,5.6456046
shift32_right,6689,p03_d1_007,8,ship,146,48.14151,5.550762
shift32_right,4676,p03_d1_008,8,ship,147,52.30991,6.219082
shift32_right,4069,p03_d1_009,8,ship,148,18.889973,18.679178
shift32_right,1833,p03_d1_010,8,ship,149,54.33671,7.9169836
shift32_right,7476,p03_d1_011,8,ship,150,41.057056,2.1774466
shift32_right,7446,p03_d1_012,8,ship,151,49.56132,4.7351003
shift32_right,7810,p03_d1_013,8,ship,152,46.547546,-0.8841813
shift32_right,7138,p03_d1_014,8,ship,153,53.312954,3.17482
shift32_right,2230,p03_d1_015,8,ship,154,50.68553,3.3680334
shift32_right,5000,p03_d1_016,8,ship,155,51.76095,-3.8318684
shift32_right,7999,p03_d1_017,8,ship,156,52.12151,4.3534203
shift32_right,1129,p03_d1_018,8,ship,157,45.361076,0.46144187
shift32_right,3948,p03_d1_019,8,ship,158,50.61055,5.717548
shift32_right,2191,p03_d1_020,8,ship,159,49.812954,-2.4849648
shift32_right,3191,p04_d0_001,6,horse,160,2.3588774,20.564272
shift32_right,890,p04_d0_002,6,horse,161,-9.219952,24.909254
shift32_right,7779,p04_d0_004,6,horse,162,-1.2261355,19.515055
shift32_right,3962,p04_d0_005,6,horse,163,-13.419816,23.136871
shift32_right,6381,p04_d0_006,6,horse,164,0.86116475,22.749474
shift32_right,4746,p04_d0_007,6,horse,165,-15.227194,23.583736
shift32_right,7996,p04_d0_011,6,horse,166,-8.626267,26.180695
shift32_right,1667,p04_d0_014,6,horse,167,-1.1612798,25.96607
shift32_right,545,p04_d0_015,6,horse,168,4.2013307,20.208168
shift32_right,4754,p04_d0_016,6,horse,169,-10.929766,23.052746
shift32_right,4341,p04_d0_017,6,horse,170,-8.218293,27.884712
shift32_right,3844,p04_d0_018,6,horse,171,-6.996333,26.170296
shift32_right,4411,p04_d0_019,6,horse,172,-0.09884709,17.281042
shift32_right,4093,p04_d0_020,6,horse,173,-4.3884397,11.866094
shift32_right,3779,p04_d0_023,6,horse,174,-15.83642,19.094927
shift32_right,4620,p04_d0_026,6,horse,175,-4.1680927,21.321463
shift32_right,449,p04_d0_027,6,horse,176,-8.322554,24.584284
shift32_right,4827,p04_d0_028,6,horse,177,-3.164684,19.774359
shift32_right,2958,p04_d0_029,6,horse,178,-7.0193367,26.912828
shift32_right,3418,p04_d0_030,6,horse,179,-9.961253,28.597284
shift32_right,1220,p04_d1_000,7,monkey,180,-51.21593,-3.872301
shift32_right,5450,p04_d1_002,7,monkey,181,-45.5361,-14.60776
shift32_right,4236,p04_d1_003,7,monkey,182,-42.717625,-14.326528
shift32_right,1956,p04_d1_004,7,monkey,183,-25.168154,1.1407264
shift32_right,1440,p04_d1_005,7,monkey,184,-40.812313,-2.7992127
shift32_right,6084,p04_d1_006,7,monkey,185,-43.421906,-17.727081
shift32_right,6650,p04_d1_007,7,monkey,186,-35.976864,-7.4777093
shift32_right,7270,p04_d1_008,7,monkey,187,-41.640102,-11.873511
shift32_right,1296,p04_d1_009,7,monkey,188,-36.41597,-6.217771
shift32_right,1048,p04_d1_010,7,monkey,189,-40.220997,-0.41070873
shift32_right,3467,p04_d1_011,7,monkey,190,-38.915493,-4.274199
shift32_right,2854,p04_d1_012,7,monkey,191,-49.96934,-3.7789407
shift32_right,3404,p04_d1_013,7,monkey,192,-41.927837,-1.4438788
shift32_right,6726,p04_d1_014,7,monkey,193,-39.75296,-1.9421625
shift32_right,3288,p04_d1_015,7,monkey,194,-51.940742,-3.9305582
shift32_right,1473,p04_d1_017,7,monkey,195,-46.63639,-12.412008
shift32_right,1771,p04_d1_018,7,monkey,196,-40.828716,4.2567177
shift32_right,5436,p04_d1_019,7,monkey,197,-52.506363,-3.9992392
shift32_right,1579,p04_d1_020,7,monkey,198,-46.936283,-9.830877
shift32_right,5719,p04_d1_021,7,monkey,199,-43.898964,-17.163042
patch_shuffle,4399,p00_d0_001,0,airplane,0,35.19162,-17.557056
patch_shuffle,7262,p00_d0_002,0,airplane,1,37.27336,-17.428469
patch_shuffle,7150,p00_d0_003,0,airplane,2,36.17291,-21.59507
patch_shuffle,7009,p00_d0_004,0,airplane,3,42.09917,-8.596318
patch_shuffle,7634,p00_d0_005,0,airplane,4,36.63933,-22.741566
patch_shuffle,1648,p00_d0_006,0,airplane,5,40.980606,-24.600601
patch_shuffle,6437,p00_d0_007,0,airplane,6,36.99831,-14.710125
patch_shuffle,5918,p00_d0_009,0,airplane,7,37.230022,-14.8563795
patch_shuffle,2888,p00_d0_010,0,airplane,8,35.824444,-14.4245205
patch_shuffle,562,p00_d0_011,0,airplane,9,38.179222,-15.559555
patch_shuffle,81,p00_d0_013,0,airplane,10,41.72618,-14.098375
patch_shuffle,3965,p00_d0_014,0,airplane,11,40.722992,-22.334158
patch_shuffle,6609,p00_d0_015,0,airplane,12,44.36205,-11.237849
patch_shuffle,1977,p00_d0_016,0,airplane,13,36.82587,-22.05342
patch_shuffle,7309,p00_d0_018,0,airplane,14,42.01286,-8.671212
patch_shuffle,4785,p00_d0_019,0,airplane,15,35.08786,-14.750539
patch_shuffle,1175,p00_d0_020,0,airplane,16,36.30812,-21.203962
patch_shuffle,6455,p00_d0_021,0,airplane,17,37.56044,-11.951835
patch_shuffle,4615,p00_d0_023,0,airplane,18,36.09643,-22.26667
patch_shuffle,3876,p00_d0_024,0,airplane,19,19.16427,14.985503
patch_shuffle,4168,p00_d1_000,3,cat,20,-27.972198,2.5469804
patch_shuffle,3914,p00_d1_001,3,cat,21,-26.083769,-14.49413
patch_shuffle,1370,p00_d1_002,3,cat,22,-24.238796,-2.907282
patch_shuffle,2539,p00_d1_003,3,cat,23,-22.727943,-13.094178
patch_shuffle,672,p00_d1_004,3,cat,24,-23.980618,-16.789015
patch_shuffle,7416,p00_d1_007,3,cat,25,-19.027077,-3.7775292
patch_shuffle,4330,p00_d1_008,3,cat,26,-31.913721,4.5983267
patch_shuffle,4215,p00_d1_009,3,cat,27,-18.787796,-19.273966
patch_shuffle,391,p00_d1_010,3,cat,28,-28.74566,3.6575878
patch_shuffle,738,p00_d1_012,3,cat,29,-16.27432,-1.0977407
patch_shuffle,3778,p00_d1_013,3,cat,30,-21.94643,-7.397624
patch_shuffle,3851,p00_d1_014,3,cat,31,-20.131378,-4.863559
patch_shuffle,1204,p00_d1_015,3,cat,32,-24.88151,-17.350622
patch_shuffle,632,p00_d1_016,3,cat,33,-26.023998,-18.346819
patch_shuffle,4881,p00_d1_017,3,cat,34,-23.911224,-20.681423
patch_shuffle,2536,p00_d1_018,3,cat,35,-26.134333,-19.139132
patch_shuffle,791,p00_d1_022,3,cat,36,-27.75483,-8.997604
patch_shuffle,1531,p00_d1_024,3,cat,37,-29.240585,8.779228
patch_shuffle,6952,p00_d1_026,3,cat,38,-25.707676,-2.1831527
patch_shuffle,677,p00_d1_028,3,cat,39,-27.642336,-7.2255373
patch_shuffle,7202,p01_d0_000,1,bird,40,-4.918853,4.313068
patch_shuffle,7033,p01_d0_002,1,bird,41,-21.522635,-22.678963
patch_shuffle,3937,p01_d0_004,1,bird,42,-17.478184,-33.21146
patch_shuffle,6594,p01_d0_005,1,bird,43,-5.560017,-28.416637
patch_shuffle,1986,p01_d0_006,1,bird,44,-13.310999,-13.996423
patch_shuffle,116,p01_d0_008,1,bird,45,-8.758751,-23.043377
patch_shuffle,1852,p01_d0_009,1,bird,46,-20.292027,-26.816036
patch_shuffle,1993,p01_d0_010,1,bird,47,-15.677664,-25.493658
patch_shuffle,6733,p01_d0_011,1,bird,48,-13.136868,-13.91831
patch_shuffle,1109,p01_d0_012,1,bird,49,-7.311779,-26.045578
patch_shuffle,6805,p01_d0_014,1,bird,50,-7.0121098,-29.071075
patch_shuffle,5092,p01_d0_015,1,bird,51,-13.980205,-24.913559
patch_shuffle,5560,p01_d0_016,1,bird,52,-5.4022985,2.4064996
patch_shuffle,6349,p01_d0_017,1,bird,53,-21.656427,-23.243692
patch_shuffle,5256,p01_d0_018,1,bird,54,-17.450193,-32.479904
patch_shuffle,2095,p01_d0_020,1,bird,55,-18.794043,-22.743757
patch_shuffle,5488,p01_d0_023,1,bird,56,-43.507423,-10.820115
patch_shuffle,2687,p01_d0_024,1,bird,57,-17.818213,-22.456484
patch_shuffle,2070,p01_d0_025,1,bird,58,-19.723787,-21.773155
patch_shuffle,4640,p01_d0_026,1,bird,59,-22.0248,-26.15003
patch_shuffle,239,p01_d1_000,9,truck,60,33.87499,17.434513
patch_shuffle,7938,p01_d1_001,9,truck,61,22.040567,16.169392
patch_shuffle,419,p01_d1_002,9,truck,62,37.048126,14.291676
patch_shuffle,2414,p01_d1_004,9,truck,63,21.143095,19.3404
patch_shuffle,5981,p01_d1_005,9,truck,64,34.803066,13.833724
patch_shuffle,1836,p01_d1_006,9,truck,65,25.138912,14.167504
patch_shuffle,5360,p01_d1_007,9,truck,66,23.93288,15.993893
patch_shuffle,1468,p01_d1_009,9,truck,67,28.957373,26.176344
patch_shuffle,3942,p01_d1_010,9,truck,68,23.190474,15.77433
patch_shuffle,5508,p01_d1_011,9,truck,69,35.276775,16.457375
patch_shuffle,7380,p01_d1_012,9,truck,70,25.353897,12.51396
patch_shuffle,7266,p01_d1_013,9,truck,71,20.28927,17.975393
patch_shuffle,3318,p01_d1_014,9,truck,72,15.126855,-11.2436905
patch_shuffle,2114,p01_d1_015,9,truck,73,29.51928,26.52593
patch_shuffle,7544,p01_d1_018,9,truck,74,25.338257,16.026487
patch_shuffle,1411,p01_d1_020,9,truck,75,42.020863,20.143675
patch_shuffle,1654,p01_d1_021,9,truck,76,32.366055,18.274765
patch_shuffle,5452,p01_d1_022,9,truck,77,34.9057,16.093737
patch_shuffle,5788,p01_d1_023,9,truck,78,29.246479,26.57202
patch_shuffle,2062,p01_d1_024,9,truck,79,35.72494,16.85187
patch_shuffle,1814,p02_d0_000,2,car,80,25.523037,11.123739
patch_shuffle,3067,p02_d0_001,2,car,81,25.737574,10.538648
patch_shuffle,2392,p02_d0_002,2,car,82,24.805777,10.53216
patch_shuffle,483,p02_d0_004,2,car,83,18.863821,11.900015
patch_shuffle,5237,p02_d0_005,2,car,84,22.57219,11.339464
patch_shuffle,7425,p02_d0_006,2,car,85,26.024956,10.005499
patch_shuffle,3755,p02_d0_007,2,car,86,21.898832,7.063073
patch_shuffle,1202,p02_d0_008,2,car,87,18.282862,9.575551
patch_shuffle,2082,p02_d0_009,2,car,88,20.220829,12.955026
patch_shuffle,4735,p02_d0_010,2,car,89,26.032246,11.589248
patch_shuffle,5218,p02_d0_011,2,car,90,15.381397,4.9744935
patch_shuffle,2502,p02_d0_013,2,car,91,15.176774,5.465056
patch_shuffle,714,p02_d0_014,2,car,92,16.333445,10.444083
patch_shuffle,1839,p02_d0_015,2,car,93,23.157583,5.7181177
patch_shuffle,6271,p02_d0_016,2,car,94,15.867983,5.2130785
patch_shuffle,6244,p02_d0_017,2,car,95,17.600597,9.230752
patch_shuffle,5395,p02_d0_018,2,car,96,17.947998,8.74084
patch_shuffle,5824,p02_d0_019,2,car,97,18.789906,7.180972
patch_shuffle,6503,p02_d0_020,2,car,98,23.377071,11.956535
patch_shuffle,6332,p02_d0_021,2,car,99,27.007225,11.7421255
patch_shuffle,3458,p02_d1_000,4,deer,100,-29.30258,16.25783
patch_shuffle,2898,p02_d1_001,4,deer,101,-26.117502,21.375965
patch_shuffle,3179,p02_d1_002,4,deer,102,-26.676653,16.755037
patch_shuffle,3365,p02_d1_003,4,deer,103,-25.906883,17.040592
patch_shuffle,3763,p02_d1_004,4,deer,104,-29.60904,17.930462
patch_shuffle,3512,p02_d1_005,4,deer,105,-27.761995,6.182142
patch_shuffle,3122,p02_d1_006,4,deer,106,-33.890762,6.088989
patch_shuffle,5789,p02_d1_007,4,deer,107,-26.924633,4.635198
patch_shuffle,5402,p02_d1_008,4,deer,108,-26.95844,22.023989
patch_shuffle,2399,p02_d1_009,4,deer,109,-29.818327,17.42043
patch_shuffle,1960,p02_d1_010,4,deer,110,-29.807888,10.025415
patch_shuffle,171,p02_d1_011,4,deer,111,-28.408613,15.956037
patch_shuffle,5623,p02_d1_012,4,deer,112,-27.573763,17.035143
patch_shuffle,5556,p02_d1_013,4,deer,113,-13.338232,27.1616
patch_shuffle,6528,p02_d1_014,4,deer,114,-40.020004,16.132648
patch_shuffle,7610,p02_d1_015,4,deer,115,-37.61737,20.793087
patch_shuffle,2757,p02_d1_017,4,deer,116,-27.332382,11.23796
patch_shuffle,3034,p02_d1_018,4,deer,117,-27.091888,9.177681
patch_shuffle,4629,p02_d1_019,4,deer,118,-32.594807,5.505815
patch_shuffle,766,p02_d1_020,4,deer,119,-9.706681,18.838251
patch_shuffle,3863,p03_d0_001,5,dog,120,-13.314463,14.087599
patch_shuffle,4850,p03_d0_002,5,dog,121,-20.264095,3.9537628
patch_shuffle,6716,p03_d0_003,5,dog,122,-8.903221,1.4338264
patch_shuffle,3852,p03_d0_004,5,dog,123,-11.734764,-5.2773275
patch_shuffle,6989,p03_d0_005,5,dog,124,-15.647608,11.983342
patch_shuffle,1626,p03_d0_006,5,dog,125,-17.538157,2.281114
patch_shuffle,5332,p03_d0_007,5,dog,126,-15.885695,6.073898
patch_shuffle,7130,p03_d0_008,5,dog,127,-13.821358,13.69478
patch_shuffle,4570,p03_d0_010,5,dog,128,-25.373682,9.645936
patch_shuffle,2334,p03_d0_012,5,dog,129,-25.75244,9.4686575
patch_shuffle,6224,p03_d0_013,5,dog,130,-22.983839,10.980802
patch_shuffle,378,p03_d0_014,5,dog,131,-19.079317,-5.0448523
patch_shuffle,1877,p03_d0_016,5,dog,132,-27.420027,7.4385223
patch_shuffle,2265,p03_d0_017,5,dog,133,-23.898733,7.80093
patch_shuffle,6414,p03_d0_018,5,dog,134,-14.110374,-0.76219034
patch_shuffle,645,p03_d0_019,5,dog,135,-26.13038,8.771422
patch_shuffle,5101,p03_d0_021,5,dog,136,-11.9747505,5.626367
patch_shuffle,4106,p03_d0_022,5,dog,137,-10.0329275,8.998083
patch_shuffle,5496,p03_d0_023,5,dog,138,-11.649233,2.9760563
patch_shuffle,7706,p03_d0_025,5,dog,139,-7.6943808,4.890817
patch_shuffle,3157,p03_d1_000,8,ship,140,51.674953,1.6435837
patch_shuffle,1247,p03_d1_002,8,ship,141,56.46639,6.4773703
patch_shuffle,7460,p03_d1_003,8,ship,142,50.091972,1.5316979
patch_shuffle,7875,p03_d1_004,8,ship,143,47.150146,1.1902168
patch_shuffle,2109,p03_d1_005,8,ship,144,47.758728,1.9866399
patch_shuffle,194,p03_d1_006,8,ship,145,51.091938,0.9915297
patch_shuffle,6689,p03_d1_007,8,ship,146,51.65744,-0.7673032
patch_shuffle,4676,p03_d1_008,8,ship,147,51.834072,0.5373383
patch_shuffle,4069,p03_d1_009,8,ship,148,20.23301,18.833035
patch_shuffle,1833,p03_d1_010,8,ship,149,56.577095,7.6274023
patch_shuffle,7476,p03_d1_011,8,ship,150,40.403362,1.9730655
patch_shuffle,7446,p03_d1_012,8,ship,151,49.23315,3.4348097
patch_shuffle,7810,p03_d1_013,8,ship,152,48.376335,-0.025709946
patch_shuffle,7138,p03_d1_014,8,ship,153,52.830463,-0.9497337
patch_shuffle,2230,p03_d1_015,8,ship,154,50.64221,1.6911111
patch_shuffle,5000,p03_d1_016,8,ship,155,51.83602,-3.1851854
patch_shuffle,7999,p03_d1_017,8,ship,156,50.402374,0.2618266
patch_shuffle,1129,p03_d1_018,8,ship,157,51.238163,-1.1656375
patch_shuffle,3948,p03_d1_019,8,ship,158,49.590717,2.504194
patch_shuffle,2191,p03_d1_020,8,ship,159,50.920567,-2.077407
patch_shuffle,3191,p04_d0_001,6,horse,160,1.5008405,19.7291
patch_shuffle,890,p04_d0_002,6,horse,161,-10.3021965,24.939285
patch_shuffle,7779,p04_d0_004,6,horse,162,-0.60159874,19.32023
patch_shuffle,3962,p04_d0_005,6,horse,163,-26.733044,9.396179
patch_shuffle,6381,p04_d0_006,6,horse,164,0.48831382,19.592999
patch_shuffle,4746,p04_d0_007,6,horse,165,-14.049168,25.1554
patch_shuffle,7996,p04_d0_011,6,horse,166,-10.752906,24.616219
patch_shuffle,1667,p04_d0_014,6,horse,167,-0.11389386,27.214777
patch_shuffle,545,p04_d0_015,6,horse,168,20.46257,13.866458
patch_shuffle,4754,p04_d0_016,6,horse,169,-11.384699,23.416641
patch_shuffle,4341,p04_d0_017,6,horse,170,-10.575706,25.653406
patch_shuffle,3844,p04_d0_018,6,horse,171,-11.50397,25.703114
patch_shuffle,4411,p04_d0_019,6,horse,172,-0.037088204,15.943788
patch_shuffle,4093,p04_d0_020,6,horse,173,-4.3314657,11.371652
patch_shuffle,3779,p04_d0_023,6,horse,174,-8.736483,-22.008749
patch_shuffle,4620,p04_d0_026,6,horse,175,-1.2832056,15.807454
patch_shuffle,449,p04_d0_027,6,horse,176,-8.695955,23.003687
patch_shuffle,4827,p04_d0_028,6,horse,177,-3.1297204,19.032583
patch_shuffle,2958,p04_d0_029,6,horse,178,-9.652024,27.443205
patch_shuffle,3418,p04_d0_030,6,horse,179,-12.464831,27.345896
patch_shuffle,1220,p04_d1_000,7,monkey,180,-51.214577,-1.9826521
patch_shuffle,5450,p04_d1_002,7,monkey,181,-45.163578,-14.954169
patch_shuffle,4236,p04_d1_003,7,monkey,182,-41.8513,-13.451868
patch_shuffle,1956,p04_d1_004,7,monkey,183,-25.446848,1.4785748
patch_shuffle,1440,p04_d1_005,7,monkey,184,-36.37472,-3.1030593
patch_shuffle,6084,p04_d1_006,7,monkey,185,-41.471134,-16.60517
patch_shuffle,6650,p04_d1_007,7,monkey,186,-35.46543,-8.009324
patch_shuffle,7270,p04_d1_008,7,monkey,187,-41.403137,-11.870945
patch_shuffle,1296,p04_d1_009,7,monkey,188,-23.225748,-21.49824
patch_shuffle,1048,p04_d1_010,7,monkey,189,-28.172573,5.0182147
patch_shuffle,3467,p04_d1_011,7,monkey,190,-36.751286,-3.3225148
patch_shuffle,2854,p04_d1_012,7,monkey,191,-50.805714,-1.5614102
patch_shuffle,3404,p04_d1_013,7,monkey,192,-40.438084,-9.7246275
patch_shuffle,6726,p04_d1_014,7,monkey,193,-28.212585,4.8792276
patch_shuffle,3288,p04_d1_015,7,monkey,194,-51.608994,-1.7646282
patch_shuffle,1473,p04_d1_017,7,monkey,195,-47.837723,-11.167581
patch_shuffle,1771,p04_d1_018,7,monkey,196,-40.55031,4.6600947
patch_shuffle,5436,p04_d1_019,7,monkey,197,-51.62175,-2.295765
patch_shuffle,1579,p04_d1_020,7,monkey,198,-47.75496,-9.972329
patch_shuffle,5719,p04_d1_021,7,monkey,199,-43.234547,-16.269184
