epoch,train_loss,train_accuracy,updates,source_examples_processed,train_photo_accuracy,train_art_painting_accuracy,train_cartoon_accuracy,mean_source_val_accuracy,mean_source_val_macro_f1,worst_source_val_macro_f1,elapsed_seconds,val_photo_accuracy,val_photo_macro_f1,val_photo_loss,val_art_painting_accuracy,val_art_painting_macro_f1,val_art_painting_loss,val_cartoon_accuracy,val_cartoon_macro_f1,val_cartoon_loss
1,0.45994806708370006,0.8354700854700855,234,5616,0.9134615384615384,0.7895299145299145,0.8034188034188035,0.9223181283177054,0.9231250551004582,0.9017564127607078,30.595931787999916,0.9610778443113772,0.9535928283372702,0.10506646376131744,0.8975609756097561,0.9017564127607078,0.32667571742360185,0.908315565031983,0.9140259242033968,0.24965968874217606
2,0.2100880417562862,0.92752849002849,234,5616,0.9642094017094017,0.8979700854700855,0.9204059829059829,0.9271570645177999,0.9236704971090791,0.8942618671311912,29.325111191000133,0.9670658682634731,0.9591307553840916,0.09654028331596656,0.8975609756097561,0.8942618671311912,0.3090809589479028,0.9168443496801706,0.9176188688119545,0.23230621504631124
3,0.1293081700280468,0.9531695156695157,234,5616,0.9770299145299145,0.9342948717948718,0.9481837606837606,0.9288900175622544,0.9268041601691954,0.909168636981281,30.812258439999823,0.9491017964071856,0.9380732479087642,0.167278419549078,0.9121951219512195,0.909168636981281,0.23725355194836129,0.9253731343283582,0.933170595617541,0.2303922740635333
4,0.11035412480322342,0.9640313390313391,234,5616,0.9850427350427351,0.9481837606837606,0.9588675213675214,0.9039108739720622,0.9000647406225085,0.8377064964384857,31.96060287299997,0.9461077844311377,0.937701165435182,0.18915589975405234,0.848780487804878,0.8377064964384857,0.47207069164369164,0.9168443496801706,0.9247865599938575,0.24393561933594726
5,0.12102893502779831,0.9570868945868946,234,5616,0.9754273504273504,0.9449786324786325,0.9508547008547008,0.9355692172781692,0.9370750160427145,0.904626994827895,30.88572935000002,0.9700598802395209,0.9678740758853062,0.09074510312409134,0.9048780487804878,0.904626994827895,0.26415741501784906,0.9317697228144989,0.9387239774149423,0.2708543344442524
6,0.0890329788230585,0.9711538461538461,234,5616,0.9834401709401709,0.9567307692307693,0.9732905982905983,0.9174348790587735,0.9181209970846242,0.8689015500237601,30.923471743999926,0.9610778443113772,0.95372903377644,0.11548523910603839,0.8658536585365854,0.8689015500237601,0.3625879008595536,0.9253731343283582,0.9317324074536726,0.2395429402144987
7,0.06732400063212372,0.9777421652421653,234,5616,0.9914529914529915,0.9642094017094017,0.9775641025641025,0.9279408212541581,0.9274602095494208,0.9068158032805316,29.997530304999827,0.9550898203592815,0.9459093490252855,0.12376022137307913,0.9097560975609756,0.9068158032805316,0.2664715324960104,0.9189765458422174,0.9296554763424453,0.3047115503788503
8,0.08842143250881353,0.9736467236467237,234,5616,0.9855769230769231,0.9620726495726496,0.9732905982905983,0.9137105787385135,0.9150489321233976,0.867731980686101,29.821637963000057,0.9550898203592815,0.9461693952783667,0.12596627931257834,0.8585365853658536,0.867731980686101,0.40258686716963604,0.9275053304904051,0.9312454204057248,0.22787700939788494
9,0.04844195328265554,0.9834401709401709,234,5616,0.9935897435897436,0.969017094017094,0.9877136752136753,0.9456901060845703,0.9462019058869942,0.9136163698659603,29.65961530100003,0.9760479041916168,0.9725668524635208,0.06062348695342423,0.9121951219512195,0.9136163698659603,0.30112359581924064,0.9488272921108742,0.9524224953315014,0.2133486170822115
10,0.05154797621699434,0.9839743589743589,234,5616,0.9893162393162394,0.9797008547008547,0.9829059829059829,0.9410361657464104,0.9409853688872064,0.9083756188065145,30.736901151999973,0.9730538922155688,0.9694863720980088,0.07428511441247394,0.9097560975609756,0.9083756188065145,0.2742442200823528,0.9402985074626866,0.9450941157570957,0.2470997312684049
11,0.03209292420831486,0.9882478632478633,234,5616,0.9935897435897436,0.9850427350427351,0.9861111111111112,0.9308808250678423,0.9324569804683073,0.8946039835097972,29.760407944000008,0.9550898203592815,0.9535729866762972,0.14922259988898526,0.8951219512195122,0.8946039835097972,0.37163211543385577,0.9424307036247335,0.9491939712188274,0.26877305845716104
12,0.06903717821480534,0.9780982905982906,234,5616,0.9839743589743589,0.9647435897435898,0.9855769230769231,0.9306475612922057,0.9270293875661583,0.9053297490963862,29.630152831000032,0.9610778443113772,0.9527579649526202,0.0993005552365372,0.9097560975609756,0.9053297490963862,0.3581845894092467,0.9211087420042644,0.9230004486494684,0.3622489669429722
13,0.05834944237446709,0.9814814814814815,234,5616,0.9855769230769231,0.9759615384615384,0.9829059829059829,0.9356761540624611,0.9360742784422245,0.9154095429077487,29.91269685999987,0.9520958083832335,0.945935207845163,0.14304840586760428,0.9146341463414634,0.9154095429077487,0.34658838423287,0.9402985074626866,0.9468780845737619,0.25859263698572416
14,0.04030516261724755,0.9873575498575499,234,5616,0.9919871794871795,0.9797008547008547,0.9903846153846154,0.9312508167917116,0.9309564582932591,0.8876006903573409,30.547750001000168,0.9610778443113772,0.9560449236418388,0.17713766676723267,0.8902439024390244,0.8876006903573409,0.36485341700111945,0.9424307036247335,0.9492237608805979,0.24825196937203153
