epoch,learning_rate,train_total_loss,train_classifier_loss,train_known_ce,train_second_place_ce,train_data_placeholder_loss,mean_mix_lambda,val_loss,val_accuracy,best_val_accuracy,best_epoch,elapsed_seconds
1,0.001,0.5610985363071616,0.26155369434590364,0.0855912913512756,0.1759624027445997,2.9954483681781725,0.5039631917183711,0.2213027663487941,0.9432,0.9432,1,46.964283325999986
2,0.0009990133642141358,0.3395845876498656,0.12499035187912258,0.10853137751109898,0.01645897422515025,2.1459423283284362,0.5003555143246724,0.2127520161166787,0.9448,0.9448,2,48.21040886000003
3,0.000996057350657239,0.3237601356919516,0.11737867499786345,0.1045431439680132,0.012835531058954075,2.0638145760379056,0.4990762273505838,0.2174552186170593,0.9456,0.9456,3,47.14998901900003
4,0.0009911436253643444,0.3158361944369972,0.11542116213505241,0.10368463612923567,0.011736525844422762,2.0041502847928894,0.5005750768415799,0.22212047766521573,0.9422,0.9456,3,44.10637326400001
5,0.0009842915805643156,0.3049932178956541,0.11164019496010785,0.10055450006091798,0.011085694954751736,1.933530193668875,0.49172155992974614,0.22407104110196233,0.9436,0.9456,3,42.032596517
6,0.0009755282581475769,0.2822143128141761,0.11184808947357604,0.10009455623697829,0.011753533244535158,1.7036622059108182,0.5023156354013323,0.22155259050726892,0.942,0.9456,3,44.994025515999965
7,0.0009648882429441258,0.19383874953597446,0.09595375791700049,0.07968743456612257,0.016266322919612074,0.9788498990026049,0.48776575414971873,0.19822124349251388,0.9438,0.9456,3,48.34189950599989
8,0.0009524135262330099,0.13735417803664776,0.07544532217170027,0.057804437883367595,0.017640884150750935,0.6190885481403463,0.49661212506577035,0.23561840528845787,0.936,0.9456,3,47.632508287999826
9,0.0009381533400219318,0.12051329977641051,0.06134878800631585,0.04490619968749921,0.016442588361149483,0.5916451066361994,0.4940223674903708,0.20187791158892215,0.9454,0.9456,3,46.28260950799995
10,0.0009221639627510075,0.21188832282893022,0.08169113826112483,0.06831884493162348,0.01337229348692662,1.301971817330923,0.49309570696839894,0.24639642661944963,0.9406,0.9456,3,48.123870931000056
11,0.0009045084971874736,0.23706371707587756,0.09856383903587068,0.08840110431298275,0.010162734707013111,1.3849987558893522,0.520549001976509,0.21651500137150287,0.942,0.9456,3,43.12890603100004
12,0.0008852566213878945,0.09277515770041976,0.05509399736977436,0.04025950899813324,0.014834488366349515,0.3768115993060002,0.4947126405525275,0.33587190334796907,0.9262,0.9456,3,50.79178816800004
13,0.0008644843137107056,0.14176401004343378,0.06744930410588329,0.05321666246428239,0.014232641591330652,0.7431470460142009,0.5071664986264129,0.35231032207012175,0.9216,0.9456,3,48.21819389500001
14,0.0008422735529643443,0.0936715433966707,0.04959444519111209,0.03515755330392329,0.01443689201815604,0.4407709756104106,0.5182114627413367,0.2782663084996864,0.9382,0.9456,3,48.239406904999896
15,0.0008187119948743448,0.09342621410773559,0.055476324045395646,0.04204792562681674,0.013428398415933109,0.37949889550112526,0.4996161940613423,0.3916266038656235,0.9158,0.9456,3,46.73192747799999
16,0.0007938926261462366,0.06107654834473082,0.03683783686772751,0.024946287970206784,0.011891548823438246,0.24238711055791515,0.4963572442436337,0.3585168115377426,0.9288,0.9456,3,47.670544522
17,0.0007679133974894982,0.06411988317797129,0.03647023892633363,0.025084412217521192,0.011385826621500944,0.27649644141307694,0.4938266471832652,0.33708263272047045,0.9244,0.9456,3,42.684792831000095
18,0.0007408768370508576,0.052544767402154816,0.034553316988008606,0.023477124304256657,0.011076192706241272,0.17991450005634266,0.47124118550511246,0.41882049856185916,0.9164,0.9456,3,43.17931183099995
19,0.0007128896457825362,0.049444312216523525,0.029508437088225037,0.01959155474006283,0.009916882405046967,0.19935874799954367,0.4980699840552089,0.5538944284200669,0.8938,0.9456,3,42.63340266499995
20,0.0006840622763423389,0.05642147106912241,0.029846458066127856,0.0204944399301894,0.009352018117417836,0.26575012607711623,0.49031816340919415,0.43186372306346893,0.9152,0.9456,3,42.798370607999914
21,0.0006545084971874735,0.0565578887286723,0.030895868631143294,0.020944139943987302,0.009951728687155992,0.2566202004302547,0.48557872347406705,0.3963711496710777,0.9206,0.9456,3,42.758801949999906
22,0.0006243449435824271,0.12402526528140614,0.043032179832648995,0.03492500264705582,0.008107177122755356,0.8099308403907344,0.5020311006731142,0.2708330452367663,0.939,0.9456,3,42.73308182100004
23,0.0005936906572928622,0.06638617801416496,0.03752578170546754,0.02965377971254797,0.007872002041205467,0.28860395793559623,0.5143439974953335,0.48697505869865415,0.9052,0.9456,3,43.77134357299997
24,0.000562666616782152,0.053211812821576714,0.028977067990292035,0.02035669297170402,0.008620375019910914,0.24234744312707335,0.5039369880634529,0.6890046564102172,0.8652,0.9456,3,42.36528242899999
25,0.0005313952597646566,0.06539476511798883,0.03038055625140921,0.022475325379425405,0.007905230733079159,0.3501420834469503,0.49612139726840804,0.3047634904026985,0.9288,0.9456,3,42.38612465699998
26,0.0004999999999999998,0.03494818339029073,0.024668462622106414,0.01660087345358492,0.008067589155292477,0.10279720636291048,0.4994776442234235,0.4464138509631157,0.9148,0.9456,3,42.403530075999925
27,0.00046860474023534314,0.03773065738178874,0.024496090294137088,0.016366985014015387,0.00812910539124542,0.13234567035000178,0.5029286578064784,0.6246880495786666,0.884,0.9456,3,44.13937917099997
28,0.00043733338321784774,0.03575505665503442,0.022175133654276247,0.014911475990877741,0.007263657687210732,0.13579922736574768,0.48446024827849626,0.4632940309047699,0.9102,0.9456,3,43.85790848700003
29,0.00040630934270713756,0.13539541201581332,0.03771244954921051,0.030416430018455932,0.00729601939846444,0.9768296069788366,0.5232797282197598,0.28276695540416985,0.939,0.9456,3,43.10500652100018
30,0.00037565505641757246,0.09632642860312692,0.043679169971834526,0.03772309389420447,0.005956076152373994,0.5264725764202673,0.5130351109969937,0.6672198716163635,0.8606,0.9456,3,41.848431279000124
31,0.00034549150281252633,0.04381818122452718,0.028235356132923203,0.02091973375222138,0.007315622382024726,0.15582824646315369,0.5106403157855808,1.0764699007987977,0.6906,0.9456,3,41.757091425
32,0.00031593772365766105,0.03846646640820175,0.025498254026222803,0.018038836880639956,0.007459417150213002,0.12968212038818325,0.5013040674067187,0.8900851665496826,0.7968,0.9456,3,41.940838094000355
33,0.00028711035421746355,0.028522226065185598,0.02103585206152109,0.013867689858836291,0.007168162234434435,0.07486373934609053,0.5146000720137223,0.924539727973938,0.7898,0.9456,3,41.80543178199969
34,0.0002591231629491422,0.0346969328423835,0.020614246018918824,0.013867358698255637,0.006746887344475413,0.14082686611932746,0.5214501803804358,0.8956897892951965,0.8012,0.9456,3,42.09198510399983
35,0.00023208660251050145,0.027306712880751795,0.01833384519241835,0.011498558897900775,0.006835286303116432,0.08972867539771621,0.5169859401384284,0.6143909969806671,0.897,0.9456,3,42.22413866600027
36,0.00020610737385376337,0.026053182887897656,0.017463249692809768,0.01106365972439314,0.006399589984291445,0.08589933100765021,0.49856839077123866,0.5955943297863007,0.9008,0.9456,3,42.59364612599984
37,0.00018128800512565502,0.019849236684174022,0.016663221941350705,0.01027775998888749,0.006385461961723526,0.03186014786611353,0.4988319568590007,0.6933745302438736,0.8772,0.9456,3,42.26618725299977
38,0.00015772644703565555,0.02366030699869787,0.017239225771680303,0.010888071401330473,0.006351154380933043,0.06421081159417306,0.48960542666133156,1.0284954925537109,0.7406,0.9456,3,42.31165252100027
39,0.00013551568628929425,0.023565829982875253,0.0171818575499029,0.01068238527064254,0.006499472248172176,0.06383972347512926,0.4967872804686935,0.896937668800354,0.8086,0.9456,3,42.22455103399989
40,0.00011474337861210535,0.024894913978641853,0.01766741038061975,0.011327230948981278,0.006340179429654117,0.07227503492189995,0.5051923903493761,1.0305649291992187,0.7426,0.9456,3,42.26410723100025
41,9.549150281252626e-05,0.01993470540566539,0.01553420832682274,0.009290326497813856,0.006243881853482559,0.04400496948139996,0.48264454151450825,0.9930219852447509,0.7564,0.9456,3,42.2602380620001
42,7.783603724899252e-05,0.018749344927279955,0.01577260351041332,0.00948168115428416,0.006290922392508946,0.029767413426518695,0.503536694905382,0.8695651856422424,0.817,0.9456,3,42.34427530899984
43,6.184665997806817e-05,0.01945026581366123,0.015436585423727096,0.00949137222117067,0.005945213243566369,0.040136802912456915,0.4932218124582009,0.8426109648704528,0.8326,0.9456,3,42.37974901200005
44,4.7586473766990294e-05,0.016679814711096697,0.013811816219293343,0.007988891464430542,0.005822924750894096,0.02867998525934209,0.49700142722576857,0.6694211106777191,0.8868,0.9456,3,42.369848182999704
45,3.5111757055874305e-05,0.018311358385042033,0.01447272086807061,0.008756504068680277,0.005716216764994897,0.03838637461144985,0.48787677818274294,0.857543484210968,0.8202,0.9456,3,42.431324656000015
46,2.4471741852423218e-05,0.016243030840996653,0.014594042784830724,0.00879507369708418,0.005798969068564475,0.01648988047170199,0.5239883672170849,0.8664147329330444,0.8226,0.9456,3,42.18415055300011
47,1.5708419435684507e-05,0.02236335829762869,0.014258292600226758,0.008305244946148543,0.005953047679213341,0.08105065602682192,0.48742180128200824,0.8546805597782136,0.8278,0.9456,3,42.25449941399984
48,8.856374635655634e-06,0.020745624356839635,0.016425946621562947,0.010323127164156176,0.006102819472620136,0.04319677752209827,0.5123459345936268,0.8009303528785705,0.8522,0.9456,3,42.42572030199972
49,3.942649342761115e-06,0.017741574516879733,0.014445779640068808,0.008732203652801796,0.005713575955517378,0.03295794784869279,0.5037379044383257,0.9647561537742615,0.7756,0.9456,3,42.59571624599994
50,9.866357858642198e-07,0.01892559130713132,0.015493649820035154,0.009548354283403816,0.005945295511496211,0.03431941470427608,0.4906412449940531,0.956066572713852,0.7792,0.9456,3,42.331088264999835
