image_id,true_label,output_patch_00_source,output_patch_01_source,output_patch_02_source,output_patch_03_source,output_patch_04_source,output_patch_05_source,output_patch_06_source,output_patch_07_source,output_patch_08_source,output_patch_09_source,output_patch_10_source,output_patch_11_source,output_patch_12_source,output_patch_13_source,output_patch_14_source,output_patch_15_source
3,0,15,0,10,5,9,1,3,12,2,13,11,8,6,7,14,4
29,7,8,7,3,11,12,5,10,1,9,2,13,0,15,4,6,14
35,2,1,10,15,6,11,14,2,0,4,7,12,3,13,8,9,5
42,0,11,14,2,8,5,4,6,12,9,1,15,7,0,10,13,3
49,2,10,0,9,5,7,3,4,1,11,13,14,15,12,8,2,6
81,0,5,9,1,11,3,4,15,10,12,6,7,2,13,0,8,14
95,1,4,5,9,8,2,13,11,6,0,10,1,12,15,14,7,3
97,5,7,9,12,0,8,11,14,6,15,5,2,4,1,13,10,3
116,1,14,7,5,8,10,15,6,2,0,3,12,1,11,4,9,13
131,9,12,4,1,11,7,15,3,14,10,8,9,0,6,13,2,5
151,8,4,7,8,13,10,15,9,11,12,1,5,3,2,0,6,14
171,4,3,9,8,13,4,10,11,12,2,5,15,14,6,7,0,1
176,3,10,11,12,8,13,7,1,3,14,0,2,5,15,4,6,9
191,9,0,14,15,8,12,9,4,1,10,13,5,6,7,3,11,2
194,8,14,13,8,12,6,7,2,11,1,4,9,0,15,5,3,10
198,1,8,7,15,9,10,14,11,3,4,6,12,5,2,13,0,1
239,9,8,14,0,11,6,7,1,5,10,9,4,13,3,15,12,2
261,1,6,5,4,12,8,2,9,0,10,14,7,13,1,15,11,3
269,7,9,4,12,5,2,11,14,13,3,1,8,0,7,10,6,15
276,9,5,3,7,9,14,8,10,4,15,0,12,6,11,13,1,2
303,9,5,2,8,4,0,11,12,14,3,15,9,10,1,13,7,6
304,1,8,0,11,9,1,12,2,5,3,4,6,15,13,10,7,14
317,2,4,12,9,14,2,5,10,8,3,6,13,11,1,15,7,0
319,5,5,10,14,12,15,7,9,0,1,3,2,8,13,11,6,4
323,7,7,15,13,4,10,1,0,14,5,9,6,12,8,11,2,3
365,3,12,14,1,0,9,5,2,6,15,7,4,13,11,3,10,8
370,7,13,12,0,1,4,7,2,8,11,6,14,3,9,5,10,15
372,3,13,3,11,5,8,10,2,1,14,9,15,12,6,0,4,7
378,5,5,13,4,8,7,9,15,3,10,14,0,11,12,1,2,6
391,3,0,7,2,3,11,8,5,9,14,13,4,6,12,10,15,1
409,2,9,5,7,0,6,12,13,8,4,2,1,11,15,3,10,14
419,9,2,9,10,12,7,8,3,1,4,0,14,5,6,15,13,11
449,6,15,5,11,14,9,3,8,4,0,6,13,12,7,10,1,2
470,2,11,9,14,2,7,6,10,8,12,15,3,1,0,5,13,4
483,2,8,12,6,4,15,13,1,11,9,10,2,7,5,3,0,14
484,0,0,2,8,14,13,7,5,6,11,9,12,1,10,3,4,15
506,4,15,0,4,14,8,10,6,1,12,13,7,2,9,3,11,5
545,6,14,11,0,13,3,4,2,8,15,6,10,1,12,9,5,7
562,0,6,10,9,2,4,3,8,11,1,13,7,5,15,0,14,12
568,5,13,2,15,9,8,11,4,5,10,0,12,6,3,14,1,7
603,9,0,9,10,4,2,12,7,8,11,3,5,6,15,14,13,1
632,3,9,2,6,7,3,15,13,4,0,12,5,14,1,11,10,8
645,5,7,4,2,0,15,6,10,3,12,13,8,11,14,5,1,9
667,8,5,7,15,14,13,2,10,0,3,12,4,6,1,11,8,9
672,3,12,13,0,11,5,10,7,2,14,9,6,4,3,1,8,15
677,3,5,15,6,4,3,10,13,2,7,1,11,14,12,8,9,0
685,5,9,3,4,8,13,14,1,0,12,5,10,11,6,15,7,2
691,4,2,15,6,0,9,11,1,12,14,8,3,5,13,10,4,7
706,8,10,6,11,8,5,4,9,14,7,13,12,1,0,3,2,15
714,2,7,5,15,3,6,13,1,10,0,14,4,2,12,9,11,8
716,8,10,2,4,13,12,8,15,5,11,0,1,14,7,9,6,3
738,3,11,12,9,6,13,3,0,15,1,10,8,4,7,2,14,5
739,8,14,15,13,5,7,2,10,8,4,12,3,1,0,11,9,6
766,4,7,1,2,15,3,14,8,11,4,6,0,10,13,5,12,9
791,3,14,2,9,1,7,15,0,3,10,12,13,8,11,4,6,5
805,9,11,9,3,0,12,1,6,13,4,7,15,10,5,14,8,2
825,1,1,15,4,0,6,14,2,10,11,5,3,7,13,9,8,12
852,9,9,1,14,0,15,11,6,2,4,3,5,8,10,7,12,13
855,4,10,7,2,6,4,1,14,12,0,13,15,8,3,5,11,9
873,6,2,4,12,8,7,5,6,11,10,1,3,14,0,13,9,15
890,6,10,5,8,1,12,14,0,7,13,15,6,4,9,11,3,2
920,6,5,1,10,6,0,13,3,15,4,7,8,9,11,2,14,12
929,6,2,14,9,4,0,12,11,5,13,8,3,1,10,7,6,15
962,8,3,5,15,6,13,0,9,11,12,1,14,4,7,8,10,2
964,6,8,6,4,2,5,0,15,11,9,10,12,13,14,7,1,3
977,6,13,9,1,12,4,7,0,2,5,11,15,8,14,6,3,10
979,3,5,12,11,4,6,15,13,3,9,1,8,10,14,0,2,7
981,2,11,1,6,12,8,7,2,4,5,0,3,9,10,15,13,14
1022,9,14,3,6,8,0,4,7,10,11,2,12,13,15,5,1,9
1032,7,11,9,5,15,10,1,7,12,8,4,14,0,2,6,13,3
1048,7,2,4,11,7,9,1,15,0,3,8,10,5,6,12,13,14
1090,1,6,10,7,2,12,9,11,15,8,3,5,13,4,1,14,0
1095,5,2,10,7,3,9,12,8,6,4,15,13,5,0,1,11,14
1109,1,3,7,1,14,8,5,10,0,11,13,9,15,12,6,4,2
1111,4,5,4,9,10,1,11,2,7,3,6,12,0,8,13,15,14
1115,1,14,10,2,7,1,3,15,8,11,12,4,9,13,0,5,6
1124,4,14,12,15,8,11,0,5,10,7,13,4,9,3,6,1,2
1129,8,4,8,3,5,7,9,10,11,12,13,15,6,0,1,14,2
1175,0,9,14,13,3,7,0,12,10,15,4,2,11,8,5,1,6
1202,2,2,10,4,15,13,0,6,9,7,1,14,8,12,3,5,11
1204,3,5,0,6,13,12,11,14,10,2,8,7,4,1,3,15,9
1211,4,8,2,14,6,9,7,11,0,15,5,4,12,3,10,1,13
1220,7,5,1,6,4,13,14,2,8,10,0,9,3,12,7,15,11
1230,1,3,2,9,15,11,4,5,12,6,14,13,1,10,0,8,7
1247,8,15,3,4,13,12,8,5,14,11,0,7,1,9,10,6,2
1263,3,2,6,0,10,5,7,9,12,4,14,8,3,15,13,1,11
1266,4,9,1,8,3,6,0,5,10,2,13,14,12,15,4,11,7
1287,7,3,10,0,12,1,7,9,15,4,11,8,2,5,14,6,13
1296,7,15,9,13,10,6,7,1,8,2,11,4,5,3,0,14,12
1370,3,6,9,10,14,7,3,12,8,13,1,2,5,11,15,0,4
1389,0,6,5,7,15,9,8,1,12,3,2,0,10,13,4,14,11
1401,3,13,9,7,12,4,10,15,11,2,0,8,5,3,6,1,14
1403,2,12,1,3,9,6,7,11,10,5,13,15,2,8,14,4,0
1411,9,1,8,11,14,10,7,15,2,13,9,6,4,0,12,5,3
1429,4,13,3,0,6,8,4,7,11,1,9,12,10,14,5,15,2
1430,9,8,5,13,3,12,4,2,7,15,9,11,0,10,6,14,1
1431,3,6,0,14,1,11,12,4,15,13,10,3,7,2,5,8,9
1436,1,0,11,9,4,15,2,10,6,5,12,1,3,14,7,13,8
1440,7,14,9,0,11,7,2,6,10,15,4,13,12,5,8,1,3
1468,9,6,15,9,0,5,8,11,14,2,12,10,4,1,7,3,13
1473,7,12,3,1,5,9,15,0,10,7,2,11,4,6,13,14,8
1515,9,8,6,15,5,7,13,11,10,14,12,3,0,2,1,9,4
1520,2,3,10,8,4,11,12,2,14,9,6,5,0,15,1,7,13
1531,3,13,11,3,2,4,14,8,5,9,1,7,12,15,10,6,0
1534,6,4,7,1,9,15,3,13,12,2,11,0,14,8,6,5,10
1552,5,13,5,10,1,9,12,4,7,8,2,14,15,3,6,11,0
1553,0,5,14,1,8,3,2,0,11,10,9,13,15,7,6,12,4
1563,3,7,6,0,11,3,8,2,1,4,15,12,14,5,13,10,9
1568,1,5,1,8,6,0,14,7,15,2,9,12,13,11,4,10,3
1579,7,9,4,0,6,10,7,15,13,2,8,11,1,12,14,3,5
1586,2,3,5,13,8,4,1,7,6,10,2,0,15,11,14,9,12
1596,0,3,5,2,10,13,15,7,9,1,4,11,14,6,8,0,12
1626,5,0,8,4,3,5,6,2,9,12,14,7,15,11,1,13,10
1640,8,3,1,8,15,2,14,9,4,13,6,0,12,5,7,10,11
1644,5,6,14,7,11,8,1,9,13,2,12,10,5,4,15,0,3
1648,0,11,0,2,15,3,4,9,7,6,13,10,12,14,5,1,8
1654,9,1,15,14,0,8,12,6,7,3,10,4,9,5,11,13,2
1667,6,13,2,7,1,11,4,6,3,0,9,15,14,12,10,5,8
1703,7,13,0,4,6,5,3,15,11,10,2,8,14,7,9,1,12
1711,7,2,12,6,13,5,9,10,4,3,15,11,8,14,7,1,0
1771,7,12,15,0,5,8,2,1,13,14,10,9,3,6,4,11,7
1783,8,12,5,4,0,1,9,14,15,3,6,2,13,7,8,11,10
1814,2,8,15,0,12,10,1,5,6,4,3,11,13,9,7,14,2
1833,8,3,6,5,10,12,11,1,0,13,9,4,15,8,7,14,2
1836,9,6,12,15,10,7,8,14,11,3,9,4,2,13,5,1,0
1839,2,12,7,3,6,11,5,2,1,8,15,14,0,10,4,9,13
1852,1,14,6,4,5,2,0,9,11,8,10,3,13,7,15,1,12
1871,1,12,14,7,3,2,15,11,4,8,10,1,5,6,9,13,0
1877,5,10,13,11,5,1,15,0,7,12,14,3,2,6,4,9,8
1884,7,9,6,13,8,14,15,4,7,12,5,11,10,2,3,1,0
1927,7,15,7,13,12,4,6,1,0,2,9,8,10,11,3,5,14
1954,8,13,0,8,2,14,9,7,3,6,1,4,15,10,11,12,5
1956,7,2,15,5,10,8,4,11,6,12,9,1,13,14,0,7,3
1960,4,1,9,15,7,13,8,3,14,5,11,12,0,2,6,4,10
1977,0,9,8,4,14,11,15,3,2,7,10,6,12,1,0,5,13
1986,1,12,4,5,11,1,14,9,8,10,0,15,2,6,3,7,13
1993,1,1,11,5,6,15,10,7,9,14,12,3,4,0,8,2,13
2003,6,7,12,10,13,9,0,4,8,6,2,5,3,15,11,14,1
2011,9,3,14,6,9,11,7,0,13,12,2,10,5,15,1,8,4
2024,0,6,7,1,8,12,10,14,15,11,0,4,5,3,2,13,9
2028,3,0,8,9,12,14,4,13,10,11,6,7,3,15,5,2,1
2062,9,15,13,0,5,9,2,4,8,14,3,7,6,1,10,11,12
2070,1,13,5,15,11,3,12,2,9,6,10,1,8,4,7,0,14
2082,2,15,13,4,12,0,2,8,14,11,3,10,9,7,1,5,6
2095,1,13,0,3,14,10,11,9,15,2,4,1,8,5,6,7,12
2109,8,4,6,0,15,3,14,9,13,8,1,12,7,2,11,10,5
2114,9,7,12,2,9,13,14,5,3,0,4,1,15,11,10,8,6
2116,1,12,7,0,14,1,5,10,11,2,13,8,6,15,4,3,9
2157,1,11,6,1,8,5,9,15,14,4,12,7,13,10,2,0,3
2167,9,0,4,9,10,14,3,15,5,6,8,12,1,13,2,7,11
2178,1,14,12,15,8,7,9,3,6,11,1,13,5,2,10,0,4
2191,8,6,3,5,11,8,2,9,13,15,10,12,0,4,1,7,14
2230,8,2,4,12,14,10,9,0,8,7,11,6,13,15,1,3,5
2242,0,11,12,8,1,2,9,0,10,13,5,6,7,14,15,3,4
2265,5,4,9,14,11,0,13,3,5,12,10,7,15,8,6,1,2
2268,5,7,6,10,0,2,15,12,8,14,3,5,13,1,11,4,9
2291,3,9,0,5,3,6,13,12,7,15,4,14,2,8,11,10,1
2334,5,5,13,4,9,10,15,14,1,6,3,12,11,8,7,0,2
2340,8,8,13,11,9,5,1,6,3,10,0,2,7,15,4,12,14
2342,8,7,10,4,11,14,0,1,6,9,13,15,2,5,8,3,12
2351,9,11,13,15,6,10,4,1,0,7,9,5,3,2,14,12,8
2391,5,3,9,1,0,2,7,5,6,12,8,15,10,11,13,14,4
2392,2,1,6,7,11,5,15,9,8,12,4,14,0,13,2,3,10
2399,4,13,11,4,2,0,7,12,1,14,9,5,10,6,3,8,15
2414,9,2,11,10,14,1,15,8,13,12,6,3,9,7,4,0,5
2427,5,4,15,11,9,12,6,7,3,13,5,10,0,1,14,2,8
2458,5,1,8,12,6,13,0,9,4,11,5,3,2,7,10,15,14
2501,7,14,0,10,9,1,12,7,15,4,3,5,11,13,6,8,2
2502,2,14,9,13,10,8,2,0,11,15,1,4,6,3,12,7,5
2536,3,0,1,11,14,4,8,2,6,12,7,9,5,15,3,13,10
2539,3,14,2,10,8,11,6,1,3,4,7,15,9,0,5,13,12
2610,6,6,7,0,15,1,9,14,4,12,5,2,8,10,11,3,13
2623,5,6,11,5,0,10,2,8,7,12,1,3,9,15,4,13,14
2655,9,8,10,9,15,11,4,0,1,2,6,12,3,7,13,5,14
2668,7,13,8,1,3,5,2,15,10,4,9,14,7,6,0,11,12
2676,6,8,14,5,4,10,13,2,1,6,3,9,11,15,0,7,12
2687,1,11,9,15,10,4,8,0,7,13,1,14,6,3,5,12,2
2690,1,14,7,11,5,15,4,12,3,13,0,8,6,10,2,9,1
2704,4,8,1,2,13,12,11,6,14,10,0,7,15,5,4,9,3
2745,8,2,14,3,0,5,11,9,8,10,4,6,1,15,7,12,13
2746,7,14,2,9,10,4,13,11,5,6,0,1,12,3,15,7,8
2750,0,1,9,7,15,8,0,14,3,4,11,13,5,6,2,12,10
2754,3,3,6,1,5,10,2,15,9,12,8,0,4,11,14,13,7
2757,4,13,2,1,5,7,14,8,4,11,10,12,9,15,0,3,6
2766,5,13,7,11,2,4,5,8,9,15,10,14,0,3,6,12,1
2807,5,0,5,1,3,4,2,14,7,15,12,11,13,10,9,8,6
2844,8,1,6,4,13,3,9,10,5,2,12,8,15,0,11,7,14
2854,7,1,0,5,11,12,8,3,13,4,6,10,14,15,9,7,2
2861,3,0,12,6,2,5,11,4,15,1,3,9,10,8,7,14,13
2888,0,5,7,6,1,14,2,13,12,4,10,0,3,9,11,8,15
2898,4,3,1,13,5,4,2,9,14,6,10,11,15,0,8,7,12
2950,5,2,7,3,8,11,5,9,1,15,13,0,10,14,12,4,6
2958,6,3,1,14,4,0,9,5,13,10,7,11,12,15,8,2,6
3015,8,6,7,12,5,1,14,15,2,10,9,11,3,4,0,13,8
3024,2,4,10,7,13,5,2,9,3,8,15,1,0,14,11,6,12
3025,0,8,12,14,13,15,2,0,10,6,7,11,3,5,1,4,9
3034,4,6,10,8,1,14,5,4,3,13,2,7,9,12,11,15,0
3067,2,13,8,10,7,3,15,6,1,2,9,4,12,0,11,5,14
3078,4,13,0,6,11,1,7,14,4,10,8,9,3,12,2,5,15
3079,1,11,4,1,6,5,10,12,15,2,13,8,9,7,3,14,0
3083,0,7,1,5,9,14,2,3,8,6,11,10,12,13,0,15,4
3122,4,0,6,1,8,11,4,2,9,14,12,7,5,13,10,3,15
3153,7,10,4,6,13,11,15,1,7,12,8,2,14,9,3,5,0
3157,8,7,2,13,8,4,6,11,0,5,9,1,15,12,14,10,3
3163,2,12,13,3,9,10,0,15,1,8,4,11,7,6,14,2,5
3179,4,3,14,10,0,11,1,5,2,7,9,12,4,8,13,6,15
3191,6,1,4,15,5,12,10,14,9,8,6,13,2,0,11,3,7
3276,3,7,4,2,6,13,15,0,11,1,12,5,9,14,3,8,10
3287,4,12,13,1,8,9,7,4,3,14,5,6,10,11,2,0,15
3288,7,1,2,14,10,5,9,7,11,4,3,0,8,13,15,6,12
3292,6,7,15,2,10,13,14,0,4,8,5,6,12,9,11,3,1
3318,9,10,6,0,11,3,8,2,15,7,4,12,9,1,13,5,14
3347,0,8,3,11,13,15,12,6,9,10,4,1,14,2,5,0,7
3353,5,13,8,3,1,4,15,14,0,12,9,11,2,5,10,6,7
3362,2,10,3,8,6,0,15,5,13,7,14,4,9,12,11,1,2
3365,4,1,7,6,8,13,4,2,0,12,9,5,3,11,15,14,10
3375,3,1,10,14,5,6,12,11,15,9,4,7,8,0,2,13,3
3383,3,7,5,6,0,13,15,9,8,11,12,3,10,14,2,4,1
3404,7,0,7,6,1,4,3,13,9,14,11,10,8,5,12,2,15
3412,8,11,13,5,14,15,0,7,8,9,4,2,12,1,10,6,3
3413,1,3,2,0,4,10,9,13,1,12,6,5,11,8,15,7,14
3418,6,3,10,4,7,2,9,8,12,0,14,6,1,11,15,13,5
3437,0,11,13,5,0,9,15,8,4,2,14,6,7,1,3,12,10
3446,7,12,0,10,8,11,13,15,14,2,5,9,4,3,6,1,7
3454,2,11,4,2,15,13,8,14,7,10,12,9,3,5,0,1,6
3455,0,6,4,8,15,11,0,7,13,9,12,1,3,14,5,10,2
3458,4,11,9,12,5,4,8,2,13,3,14,7,6,0,15,1,10
3467,7,14,9,3,1,6,10,0,2,12,11,15,4,13,8,5,7
3491,1,2,1,15,10,13,0,12,11,9,4,8,6,3,14,7,5
3494,6,8,14,7,10,3,12,11,13,9,6,0,2,15,5,1,4
3512,4,1,5,3,11,10,14,8,13,6,15,2,12,4,7,9,0
3515,6,6,15,12,10,0,4,11,1,14,2,8,7,13,9,3,5
3542,7,2,12,8,10,9,15,13,6,1,3,14,11,7,5,0,4
3550,1,0,7,12,1,5,2,13,3,10,9,8,6,11,4,15,14
3562,3,5,13,1,8,9,6,0,7,2,3,11,10,12,15,14,4
3755,2,0,5,12,15,8,6,4,3,9,2,7,10,1,11,14,13
3763,4,3,2,4,12,5,6,13,1,10,15,7,0,8,11,9,14
3777,6,6,1,9,10,4,2,3,15,14,0,5,7,8,11,13,12
3778,3,11,13,6,1,15,7,0,3,5,14,9,10,4,12,2,8
3779,6,9,5,1,15,10,13,6,7,12,14,4,11,2,8,3,0
3844,6,13,0,9,7,5,11,14,10,2,15,4,6,8,3,12,1
3851,3,4,13,12,6,0,9,5,8,15,2,3,11,1,7,14,10
3852,5,11,12,10,5,7,8,2,6,15,9,0,13,1,4,3,14
3863,5,7,4,1,11,6,5,8,14,3,2,9,15,0,13,10,12
3867,7,10,5,4,12,14,1,0,2,13,9,15,8,3,11,6,7
3876,0,1,0,7,8,11,10,3,14,9,13,4,15,12,2,5,6
3889,5,7,5,0,2,1,14,4,13,12,15,3,8,11,9,6,10
3891,4,13,5,1,6,8,0,2,10,9,15,4,7,3,11,14,12
3893,9,13,14,4,15,12,3,8,1,0,10,6,7,11,5,9,2
3905,8,11,9,12,5,4,2,7,13,3,14,6,10,0,15,8,1
3914,3,5,15,13,3,1,4,2,12,11,10,6,8,9,14,7,0
3937,1,13,8,1,6,4,5,10,15,9,2,3,11,0,12,14,7
3942,9,2,6,5,7,10,9,1,8,4,13,15,0,3,14,11,12
3948,8,4,0,8,2,14,11,15,10,1,13,9,12,5,7,6,3
3962,6,9,7,11,12,4,2,1,6,10,14,0,8,5,3,13,15
3965,0,3,13,6,1,7,14,15,9,10,11,5,0,12,8,2,4
3994,4,7,0,5,15,14,6,11,1,3,9,13,4,8,10,2,12
3996,9,11,10,14,5,3,9,6,12,4,0,8,7,13,2,15,1
4011,6,14,12,13,0,2,15,8,6,11,1,9,10,4,5,7,3
4023,3,15,2,11,0,4,5,1,13,12,6,7,14,9,10,3,8
4054,4,5,9,8,6,0,7,1,11,14,2,13,15,10,4,12,3
4065,2,2,3,10,4,7,5,6,11,1,9,12,0,15,8,13,14
4069,8,2,13,12,15,3,9,11,4,0,5,1,10,8,7,14,6
4093,6,1,13,0,11,4,12,2,8,7,9,10,15,5,6,14,3
4094,9,10,12,9,8,15,7,14,4,3,0,1,13,6,11,5,2
4106,5,0,1,9,8,7,13,3,11,4,12,15,5,10,6,2,14
4130,0,9,0,12,1,5,15,8,2,14,13,7,4,10,6,11,3
4168,3,7,11,8,2,10,0,4,12,5,1,6,3,15,13,14,9
4170,8,1,3,13,5,10,0,15,14,7,4,9,11,6,2,8,12
4172,7,4,7,5,10,14,2,9,3,6,1,0,11,13,12,8,15
4177,8,15,4,1,14,0,11,2,6,8,12,10,9,13,5,3,7
4215,3,4,7,3,12,1,5,13,9,11,2,0,8,15,6,14,10
4229,3,12,2,6,15,8,3,4,13,1,11,5,9,14,0,7,10
4236,7,5,4,0,8,11,14,1,15,10,2,9,12,13,6,7,3
4242,8,0,6,8,14,11,5,2,13,7,4,1,3,9,15,12,10
4254,6,11,0,5,15,3,1,4,9,8,12,14,7,13,10,2,6
4290,5,3,5,11,4,2,7,1,15,14,0,10,6,13,12,8,9
4298,1,1,4,11,12,15,0,7,14,13,8,3,9,10,5,6,2
4308,7,11,8,14,6,13,3,0,9,10,2,7,5,12,1,15,4
4311,8,15,8,13,11,4,10,14,1,2,7,0,9,3,12,6,5
4323,3,7,10,2,15,14,8,6,0,9,3,11,12,4,1,13,5
4330,3,4,8,13,14,11,2,9,6,0,7,10,15,1,3,5,12
4341,6,13,6,4,7,14,1,15,0,8,3,9,10,12,11,2,5
4355,8,6,8,2,0,9,13,11,10,14,3,12,7,15,1,5,4
4399,0,3,5,13,14,10,2,15,11,4,9,7,12,8,6,0,1
4403,7,1,5,14,11,10,8,12,4,0,13,7,6,3,9,2,15
4411,6,2,4,11,1,3,12,14,7,15,9,6,13,8,10,0,5
4449,9,10,12,3,9,8,14,2,13,15,7,11,5,0,4,6,1
4463,3,7,8,13,6,11,0,4,1,12,10,2,3,14,15,5,9
4531,3,12,2,11,8,9,4,15,1,10,3,0,6,13,14,5,7
4539,0,10,12,2,4,7,0,9,8,3,11,13,14,6,1,5,15
4547,5,10,11,2,6,9,0,1,4,14,3,7,8,12,13,15,5
4552,8,8,2,1,6,4,14,15,7,10,0,3,13,5,9,12,11
4570,5,15,3,13,0,11,1,9,14,5,10,7,4,12,6,2,8
4590,3,9,0,5,14,8,13,3,6,1,7,4,12,15,10,2,11
4609,3,15,5,3,0,4,8,1,11,2,9,14,12,13,10,6,7
4615,0,13,7,2,8,15,3,1,5,0,9,14,10,11,12,4,6
4617,0,2,9,4,0,15,13,10,5,3,14,8,6,1,12,7,11
4620,6,7,14,8,10,5,2,6,11,12,4,3,1,13,15,0,9
4629,4,2,15,12,6,10,5,0,9,1,4,13,3,7,14,8,11
4640,1,3,14,15,1,13,12,7,11,2,8,5,4,9,6,10,0
4642,4,11,0,13,14,7,15,10,12,4,5,8,6,1,9,2,3
4661,7,1,14,15,7,10,2,13,5,11,4,3,0,6,8,9,12
4662,8,13,7,14,2,11,0,8,6,15,12,1,10,5,3,9,4
4675,0,14,11,8,1,15,13,5,7,12,6,10,0,3,4,2,9
4676,8,15,13,4,12,10,6,11,0,5,1,9,8,14,2,7,3
4704,7,2,7,0,13,11,14,9,12,10,3,6,15,8,4,5,1
4723,9,14,0,1,5,12,9,13,11,4,8,6,2,3,15,10,7
4731,6,4,12,10,7,1,0,2,11,3,15,6,8,9,14,5,13
4735,2,13,7,0,4,2,1,6,5,9,3,8,11,14,10,12,15
4740,4,14,12,0,8,10,6,5,3,13,7,2,4,11,15,9,1
4746,6,4,8,11,6,10,2,9,13,3,14,5,0,15,12,7,1
4748,7,2,3,9,6,14,13,12,10,4,7,0,8,5,15,11,1
4754,6,2,9,8,13,15,6,5,0,3,14,1,7,10,12,4,11
4785,0,0,4,5,13,15,1,7,11,14,8,3,9,6,2,10,12
4791,7,3,9,6,7,8,13,15,12,2,11,10,1,5,4,14,0
4819,0,15,13,12,7,8,10,3,4,5,9,0,14,11,6,2,1
4821,3,8,6,3,14,5,15,7,4,0,12,2,1,10,13,9,11
4827,6,10,1,7,8,3,6,11,2,5,9,15,13,4,12,14,0
4850,5,14,1,8,5,10,15,12,11,2,6,7,3,0,4,13,9
4881,3,3,1,14,7,0,6,4,15,9,11,5,13,2,12,8,10
4893,0,7,6,13,3,14,5,0,8,12,15,11,9,1,4,10,2
4908,3,1,8,2,7,0,12,4,13,3,9,15,10,5,14,11,6
4913,2,13,1,5,8,7,10,4,9,14,0,3,2,12,15,11,6
4921,2,12,10,3,2,15,1,9,4,0,8,13,5,7,6,11,14
4953,5,13,11,7,4,0,5,6,2,3,9,10,1,14,15,8,12
4966,5,14,12,5,11,3,2,15,9,10,0,13,8,1,7,6,4
4990,8,15,8,13,12,9,14,11,0,4,5,7,6,3,2,1,10
5000,8,11,2,4,5,15,7,14,10,8,9,3,12,0,13,1,6
5030,2,0,5,14,6,12,1,3,10,9,4,8,11,15,2,7,13
5062,4,14,12,7,10,6,9,3,0,2,5,8,15,13,11,1,4
5077,4,7,5,9,3,15,2,0,13,8,6,12,11,10,1,14,4
5082,6,3,4,14,13,9,0,6,11,15,12,10,2,8,1,5,7
5092,1,5,1,7,12,15,11,0,14,10,13,4,6,3,2,8,9
5101,5,0,11,12,1,6,14,15,10,8,7,2,5,3,9,4,13
5117,0,5,12,7,2,15,13,1,6,10,3,4,14,9,11,0,8
5123,1,11,6,15,5,2,12,14,0,1,3,10,9,8,7,4,13
5135,4,3,14,7,1,0,11,2,6,12,8,13,4,10,5,15,9
5183,2,3,4,15,2,5,14,12,1,10,7,6,8,13,9,0,11
5213,4,3,8,9,4,0,13,14,1,7,5,15,6,11,10,12,2
5218,2,4,8,13,10,2,15,14,0,11,3,6,9,7,12,5,1
5220,1,8,15,0,9,6,2,5,4,11,14,7,10,13,12,3,1
5237,2,1,0,3,10,5,6,9,7,4,11,8,15,12,2,14,13
5256,1,7,14,6,5,8,0,1,11,2,9,15,10,12,4,13,3
5284,9,15,3,2,4,11,0,6,8,13,10,1,7,14,5,12,9
5301,9,0,9,2,12,14,3,4,10,8,7,13,6,15,1,11,5
5318,2,5,2,10,1,7,6,15,8,12,0,14,3,4,11,13,9
5332,5,11,5,6,7,0,15,12,10,2,1,3,8,14,9,13,4
5333,2,13,2,3,14,0,12,6,10,4,15,5,9,8,7,11,1
5360,9,1,6,8,4,15,10,9,12,2,3,14,11,0,7,13,5
5381,5,5,10,14,11,7,2,12,1,4,13,15,9,8,6,0,3
5382,6,9,6,8,0,12,2,4,15,3,1,10,7,14,5,13,11
5395,2,9,6,15,11,12,5,13,7,14,1,4,10,0,3,2,8
5402,4,8,12,10,6,7,4,5,11,13,15,9,3,14,1,0,2
5408,6,14,15,1,11,10,7,6,12,8,13,0,2,4,3,5,9
5436,7,7,3,9,10,14,2,1,12,4,15,11,8,0,13,6,5
5447,9,1,11,0,12,9,10,3,7,15,5,13,6,14,2,8,4
5450,7,13,0,5,10,4,2,3,8,1,7,9,15,6,14,12,11
5451,8,13,8,12,9,4,1,14,6,2,15,11,7,10,3,0,5
5452,9,3,9,5,0,4,12,2,1,11,15,13,10,14,7,6,8
5467,4,1,7,10,6,4,14,0,15,2,3,12,8,9,13,11,5
5478,0,13,12,11,4,7,5,6,9,1,14,2,0,15,8,10,3
5488,1,4,10,0,11,1,9,14,2,8,6,5,15,13,3,7,12
5496,5,7,9,10,13,2,12,15,5,1,0,6,11,8,4,14,3
5508,9,5,3,11,7,12,13,8,9,14,0,6,1,2,15,10,4
5512,2,5,6,10,12,4,0,11,8,3,2,7,9,14,13,1,15
5525,8,11,9,2,8,1,5,10,3,4,12,15,0,6,13,14,7
5528,3,9,14,15,8,2,11,12,1,0,6,5,4,13,3,10,7
5556,4,1,11,14,7,0,4,9,5,6,10,15,2,12,13,8,3
5560,1,0,3,7,9,4,13,5,1,6,11,14,10,8,12,2,15
5572,9,14,7,3,0,2,5,9,10,4,15,11,12,13,6,1,8
5580,6,4,8,15,13,2,1,12,10,9,6,14,7,3,0,5,11
5590,9,10,13,4,0,11,2,5,1,8,6,7,12,14,3,15,9
5623,4,13,14,5,15,4,0,11,9,3,7,10,6,8,2,12,1
5677,2,4,2,14,7,15,5,0,10,8,6,1,11,13,3,9,12
5694,8,4,6,15,14,1,8,12,3,0,11,7,5,13,2,10,9
5701,5,4,15,10,5,8,1,13,11,2,7,14,12,0,9,6,3
5705,8,13,7,4,5,6,9,2,14,3,0,1,8,12,11,10,15
5719,7,1,5,13,15,10,3,14,9,0,6,2,8,7,12,11,4
5729,6,13,7,2,0,12,3,11,10,1,6,8,15,4,5,14,9
5756,2,9,3,2,11,6,1,8,13,7,15,4,0,14,5,10,12
5788,9,7,5,6,2,1,13,12,3,4,14,11,15,9,0,10,8
5789,4,10,7,2,1,12,5,13,6,4,9,11,14,3,15,0,8
5824,2,5,8,11,14,1,9,13,10,6,2,15,12,3,7,4,0
5848,7,10,6,9,7,8,13,3,0,11,5,2,15,4,1,12,14
5851,9,7,11,13,9,5,10,3,6,8,0,15,1,4,2,14,12
5857,6,9,4,12,7,8,1,11,6,5,3,13,10,14,0,2,15
5858,6,4,14,12,1,0,15,3,11,10,5,13,2,7,6,9,8
5912,0,15,5,8,2,14,12,7,13,10,4,9,0,11,6,3,1
5915,9,11,10,0,2,13,9,15,8,5,3,4,1,14,6,12,7
5918,0,7,1,15,12,4,3,13,2,14,9,10,11,5,8,6,0
5924,5,2,13,1,8,9,15,5,4,6,0,12,7,10,3,14,11
5977,7,12,6,0,5,9,13,15,1,7,11,14,3,8,10,2,4
5981,9,11,3,12,4,7,9,8,0,15,14,6,2,5,10,13,1
5999,0,12,10,15,8,13,5,14,4,3,7,1,11,9,6,2,0
6028,2,13,4,15,14,6,12,5,7,8,9,11,10,3,2,1,0
6033,4,9,6,1,10,5,4,15,2,3,11,12,14,8,0,13,7
6076,1,8,14,12,0,15,9,3,10,4,13,11,7,1,5,6,2
6084,7,3,8,5,1,10,13,9,4,14,15,7,2,12,11,0,6
6097,4,2,12,7,10,1,4,5,15,8,6,14,11,13,9,3,0
6169,1,3,6,5,11,8,10,13,1,12,0,4,14,15,9,7,2
6190,7,2,9,14,4,8,10,1,15,13,6,0,5,3,7,11,12
6224,5,5,13,6,8,10,14,1,12,15,11,3,0,4,7,9,2
6244,2,1,8,7,2,0,13,9,4,12,15,3,6,11,5,10,14
6264,2,5,7,4,14,1,0,11,12,10,9,13,2,8,3,15,6
6271,2,13,3,8,11,9,2,6,1,0,12,14,4,5,7,15,10
6288,4,3,13,15,8,6,1,4,7,0,12,14,11,2,9,10,5
6332,2,11,10,14,3,5,0,13,12,7,8,1,6,2,4,15,9
6349,1,4,8,6,0,11,7,12,13,9,15,2,3,5,10,14,1
6354,2,5,6,12,2,10,4,1,11,13,7,15,9,3,0,8,14
6358,5,1,2,7,9,14,11,10,4,3,6,15,8,13,5,0,12
6381,6,9,11,8,1,10,5,15,13,14,2,6,12,4,3,0,7
6414,5,15,8,3,1,6,11,5,2,10,9,7,12,4,13,0,14
6426,2,7,13,14,5,15,12,11,9,0,6,4,10,1,8,3,2
6434,8,9,11,12,6,2,0,3,13,4,8,10,7,14,1,15,5
6437,0,2,5,6,14,1,12,9,10,11,0,7,8,3,15,4,13
6455,0,5,15,3,14,6,12,9,8,13,7,2,4,11,1,10,0
6490,3,2,3,13,12,14,8,11,5,6,0,1,9,4,7,10,15
6503,2,8,10,7,6,2,0,5,4,1,11,9,14,15,13,3,12
6508,4,1,14,2,0,10,4,7,8,15,11,5,9,3,12,13,6
6528,4,13,7,3,2,5,9,8,15,11,0,10,14,12,6,4,1
6594,1,15,5,2,11,1,0,4,3,14,10,7,6,12,9,13,8
6609,0,12,15,2,9,6,1,5,8,10,4,11,14,3,0,13,7
6616,2,1,2,7,10,12,13,9,0,5,6,3,11,8,15,14,4
6650,7,14,3,2,15,0,6,5,4,10,8,9,7,13,1,12,11
6689,8,14,3,12,8,13,1,11,5,0,4,9,15,6,7,2,10
6692,2,13,3,6,10,8,14,1,9,5,12,7,2,15,0,4,11
6713,6,8,4,3,7,9,13,2,0,10,11,15,12,6,1,5,14
6716,5,12,5,8,4,0,6,1,13,7,15,11,2,3,14,10,9
6726,7,9,2,8,4,15,6,0,7,10,13,5,1,3,11,14,12
6733,1,8,12,5,14,7,0,11,1,3,6,2,13,10,15,4,9
6772,7,4,15,7,3,9,13,5,0,14,2,11,6,12,10,1,8
6805,1,1,0,12,13,11,8,2,4,15,6,7,10,3,9,14,5
6836,1,8,11,12,14,5,15,9,13,1,0,7,3,2,10,4,6
6844,0,13,7,14,1,15,6,3,9,0,11,4,2,5,12,10,8
6922,5,12,9,2,7,4,1,11,6,14,15,3,0,8,5,13,10
6931,9,6,3,12,7,2,9,8,0,5,13,11,1,14,10,15,4
6938,1,6,5,1,10,8,9,12,3,2,15,7,13,14,11,0,4
6952,3,0,14,12,5,4,2,11,10,1,3,9,13,15,7,8,6
6954,1,12,6,1,5,2,8,14,4,9,15,10,11,0,3,7,13
6986,0,12,4,9,14,15,1,13,8,11,2,6,10,3,5,0,7
6989,5,10,2,4,7,14,9,0,15,13,12,3,11,1,8,6,5
7009,0,3,2,1,12,6,14,8,4,10,11,7,5,15,0,9,13
7029,1,9,12,1,5,6,15,0,13,3,10,14,2,7,11,4,8
7033,1,4,14,0,12,11,5,2,6,15,3,8,7,1,13,9,10
7041,5,9,15,11,2,6,13,4,7,5,14,1,10,0,12,3,8
7047,9,4,7,15,6,13,5,8,3,11,12,14,2,9,10,1,0
7081,7,1,10,5,11,8,14,13,4,12,3,0,6,2,9,7,15
7084,2,0,2,7,14,3,15,8,1,10,9,12,13,5,11,4,6
7108,6,1,3,2,9,0,13,12,14,8,7,5,6,4,15,11,10
7130,5,13,6,12,14,0,8,11,1,4,7,5,15,9,2,3,10
7138,8,0,15,9,7,1,3,2,10,5,6,12,13,11,8,4,14
7150,0,4,8,12,9,11,7,10,3,5,14,13,0,2,6,15,1
7202,1,7,4,3,9,2,15,10,11,0,6,8,12,5,1,14,13
7262,0,11,2,3,1,10,15,7,14,12,4,0,9,13,5,8,6
7266,9,9,15,14,7,6,8,11,10,0,4,1,2,13,5,3,12
7270,7,12,14,3,6,9,7,10,5,4,15,8,13,0,2,11,1
7309,0,1,0,8,4,3,14,7,5,6,15,13,11,12,2,9,10
7320,0,11,6,4,1,8,9,2,13,7,5,12,10,14,3,0,15
7338,6,14,13,5,12,1,9,0,4,3,15,6,10,2,7,11,8
7372,0,11,5,1,14,6,15,2,7,0,4,8,3,13,10,12,9
7373,0,12,7,2,4,11,1,3,10,9,6,8,0,13,5,15,14
7380,9,5,13,9,15,10,3,2,6,0,1,4,11,7,14,8,12
7390,1,4,14,7,10,13,15,8,11,0,9,6,12,3,2,5,1
7413,5,5,4,15,8,2,13,7,11,6,3,10,0,12,1,14,9
7416,3,2,6,8,0,14,4,15,5,3,9,7,13,10,1,11,12
7425,2,7,6,8,5,0,10,1,11,9,2,4,12,13,14,15,3
7446,8,7,2,0,1,11,6,8,5,12,14,15,9,4,3,13,10
7460,8,15,0,10,14,13,5,3,7,11,2,8,12,9,1,6,4
7465,0,3,15,13,6,14,2,5,10,7,8,9,4,12,11,1,0
7474,5,5,12,9,4,8,14,13,0,3,7,1,10,15,6,2,11
7475,4,1,14,3,7,4,15,0,11,5,9,10,13,6,8,12,2
7476,8,3,7,4,8,9,12,6,5,14,1,2,15,0,10,11,13
7544,9,0,6,9,4,5,10,7,1,13,11,14,15,3,8,12,2
7555,6,4,15,13,3,6,11,9,1,10,8,14,0,7,12,5,2
7600,6,12,8,3,11,10,0,15,5,7,14,4,13,6,9,1,2
7610,4,5,14,9,1,12,13,6,2,3,8,15,4,7,10,0,11
7634,0,3,12,15,2,14,13,0,11,6,10,1,9,8,7,4,5
7692,4,13,9,6,14,12,15,1,7,2,4,5,10,0,11,3,8
7706,5,1,8,0,15,9,3,6,4,13,14,11,5,2,7,10,12
7726,6,12,9,11,3,5,7,13,14,10,8,2,0,1,15,6,4
7744,3,10,9,13,12,3,0,5,7,4,8,6,15,14,11,2,1
7752,9,9,15,14,6,8,10,1,4,12,0,3,11,13,5,2,7
7776,5,10,11,8,5,7,14,12,9,6,15,0,2,4,1,13,3
7779,6,12,15,3,1,14,13,11,10,8,2,6,7,9,0,5,4
7781,6,11,13,5,1,0,3,12,2,8,7,4,10,9,14,6,15
7793,3,0,7,2,14,9,13,15,11,6,8,4,1,3,10,5,12
7797,3,2,0,15,5,1,6,11,3,14,13,7,9,12,8,4,10
7810,8,11,4,14,1,13,0,12,5,15,2,8,10,9,3,7,6
7818,8,2,10,5,1,7,3,15,0,9,12,14,4,11,8,13,6
7835,7,11,2,5,8,1,9,4,13,12,3,14,15,6,7,10,0
7864,4,8,12,3,9,4,10,6,14,13,2,5,0,11,1,7,15
7875,8,0,12,1,11,5,8,13,9,10,3,15,4,2,14,7,6
7938,9,8,15,4,6,13,1,5,10,9,7,14,0,12,2,11,3
7940,4,15,1,13,5,11,10,2,8,9,3,0,6,12,4,14,7
7944,4,14,9,2,4,15,11,1,13,0,5,10,12,6,7,3,8
7955,1,11,2,4,0,9,14,13,5,3,6,15,8,12,7,10,1
7995,9,4,9,8,2,7,6,12,0,10,3,14,13,11,1,15,5
7996,6,7,5,14,6,3,12,4,2,9,0,13,1,11,8,10,15
7999,8,4,10,3,8,5,12,6,7,13,14,9,0,11,2,1,15
