epoch,train_total_loss,train_cls_loss,train_alignment_loss,train_accuracy,updates,source_examples_processed,target_examples_processed,train_photo_accuracy,train_art_painting_accuracy,train_cartoon_accuracy,mean_source_val_accuracy,mean_source_val_macro_f1,worst_source_val_macro_f1,elapsed_seconds,val_photo_accuracy,val_photo_macro_f1,val_photo_loss,val_art_painting_accuracy,val_art_painting_macro_f1,val_art_painting_loss,val_cartoon_accuracy,val_cartoon_macro_f1,val_cartoon_loss
1,0.7162893797852036,0.4967064644791122,0.21958291224944285,0.8392094017094017,234,5616,5616,0.9091880341880342,0.7991452991452992,0.8092948717948718,0.8940485454801562,0.891773452696475,0.8574708788881243,45.09927178299995,0.9491017964071856,0.9401262312663041,0.19120218975101402,0.8609756097560975,0.8574708788881243,0.42955294818412965,0.8720682302771855,0.8777232479349965,0.34824212273555016
2,0.3950457739142271,0.21243206698160905,0.1826137059774154,0.9382122507122507,234,5616,5616,0.9642094017094017,0.9166666666666666,0.9337606837606838,0.9236712284516203,0.9195561188869714,0.888768592057722,44.47619911100003,0.9550898203592815,0.9440082409921422,0.14099990250821598,0.8926829268292683,0.888768592057722,0.3421198333181986,0.9232409381663113,0.9258915236110499,0.26099430930131534
3,0.32526011446602326,0.14567240037851864,0.1795877146924663,0.9610042735042735,234,5616,5616,0.9780982905982906,0.9444444444444444,0.9604700854700855,0.9380421537703625,0.9379891666091434,0.9098153932133511,47.74190850299999,0.9640718562874252,0.959077401862066,0.12854526981622158,0.9097560975609756,0.9098153932133511,0.29521344580301423,0.9402985074626866,0.945074704752013,0.1839385856189199
4,0.2902801691785327,0.11375204785368763,0.17652812167110607,0.9732905982905983,234,5616,5616,0.9866452991452992,0.9583333333333334,0.9748931623931624,0.9367764341305428,0.9369072891154507,0.9155548304512936,48.99361004400009,0.9550898203592815,0.9521608078097952,0.13067617851816965,0.9170731707317074,0.9155548304512936,0.27736079285784465,0.9381663113006397,0.9430062290852631,0.2115687299638923
5,0.2645775326487855,0.09308823655383328,0.17148929579645142,0.9804131054131054,234,5616,5616,0.9930555555555556,0.9674145299145299,0.9807692307692307,0.9401111864367371,0.9396986724508188,0.9235091815383234,46.91315014600002,0.9580838323353293,0.9500156771381645,0.1147658541173992,0.9219512195121952,0.9235091815383234,0.2694458228785817,0.9402985074626866,0.9455711586759684,0.19610595830213795
6,0.23374878376340255,0.06746223990001485,0.1662865439031878,0.9905626780626781,234,5616,5616,0.9973290598290598,0.9845085470085471,0.9898504273504274,0.9416837343047537,0.9417553792450338,0.9203356589865972,49.838237219999996,0.9670658682634731,0.9630194837453244,0.11457171991556704,0.9219512195121952,0.9203356589865972,0.2523487951697373,0.9360341151385928,0.9419109950031797,0.19232355607852245
7,0.2346536771227152,0.06275937925928678,0.17189429764054778,0.9909188034188035,234,5616,5616,0.9941239316239316,0.9871794871794872,0.9914529914529915,0.9331152973059549,0.9310637752677106,0.8950746394086355,50.176946420000036,0.9550898203592815,0.9481538672679303,0.155378933795198,0.8975609756097561,0.8950746394086355,0.34669493582190536,0.9466950959488273,0.9499628191265658,0.17574959091031983
8,0.23439844901490414,0.07254150204169445,0.1618569467821692,0.9853988603988604,234,5616,5616,0.9935897435897436,0.9770299145299145,0.9855769230769231,0.9530703427509742,0.9538461470650068,0.9243246514503485,51.578744744000005,0.9820359281437125,0.979129527298411,0.09098988664364387,0.9219512195121952,0.9243246514503485,0.24753377030535442,0.9552238805970149,0.9580842624462612,0.15881447243029628
9,0.22308754459278196,0.06108050837189469,0.16200703637212768,0.9923433048433048,234,5616,5616,0.9962606837606838,0.9877136752136753,0.9930555555555556,0.9371952335383318,0.9384384049751778,0.909361941907969,50.945193829000004,0.9700598802395209,0.9655250856383049,0.09836999108334502,0.9097560975609756,0.909361941907969,0.278904532223213,0.9317697228144989,0.9404281873792593,0.2221049646070517
10,0.21323627450017849,0.05022076895842568,0.16301550518753183,0.9943019943019943,234,5616,5616,0.9967948717948718,0.9919871794871795,0.9941239316239316,0.9432367258825737,0.9432410587408349,0.9146564262974525,47.069238224999935,0.9790419161676647,0.9754331866071164,0.09726303922915887,0.9146341463414634,0.9146564262974525,0.2718065866609899,0.9360341151385928,0.9396335633179355,0.21143799194140728
11,0.221624855334178,0.059091869853118546,0.1625329857198601,0.9903846153846154,234,5616,5616,0.9973290598290598,0.9866452991452992,0.9871794871794872,0.9200928114129013,0.9183698151530676,0.867238260547471,47.15065035099997,0.9580838323353293,0.9505520537411527,0.17784456694554426,0.8682926829268293,0.867238260547471,0.43643074733455006,0.9339019189765458,0.9373191311705791,0.23382147136273415
12,0.21682447682206446,0.05622073959033841,0.16060373721978602,0.9912749287749287,234,5616,5616,0.9941239316239316,0.9887820512820513,0.9909188034188035,0.9408511698844757,0.9386843186584239,0.9089857606522257,46.99300911399996,0.9700598802395209,0.9648353486333161,0.11982807766891525,0.9121951219512195,0.9089857606522257,0.28516287454744665,0.9402985074626866,0.94223184668973,0.1879705720618844
13,0.20690518573053882,0.04979338576125666,0.1571117996150612,0.9941239316239316,234,5616,5616,0.9957264957264957,0.9919871794871795,0.9946581196581197,0.9313387370560248,0.9305587759470004,0.9042066527329632,50.14546800999983,0.9640718562874252,0.9571570069688538,0.1293762030894171,0.9024390243902439,0.9042066527329632,0.30539717092746643,0.9275053304904051,0.9303126681391841,0.22578718870687586
