image_id,true_label,true_class,resnet50_pred_label,resnet50_pred_class,resnet50_confidence,resnet50_correct,vit_b16_pred_label,vit_b16_pred_class,vit_b16_confidence,vit_b16_correct,clip_b32_pred_label,clip_b32_pred_class,clip_b32_confidence,clip_b32_correct,clip_zero_shot_pred_label,clip_zero_shot_pred_class,clip_zero_shot_confidence,clip_zero_shot_correct
3,0,airplane,0,airplane,0.85262185,True,0,airplane,0.97735643,True,0,airplane,0.23473153,True,0,airplane,0.93285507,True
29,7,monkey,7,monkey,0.99601585,True,7,monkey,0.99937016,True,7,monkey,0.26938128,True,7,monkey,0.9998267,True
35,2,car,2,car,0.96382695,True,2,car,0.99886346,True,2,car,0.2064659,True,2,car,0.9495515,True
42,0,airplane,0,airplane,0.52686757,True,0,airplane,0.9997224,True,0,airplane,0.26041684,True,0,airplane,0.95533156,True
49,2,car,2,car,0.9618632,True,2,car,0.997233,True,2,car,0.2624853,True,2,car,0.9894928,True
81,0,airplane,0,airplane,0.9957231,True,0,airplane,0.99820065,True,0,airplane,0.21507676,True,0,airplane,0.8085255,True
95,1,bird,1,bird,0.9953348,True,1,bird,0.9997875,True,1,bird,0.27401632,True,1,bird,0.9980111,True
97,5,dog,5,dog,0.7815924,True,5,dog,0.9872355,True,5,dog,0.21618545,True,5,dog,0.9220931,True
116,1,bird,1,bird,0.95739776,True,1,bird,0.9999603,True,1,bird,0.20708585,True,1,bird,0.99665135,True
131,9,truck,9,truck,0.9819456,True,9,truck,0.9959692,True,9,truck,0.26939785,True,9,truck,0.98181295,True
151,8,ship,8,ship,0.9244807,True,8,ship,0.99910057,True,8,ship,0.2930749,True,8,ship,0.9915494,True
171,4,deer,4,deer,0.9881513,True,4,deer,0.9944113,True,4,deer,0.235156,True,4,deer,0.9984692,True
176,3,cat,3,cat,0.99601704,True,3,cat,0.9994778,True,3,cat,0.2400768,True,3,cat,0.8681684,True
191,9,truck,9,truck,0.60067976,True,9,truck,0.94501626,True,9,truck,0.18799916,True,9,truck,0.5309886,True
194,8,ship,8,ship,0.9863513,True,8,ship,0.99993134,True,8,ship,0.3440814,True,8,ship,0.99605536,True
198,1,bird,1,bird,0.97654015,True,1,bird,0.9996686,True,1,bird,0.25717637,True,1,bird,0.9980015,True
239,9,truck,9,truck,0.9919499,True,9,truck,0.999516,True,9,truck,0.22118814,True,9,truck,0.9674974,True
261,1,bird,1,bird,0.6076223,True,1,bird,0.35302904,True,1,bird,0.19768353,True,1,bird,0.9910302,True
269,7,monkey,7,monkey,0.9776037,True,7,monkey,0.99894184,True,7,monkey,0.25165355,True,7,monkey,0.99963355,True
276,9,truck,9,truck,0.9900591,True,9,truck,0.9855215,True,9,truck,0.17836289,True,9,truck,0.8815946,True
303,9,truck,9,truck,0.97532403,True,9,truck,0.99737996,True,9,truck,0.26288927,True,9,truck,0.99333525,True
304,1,bird,1,bird,0.9956501,True,1,bird,0.6988296,True,1,bird,0.18393804,True,1,bird,0.9757637,True
317,2,car,2,car,0.9836459,True,2,car,0.9981981,True,2,car,0.25472665,True,2,car,0.980737,True
319,5,dog,5,dog,0.98521686,True,5,dog,0.9972082,True,5,dog,0.22797915,True,5,dog,0.97113705,True
323,7,monkey,7,monkey,0.9806816,True,7,monkey,0.9997168,True,7,monkey,0.25276193,True,7,monkey,0.99955016,True
365,3,cat,3,cat,0.9001842,True,3,cat,0.9966574,True,3,cat,0.21129788,True,3,cat,0.9514503,True
370,7,monkey,7,monkey,0.8694306,True,7,monkey,0.9995042,True,7,monkey,0.24664202,True,7,monkey,0.9997595,True
372,3,cat,3,cat,0.9986527,True,3,cat,0.99944025,True,3,cat,0.24658898,True,3,cat,0.9623337,True
378,5,dog,5,dog,0.94983506,True,5,dog,0.9883057,True,5,dog,0.2433638,True,5,dog,0.98423874,True
391,3,cat,3,cat,0.99263364,True,3,cat,0.99995613,True,3,cat,0.21629605,True,4,deer,0.50259024,False
409,2,car,2,car,0.9985051,True,2,car,0.99979776,True,2,car,0.2944555,True,2,car,0.97746724,True
419,9,truck,9,truck,0.9542256,True,9,truck,0.9696121,True,9,truck,0.25315407,True,9,truck,0.97908974,True
449,6,horse,6,horse,0.9924425,True,6,horse,0.9990884,True,6,horse,0.22267757,True,6,horse,0.9976246,True
470,2,car,2,car,0.9635832,True,2,car,0.9989862,True,2,car,0.2667009,True,2,car,0.9750363,True
483,2,car,2,car,0.9393878,True,2,car,0.98832464,True,2,car,0.2312657,True,2,car,0.98854816,True
484,0,airplane,0,airplane,0.82805336,True,0,airplane,0.9975593,True,0,airplane,0.3074134,True,0,airplane,0.9772602,True
506,4,deer,4,deer,0.8042773,True,4,deer,0.97685325,True,4,deer,0.22265558,True,4,deer,0.99586856,True
545,6,horse,6,horse,0.6715469,True,6,horse,0.9882399,True,6,horse,0.1897619,True,6,horse,0.9272293,True
562,0,airplane,0,airplane,0.9987464,True,0,airplane,0.9953063,True,0,airplane,0.23912145,True,0,airplane,0.93053216,True
568,5,dog,5,dog,0.89565194,True,5,dog,0.9935393,True,5,dog,0.19254649,True,5,dog,0.7091568,True
603,9,truck,9,truck,0.80815667,True,9,truck,0.99966156,True,9,truck,0.2126787,True,9,truck,0.80983907,True
632,3,cat,3,cat,0.9664837,True,3,cat,0.9998958,True,3,cat,0.2625618,True,3,cat,0.9460938,True
645,5,dog,5,dog,0.9939318,True,5,dog,0.99869555,True,5,dog,0.24420512,True,5,dog,0.80074495,True
667,8,ship,8,ship,0.98672485,True,8,ship,0.99936885,True,8,ship,0.303243,True,8,ship,0.9983438,True
672,3,cat,3,cat,0.9966678,True,3,cat,0.9999908,True,3,cat,0.24117607,True,3,cat,0.6590039,True
677,3,cat,3,cat,0.8992296,True,3,cat,0.99800605,True,3,cat,0.21565501,True,3,cat,0.97141135,True
685,5,dog,5,dog,0.98726535,True,5,dog,0.9974233,True,5,dog,0.23912609,True,5,dog,0.96742487,True
691,4,deer,4,deer,0.9807364,True,4,deer,0.99996173,True,4,deer,0.25439692,True,4,deer,0.9984054,True
706,8,ship,8,ship,0.9875159,True,8,ship,0.9998964,True,8,ship,0.27312255,True,8,ship,0.9985172,True
714,2,car,2,car,0.9826301,True,2,car,0.846555,True,2,car,0.14080271,True,2,car,0.6271804,True
716,8,ship,8,ship,0.8138902,True,8,ship,0.9918465,True,8,ship,0.28076667,True,8,ship,0.97858745,True
738,3,cat,3,cat,0.7264444,True,3,cat,0.86981815,True,3,cat,0.20444888,True,3,cat,0.97549176,True
739,8,ship,8,ship,0.9765921,True,8,ship,0.99827135,True,8,ship,0.32768473,True,8,ship,0.9952833,True
766,4,deer,6,horse,0.91283673,False,6,horse,0.97150856,False,6,horse,0.19022647,False,6,horse,0.91192836,False
791,3,cat,3,cat,0.921917,True,3,cat,0.9988255,True,3,cat,0.24143767,True,3,cat,0.97968525,True
805,9,truck,9,truck,0.9903756,True,9,truck,0.9971323,True,9,truck,0.18102542,True,9,truck,0.9270944,True
825,1,bird,1,bird,0.9783378,True,1,bird,0.99839264,True,1,bird,0.19636434,True,1,bird,0.9729292,True
852,9,truck,9,truck,0.9828895,True,9,truck,0.9995809,True,9,truck,0.25687435,True,9,truck,0.99498415,True
855,4,deer,4,deer,0.8367173,True,4,deer,0.99841774,True,4,deer,0.24232168,True,4,deer,0.9806055,True
873,6,horse,6,horse,0.881454,True,6,horse,0.99986863,True,4,deer,0.1748965,False,6,horse,0.9376386,True
890,6,horse,6,horse,0.95730937,True,6,horse,0.99490744,True,6,horse,0.24177517,True,6,horse,0.9982798,True
920,6,horse,6,horse,0.9519777,True,6,horse,0.99836904,True,6,horse,0.22789633,True,6,horse,0.9991868,True
929,6,horse,6,horse,0.84525514,True,6,horse,0.99621457,True,6,horse,0.26538295,True,6,horse,0.9964323,True
962,8,ship,8,ship,0.9955036,True,8,ship,0.99991477,True,8,ship,0.32556573,True,8,ship,0.9935516,True
964,6,horse,6,horse,0.9943205,True,6,horse,0.9980812,True,6,horse,0.21763352,True,6,horse,0.99189657,True
977,6,horse,6,horse,0.98938143,True,6,horse,0.9979583,True,6,horse,0.2630894,True,6,horse,0.998418,True
979,3,cat,3,cat,0.9993425,True,3,cat,0.993985,True,3,cat,0.20296511,True,3,cat,0.97645664,True
981,2,car,2,car,0.9716813,True,2,car,0.99959844,True,2,car,0.23591393,True,2,car,0.98052627,True
1022,9,truck,9,truck,0.9962249,True,9,truck,0.555457,True,9,truck,0.17188458,True,9,truck,0.8861674,True
1032,7,monkey,7,monkey,0.9752067,True,7,monkey,0.9939289,True,7,monkey,0.26413894,True,7,monkey,0.9955018,True
1048,7,monkey,7,monkey,0.93897635,True,7,monkey,0.9900511,True,7,monkey,0.19262025,True,7,monkey,0.9947962,True
1090,1,bird,1,bird,0.9734988,True,1,bird,0.997672,True,1,bird,0.20072208,True,1,bird,0.9900727,True
1095,5,dog,5,dog,0.9221175,True,5,dog,0.99350846,True,5,dog,0.22986999,True,5,dog,0.96202546,True
1109,1,bird,1,bird,0.99967,True,1,bird,0.84709483,True,1,bird,0.20357212,True,1,bird,0.9947491,True
1111,4,deer,4,deer,0.8650444,True,4,deer,0.9924787,True,4,deer,0.3025474,True,4,deer,0.9891861,True
1115,1,bird,1,bird,0.99579763,True,1,bird,0.85325,True,1,bird,0.25446442,True,1,bird,0.9896652,True
1124,4,deer,4,deer,0.9216014,True,4,deer,0.99913615,True,4,deer,0.24745089,True,4,deer,0.9995701,True
1129,8,ship,8,ship,0.9861022,True,8,ship,0.9995389,True,8,ship,0.28311497,True,8,ship,0.9960679,True
1175,0,airplane,0,airplane,0.9845211,True,0,airplane,0.9997819,True,0,airplane,0.29466003,True,0,airplane,0.98104894,True
1202,2,car,2,car,0.9445102,True,2,car,0.997244,True,2,car,0.28373143,True,2,car,0.9870576,True
1204,3,cat,3,cat,0.9962579,True,3,cat,0.99998736,True,3,cat,0.23323971,True,3,cat,0.7735325,True
1211,4,deer,4,deer,0.8220034,True,4,deer,0.99729115,True,4,deer,0.26043212,True,4,deer,0.9892324,True
1220,7,monkey,7,monkey,0.92002314,True,7,monkey,0.9994093,True,7,monkey,0.2558585,True,7,monkey,0.9946345,True
1230,1,bird,1,bird,0.77589434,True,1,bird,0.64516443,True,7,monkey,0.19455755,False,1,bird,0.928189,True
1247,8,ship,8,ship,0.98749185,True,8,ship,0.99089456,True,8,ship,0.26701328,True,8,ship,0.9772496,True
1263,3,cat,3,cat,0.9446545,True,3,cat,0.99715316,True,3,cat,0.17382894,True,4,deer,0.93488926,False
1266,4,deer,4,deer,0.90305275,True,4,deer,0.9961216,True,4,deer,0.22146907,True,4,deer,0.9949987,True
1287,7,monkey,7,monkey,0.9469511,True,7,monkey,0.99890554,True,7,monkey,0.18931147,True,7,monkey,0.7627327,True
1296,7,monkey,7,monkey,0.9706362,True,7,monkey,0.9997508,True,7,monkey,0.26636633,True,7,monkey,0.99954826,True
1370,3,cat,3,cat,0.9829352,True,3,cat,0.9997433,True,3,cat,0.20865749,True,3,cat,0.9671931,True
1389,0,airplane,0,airplane,0.9607137,True,0,airplane,0.9997675,True,0,airplane,0.26662004,True,0,airplane,0.97947687,True
1401,3,cat,3,cat,0.99775946,True,3,cat,0.99974555,True,3,cat,0.24377963,True,3,cat,0.93748266,True
1403,2,car,2,car,0.9962012,True,2,car,0.99978155,True,2,car,0.2392809,True,2,car,0.9919809,True
1411,9,truck,9,truck,0.975469,True,9,truck,0.99756855,True,9,truck,0.24332777,True,9,truck,0.9859163,True
1429,4,deer,4,deer,0.8861577,True,4,deer,0.99889463,True,4,deer,0.22667536,True,4,deer,0.99216896,True
1430,9,truck,9,truck,0.96841305,True,9,truck,0.9978573,True,9,truck,0.22928263,True,9,truck,0.96946007,True
1431,3,cat,3,cat,0.98444134,True,3,cat,0.9958032,True,3,cat,0.21115698,True,3,cat,0.9491571,True
1436,1,bird,1,bird,0.98573154,True,1,bird,0.9996908,True,1,bird,0.2840624,True,1,bird,0.99714285,True
1440,7,monkey,7,monkey,0.9664479,True,7,monkey,0.99946445,True,7,monkey,0.24517335,True,7,monkey,0.99951696,True
1468,9,truck,9,truck,0.96540403,True,9,truck,0.9943178,True,9,truck,0.18067269,True,9,truck,0.6646342,True
1473,7,monkey,7,monkey,0.90904814,True,7,monkey,0.9967225,True,7,monkey,0.30060187,True,7,monkey,0.99949276,True
1515,9,truck,9,truck,0.97814196,True,9,truck,0.9985245,True,9,truck,0.2587148,True,9,truck,0.9944832,True
1520,2,car,2,car,0.98085034,True,2,car,0.99989796,True,2,car,0.18920203,True,2,car,0.94426155,True
1531,3,cat,3,cat,0.66498303,True,3,cat,0.99939907,True,3,cat,0.16520947,True,4,deer,0.34692118,False
1534,6,horse,6,horse,0.9847388,True,6,horse,0.99886924,True,6,horse,0.16982299,True,6,horse,0.8934723,True
1552,5,dog,5,dog,0.92660636,True,5,dog,0.99910873,True,5,dog,0.18509534,True,5,dog,0.4215826,True
1553,0,airplane,0,airplane,0.92231154,True,0,airplane,0.9973803,True,0,airplane,0.24706306,True,0,airplane,0.9521021,True
1563,3,cat,3,cat,0.7851609,True,3,cat,0.9980416,True,7,monkey,0.22641075,False,7,monkey,0.8982735,False
1568,1,bird,1,bird,0.7870271,True,1,bird,0.9703663,True,1,bird,0.22263181,True,1,bird,0.99564606,True
1579,7,monkey,7,monkey,0.96567863,True,7,monkey,0.9954275,True,7,monkey,0.22560897,True,7,monkey,0.9990577,True
1586,2,car,2,car,0.99364835,True,2,car,0.99981254,True,2,car,0.276644,True,2,car,0.9828934,True
1596,0,airplane,0,airplane,0.87039787,True,0,airplane,0.9702773,True,0,airplane,0.29135954,True,0,airplane,0.97643375,True
1626,5,dog,5,dog,0.97167623,True,5,dog,0.9702514,True,5,dog,0.23687589,True,5,dog,0.97209215,True
1640,8,ship,8,ship,0.9324914,True,8,ship,0.9998222,True,8,ship,0.3374685,True,8,ship,0.99855226,True
1644,5,dog,5,dog,0.95634216,True,5,dog,0.9894667,True,5,dog,0.24434192,True,5,dog,0.97550666,True
1648,0,airplane,0,airplane,0.9256779,True,0,airplane,0.9980591,True,0,airplane,0.2480535,True,0,airplane,0.98715997,True
1654,9,truck,9,truck,0.9538489,True,9,truck,0.98884404,True,9,truck,0.279719,True,9,truck,0.98431015,True
1667,6,horse,6,horse,0.97330374,True,6,horse,0.9988681,True,6,horse,0.24687639,True,6,horse,0.9644803,True
1703,7,monkey,7,monkey,0.83471227,True,7,monkey,0.9994997,True,7,monkey,0.21334384,True,7,monkey,0.94806254,True
1711,7,monkey,7,monkey,0.96757406,True,7,monkey,0.9629563,True,7,monkey,0.25896895,True,7,monkey,0.9991153,True
1771,7,monkey,7,monkey,0.6442971,True,7,monkey,0.90610564,True,7,monkey,0.20787007,True,7,monkey,0.9977786,True
1783,8,ship,8,ship,0.9905347,True,8,ship,0.99958366,True,8,ship,0.32443333,True,8,ship,0.99637127,True
1814,2,car,2,car,0.9500656,True,2,car,0.98763186,True,2,car,0.22354046,True,2,car,0.97460926,True
1833,8,ship,8,ship,0.8940368,True,8,ship,0.9958326,True,8,ship,0.29556474,True,8,ship,0.9886846,True
1836,9,truck,9,truck,0.9385187,True,9,truck,0.8746258,True,9,truck,0.2473544,True,9,truck,0.98965085,True
1839,2,car,2,car,0.98867106,True,2,car,0.9983802,True,2,car,0.25036168,True,2,car,0.9766035,True
1852,1,bird,1,bird,0.9994072,True,1,bird,0.99996924,True,1,bird,0.3069752,True,1,bird,0.99794644,True
1871,1,bird,1,bird,0.6416994,True,1,bird,0.94424623,True,1,bird,0.17132473,True,1,bird,0.95194167,True
1877,5,dog,5,dog,0.924978,True,5,dog,0.98450804,True,5,dog,0.220425,True,5,dog,0.8147755,True
1884,7,monkey,7,monkey,0.97393024,True,7,monkey,0.99667007,True,7,monkey,0.24370793,True,7,monkey,0.9887066,True
1927,7,monkey,7,monkey,0.9845227,True,7,monkey,0.9994344,True,7,monkey,0.26433703,True,7,monkey,0.99885917,True
1954,8,ship,8,ship,0.8668729,True,8,ship,0.9918507,True,8,ship,0.24107333,True,8,ship,0.98700935,True
1956,7,monkey,3,cat,0.79392064,False,7,monkey,0.9858905,True,7,monkey,0.18820086,True,7,monkey,0.99454296,True
1960,4,deer,4,deer,0.5118242,True,5,dog,0.5798848,False,4,deer,0.21362795,True,4,deer,0.9586844,True
1977,0,airplane,0,airplane,0.9414744,True,0,airplane,0.9969202,True,0,airplane,0.25635934,True,0,airplane,0.80856866,True
1986,1,bird,1,bird,0.8835226,True,1,bird,0.99159545,True,1,bird,0.16635706,True,1,bird,0.95991534,True
1993,1,bird,1,bird,0.9993569,True,1,bird,0.99998593,True,1,bird,0.2658228,True,1,bird,0.99739325,True
2003,6,horse,6,horse,0.9930989,True,6,horse,0.99901235,True,6,horse,0.25787497,True,6,horse,0.9952201,True
2011,9,truck,9,truck,0.9715597,True,9,truck,0.99136484,True,9,truck,0.20960371,True,9,truck,0.97138375,True
2024,0,airplane,0,airplane,0.97114325,True,0,airplane,0.99731463,True,0,airplane,0.2578783,True,0,airplane,0.94169194,True
2028,3,cat,3,cat,0.9990414,True,3,cat,0.9998455,True,3,cat,0.2355174,True,3,cat,0.8241678,True
2062,9,truck,9,truck,0.9723384,True,9,truck,0.9983909,True,9,truck,0.27397802,True,9,truck,0.99403656,True
2070,1,bird,1,bird,0.98099995,True,1,bird,0.9975616,True,1,bird,0.22176005,True,1,bird,0.99536836,True
2082,2,car,2,car,0.9733261,True,2,car,0.9986558,True,2,car,0.1896485,True,2,car,0.80461115,True
2095,1,bird,1,bird,0.97176254,True,1,bird,0.99566793,True,1,bird,0.21231031,True,1,bird,0.97300637,True
2109,8,ship,8,ship,0.97274446,True,8,ship,0.9996043,True,8,ship,0.3283668,True,8,ship,0.998965,True
2114,9,truck,9,truck,0.9045914,True,9,truck,0.9856463,True,9,truck,0.18922266,True,9,truck,0.66221195,True
2116,1,bird,3,cat,0.993211,False,3,cat,0.99645126,False,1,bird,0.19636528,True,1,bird,0.98368925,True
2157,1,bird,1,bird,0.9994553,True,1,bird,0.9998252,True,1,bird,0.24600883,True,1,bird,0.99565554,True
2167,9,truck,9,truck,0.9242123,True,9,truck,0.99952924,True,9,truck,0.24924454,True,9,truck,0.98906225,True
2178,1,bird,1,bird,0.99990666,True,1,bird,0.99980897,True,1,bird,0.19825517,True,1,bird,0.9934871,True
2191,8,ship,8,ship,0.9499122,True,8,ship,0.9917922,True,8,ship,0.3159202,True,8,ship,0.9977653,True
2230,8,ship,8,ship,0.97156346,True,8,ship,0.9988865,True,8,ship,0.3342847,True,8,ship,0.99350774,True
2242,0,airplane,0,airplane,0.9947044,True,0,airplane,0.9995442,True,0,airplane,0.25648066,True,0,airplane,0.97890294,True
2265,5,dog,5,dog,0.89880633,True,5,dog,0.9982162,True,5,dog,0.25384074,True,5,dog,0.9541554,True
2268,5,dog,5,dog,0.9483208,True,5,dog,0.9879098,True,5,dog,0.26794916,True,5,dog,0.9906102,True
2291,3,cat,3,cat,0.9425874,True,3,cat,0.9484643,True,3,cat,0.22354713,True,3,cat,0.79265153,True
2334,5,dog,5,dog,0.9885622,True,5,dog,0.9847388,True,5,dog,0.26301354,True,5,dog,0.95946693,True
2340,8,ship,8,ship,0.9631181,True,8,ship,0.9998611,True,8,ship,0.33462492,True,8,ship,0.9934337,True
2342,8,ship,8,ship,0.9913696,True,8,ship,0.9993112,True,8,ship,0.3235235,True,8,ship,0.99749386,True
2351,9,truck,9,truck,0.9740665,True,9,truck,0.9984847,True,9,truck,0.25328478,True,9,truck,0.99601847,True
2391,5,dog,5,dog,0.60649663,True,5,dog,0.7298293,True,5,dog,0.21829589,True,5,dog,0.90717185,True
2392,2,car,2,car,0.98742104,True,2,car,0.9998714,True,2,car,0.2517352,True,2,car,0.93154085,True
2399,4,deer,4,deer,0.8669154,True,4,deer,0.99012566,True,4,deer,0.23603345,True,4,deer,0.8652322,True
2414,9,truck,9,truck,0.87660265,True,9,truck,0.9839754,True,9,truck,0.19788188,True,9,truck,0.9398672,True
2427,5,dog,5,dog,0.9083707,True,5,dog,0.9926571,True,5,dog,0.24951047,True,5,dog,0.9591366,True
2458,5,dog,5,dog,0.9782296,True,5,dog,0.9943553,True,5,dog,0.23971374,True,5,dog,0.96172976,True
2501,7,monkey,7,monkey,0.98200685,True,7,monkey,0.9941618,True,7,monkey,0.25397798,True,7,monkey,0.9954732,True
2502,2,car,2,car,0.9592992,True,2,car,0.99896693,True,2,car,0.27069622,True,2,car,0.97437185,True
2536,3,cat,3,cat,0.9890281,True,3,cat,0.9999763,True,3,cat,0.23310505,True,3,cat,0.7085074,True
2539,3,cat,3,cat,0.9957417,True,3,cat,0.9994247,True,3,cat,0.23174745,True,3,cat,0.76199675,True
2610,6,horse,6,horse,0.95178753,True,6,horse,0.99890256,True,6,horse,0.19740833,True,6,horse,0.9891894,True
2623,5,dog,5,dog,0.9662996,True,5,dog,0.9785492,True,5,dog,0.21916375,True,5,dog,0.88893616,True
2655,9,truck,9,truck,0.98495525,True,9,truck,0.9866649,True,9,truck,0.18802659,True,9,truck,0.90472114,True
2668,7,monkey,7,monkey,0.9613137,True,7,monkey,0.99912876,True,7,monkey,0.2322896,True,7,monkey,0.99655724,True
2676,6,horse,6,horse,0.99207217,True,6,horse,0.48897663,True,6,horse,0.21652348,True,6,horse,0.9892748,True
2687,1,bird,1,bird,0.9994031,True,1,bird,0.9999794,True,1,bird,0.28661823,True,1,bird,0.9988218,True
2690,1,bird,1,bird,0.9675697,True,1,bird,0.9995054,True,1,bird,0.26094905,True,1,bird,0.999006,True
2704,4,deer,4,deer,0.9308589,True,4,deer,0.9990908,True,4,deer,0.26583236,True,4,deer,0.9996055,True
2745,8,ship,8,ship,0.99221236,True,8,ship,0.999742,True,8,ship,0.33359575,True,8,ship,0.9960032,True
2746,7,monkey,7,monkey,0.97707534,True,7,monkey,0.999858,True,7,monkey,0.26411444,True,7,monkey,0.99914455,True
2750,0,airplane,0,airplane,0.9829093,True,0,airplane,0.99515104,True,0,airplane,0.20506328,True,0,airplane,0.5937694,True
2754,3,cat,3,cat,0.92757636,True,3,cat,0.9991984,True,3,cat,0.25074226,True,3,cat,0.97646546,True
2757,4,deer,4,deer,0.9220642,True,4,deer,0.9982527,True,4,deer,0.24581993,True,4,deer,0.989374,True
2766,5,dog,5,dog,0.98613745,True,5,dog,0.99598783,True,5,dog,0.24663843,True,5,dog,0.96803,True
2807,5,dog,4,deer,0.41096276,False,4,deer,0.5430234,False,5,dog,0.12654415,True,4,deer,0.4768473,False
2844,8,ship,8,ship,0.9708198,True,8,ship,0.99969757,True,8,ship,0.2955606,True,8,ship,0.9959409,True
2854,7,monkey,7,monkey,0.9780596,True,7,monkey,0.999037,True,7,monkey,0.2622533,True,7,monkey,0.99909174,True
2861,3,cat,3,cat,0.9845546,True,3,cat,0.99916625,True,3,cat,0.22449148,True,3,cat,0.97146815,True
2888,0,airplane,0,airplane,0.8911503,True,0,airplane,0.99619883,True,0,airplane,0.26188615,True,0,airplane,0.9657268,True
2898,4,deer,4,deer,0.96378654,True,4,deer,0.99825567,True,4,deer,0.27093956,True,4,deer,0.99777263,True
2950,5,dog,5,dog,0.9511482,True,5,dog,0.99539304,True,5,dog,0.2341821,True,5,dog,0.9547949,True
2958,6,horse,6,horse,0.97716755,True,6,horse,0.994833,True,6,horse,0.24691387,True,6,horse,0.99733055,True
3015,8,ship,8,ship,0.99466234,True,8,ship,0.99984014,True,8,ship,0.34873673,True,8,ship,0.9922536,True
3024,2,car,2,car,0.9749033,True,2,car,0.99980074,True,2,car,0.25360042,True,2,car,0.97302294,True
3025,0,airplane,0,airplane,0.9330015,True,0,airplane,0.99915636,True,0,airplane,0.22815932,True,0,airplane,0.7932657,True
3034,4,deer,4,deer,0.9897082,True,4,deer,0.9979255,True,4,deer,0.24384816,True,4,deer,0.99700433,True
3067,2,car,2,car,0.9563399,True,2,car,0.99977535,True,2,car,0.241028,True,2,car,0.897111,True
3078,4,deer,4,deer,0.9761736,True,4,deer,0.97987556,True,4,deer,0.2667736,True,4,deer,0.9977531,True
3079,1,bird,1,bird,0.99097145,True,1,bird,0.9986212,True,1,bird,0.27665177,True,1,bird,0.99740547,True
3083,0,airplane,0,airplane,0.9513977,True,0,airplane,0.9963749,True,0,airplane,0.28280804,True,0,airplane,0.9864943,True
3122,4,deer,4,deer,0.9359053,True,4,deer,0.9983613,True,4,deer,0.1973868,True,4,deer,0.9513681,True
3153,7,monkey,7,monkey,0.92014945,True,7,monkey,0.9980411,True,7,monkey,0.21467747,True,7,monkey,0.9945537,True
3157,8,ship,8,ship,0.989865,True,8,ship,0.999777,True,8,ship,0.33582047,True,8,ship,0.9940958,True
3163,2,car,2,car,0.99647266,True,2,car,0.9998902,True,2,car,0.2616166,True,2,car,0.991235,True
3179,4,deer,4,deer,0.9635176,True,4,deer,0.9997701,True,4,deer,0.28471738,True,4,deer,0.9974214,True
3191,6,horse,6,horse,0.84717304,True,6,horse,0.99512744,True,6,horse,0.18924007,True,6,horse,0.9107895,True
3276,3,cat,3,cat,0.80314136,True,3,cat,0.9716277,True,7,monkey,0.17860056,False,7,monkey,0.77434105,False
3287,4,deer,4,deer,0.9947641,True,4,deer,0.99865925,True,4,deer,0.29246515,True,4,deer,0.9986411,True
3288,7,monkey,7,monkey,0.9055006,True,7,monkey,0.9981299,True,7,monkey,0.2754244,True,7,monkey,0.99934214,True
3292,6,horse,6,horse,0.98690295,True,6,horse,0.989416,True,6,horse,0.18215667,True,6,horse,0.9830813,True
3318,9,truck,9,truck,0.972171,True,9,truck,0.99392277,True,9,truck,0.20426556,True,9,truck,0.89145863,True
3347,0,airplane,0,airplane,0.99254566,True,0,airplane,0.99992275,True,0,airplane,0.28245226,True,0,airplane,0.98468405,True
3353,5,dog,3,cat,0.83174306,False,5,dog,0.87471586,True,5,dog,0.1621432,True,5,dog,0.4354343,True
3362,2,car,2,car,0.971493,True,2,car,0.99983907,True,2,car,0.2520757,True,2,car,0.97760344,True
3365,4,deer,4,deer,0.8966646,True,4,deer,0.996434,True,4,deer,0.2640097,True,4,deer,0.99468213,True
3375,3,cat,3,cat,0.8383769,True,3,cat,0.9911772,True,3,cat,0.21381402,True,3,cat,0.8503284,True
3383,3,cat,3,cat,0.9507637,True,3,cat,0.9983011,True,3,cat,0.23477355,True,3,cat,0.7578948,True
3404,7,monkey,7,monkey,0.9402594,True,7,monkey,0.9972397,True,7,monkey,0.2404094,True,7,monkey,0.9987123,True
3412,8,ship,8,ship,0.97647494,True,8,ship,0.9988739,True,8,ship,0.32659346,True,8,ship,0.99705064,True
3413,1,bird,1,bird,0.9985869,True,1,bird,0.99999046,True,1,bird,0.29854968,True,1,bird,0.99850297,True
3418,6,horse,6,horse,0.9552593,True,6,horse,0.9955734,True,6,horse,0.26135668,True,6,horse,0.9993231,True
3437,0,airplane,0,airplane,0.99631006,True,0,airplane,0.9915639,True,0,airplane,0.17144203,True,0,airplane,0.58669525,True
3446,7,monkey,7,monkey,0.9637189,True,7,monkey,0.99920017,True,7,monkey,0.2734418,True,7,monkey,0.99976486,True
3454,2,car,2,car,0.9820357,True,2,car,0.9998647,True,2,car,0.26575363,True,2,car,0.9406662,True
3455,0,airplane,0,airplane,0.9586366,True,0,airplane,0.9964384,True,0,airplane,0.26268774,True,0,airplane,0.90025777,True
3458,4,deer,4,deer,0.96271604,True,4,deer,0.99875116,True,4,deer,0.2914884,True,4,deer,0.99624264,True
3467,7,monkey,7,monkey,0.94673127,True,7,monkey,0.9928999,True,7,monkey,0.19861554,True,7,monkey,0.9488709,True
3491,1,bird,1,bird,0.9893134,True,1,bird,0.9999281,True,1,bird,0.24650954,True,1,bird,0.9966642,True
3494,6,horse,6,horse,0.999884,True,6,horse,0.99991906,True,6,horse,0.27359655,True,6,horse,0.9959603,True
3512,4,deer,4,deer,0.98467326,True,4,deer,0.99911946,True,4,deer,0.25119334,True,4,deer,0.999448,True
3515,6,horse,6,horse,0.8271114,True,4,deer,0.7999107,False,6,horse,0.23574455,True,6,horse,0.99838185,True
3542,7,monkey,7,monkey,0.9739014,True,7,monkey,0.99766916,True,7,monkey,0.25030458,True,7,monkey,0.9988889,True
3550,1,bird,1,bird,0.9028812,True,1,bird,0.9958916,True,1,bird,0.21890867,True,1,bird,0.99397177,True
3562,3,cat,3,cat,0.9556469,True,3,cat,0.99602807,True,3,cat,0.14802453,True,4,deer,0.70878434,False
3755,2,car,2,car,0.99482536,True,2,car,0.9998635,True,2,car,0.2423467,True,2,car,0.9830314,True
3763,4,deer,4,deer,0.9315128,True,4,deer,0.9969681,True,4,deer,0.29825255,True,4,deer,0.99545187,True
3777,6,horse,6,horse,0.96765,True,6,horse,0.9991135,True,6,horse,0.25230482,True,6,horse,0.99861157,True
3778,3,cat,3,cat,0.7175381,True,3,cat,0.7332817,True,3,cat,0.18818681,True,3,cat,0.8988334,True
3779,6,horse,6,horse,0.98979,True,6,horse,0.9982551,True,6,horse,0.24931571,True,6,horse,0.9987085,True
3844,6,horse,6,horse,0.98921704,True,6,horse,0.99982387,True,6,horse,0.21582894,True,6,horse,0.9978497,True
3851,3,cat,3,cat,0.98659617,True,3,cat,0.9566828,True,3,cat,0.20892948,True,3,cat,0.97177505,True
3852,5,dog,5,dog,0.8888207,True,5,dog,0.9256872,True,5,dog,0.22594823,True,5,dog,0.9536575,True
3863,5,dog,5,dog,0.88229376,True,5,dog,0.9866181,True,5,dog,0.21969493,True,5,dog,0.9434194,True
3867,7,monkey,7,monkey,0.9764189,True,7,monkey,0.94463104,True,7,monkey,0.26110798,True,7,monkey,0.9995154,True
3876,0,airplane,0,airplane,0.95904464,True,0,airplane,0.9993923,True,0,airplane,0.21109053,True,0,airplane,0.66290826,True
3889,5,dog,5,dog,0.97562224,True,5,dog,0.6237308,True,5,dog,0.25530672,True,5,dog,0.92835957,True
3891,4,deer,4,deer,0.96467394,True,4,deer,0.9953532,True,4,deer,0.25043315,True,4,deer,0.9989219,True
3893,9,truck,9,truck,0.98102355,True,9,truck,0.996053,True,9,truck,0.20659952,True,9,truck,0.842262,True
3905,8,ship,8,ship,0.8988423,True,8,ship,0.999383,True,8,ship,0.316402,True,8,ship,0.9972223,True
3914,3,cat,3,cat,0.9858111,True,3,cat,0.9999895,True,3,cat,0.25710067,True,3,cat,0.9674181,True
3937,1,bird,1,bird,0.93866825,True,1,bird,0.99632144,True,1,bird,0.2643695,True,1,bird,0.9980259,True
3942,9,truck,9,truck,0.93402463,True,9,truck,0.9881682,True,9,truck,0.22694303,True,9,truck,0.90842175,True
3948,8,ship,8,ship,0.97566915,True,8,ship,0.99867827,True,8,ship,0.28183106,True,8,ship,0.9914328,True
3962,6,horse,6,horse,0.97899127,True,6,horse,0.9998342,True,6,horse,0.21637578,True,6,horse,0.99823964,True
3965,0,airplane,0,airplane,0.90481627,True,0,airplane,0.99876344,True,0,airplane,0.25511116,True,0,airplane,0.98565894,True
3994,4,deer,4,deer,0.97664887,True,4,deer,0.9991768,True,4,deer,0.2576387,True,4,deer,0.99949074,True
3996,9,truck,9,truck,0.8908572,True,9,truck,0.99575645,True,9,truck,0.24882667,True,9,truck,0.996838,True
4011,6,horse,6,horse,0.99973005,True,6,horse,0.99974114,True,6,horse,0.26142135,True,6,horse,0.9954326,True
4023,3,cat,3,cat,0.95010275,True,3,cat,0.9833892,True,3,cat,0.18052736,True,3,cat,0.36785656,True
4054,4,deer,4,deer,0.96462417,True,4,deer,0.9441226,True,4,deer,0.2885097,True,4,deer,0.99586403,True
4065,2,car,2,car,0.99066633,True,2,car,0.9998671,True,2,car,0.22579314,True,2,car,0.86529315,True
4069,8,ship,8,ship,0.58650625,True,8,ship,0.7264075,True,8,ship,0.18309449,True,8,ship,0.95780987,True
4093,6,horse,6,horse,0.9715758,True,6,horse,0.9979948,True,6,horse,0.22704972,True,6,horse,0.9960238,True
4094,9,truck,9,truck,0.9960975,True,9,truck,0.9988116,True,9,truck,0.24662413,True,9,truck,0.99139374,True
4106,5,dog,5,dog,0.9040224,True,5,dog,0.9416665,True,5,dog,0.21142781,True,5,dog,0.9314986,True
4130,0,airplane,0,airplane,0.9941975,True,0,airplane,0.9999249,True,0,airplane,0.25907966,True,0,airplane,0.9609572,True
4168,3,cat,3,cat,0.97503644,True,3,cat,0.9959065,True,3,cat,0.19493395,True,3,cat,0.96263576,True
4170,8,ship,8,ship,0.9349292,True,8,ship,0.9996321,True,8,ship,0.29378277,True,8,ship,0.9962482,True
4172,7,monkey,7,monkey,0.9681788,True,7,monkey,0.99922633,True,7,monkey,0.20962483,True,7,monkey,0.9950329,True
4177,8,ship,8,ship,0.99600726,True,8,ship,0.9999143,True,8,ship,0.31031486,True,8,ship,0.99019897,True
4215,3,cat,3,cat,0.7905316,True,3,cat,0.997558,True,3,cat,0.20204283,True,3,cat,0.9734971,True
4229,3,cat,3,cat,0.96696734,True,3,cat,0.9999664,True,3,cat,0.2727854,True,3,cat,0.93741834,True
4236,7,monkey,7,monkey,0.9506486,True,7,monkey,0.9984479,True,7,monkey,0.28505638,True,7,monkey,0.9991503,True
4242,8,ship,8,ship,0.9559056,True,8,ship,0.9965719,True,8,ship,0.3366405,True,8,ship,0.9928444,True
4254,6,horse,6,horse,0.9514781,True,6,horse,0.996278,True,6,horse,0.23713368,True,6,horse,0.99938893,True
4290,5,dog,5,dog,0.46558315,True,1,bird,0.69309723,False,4,deer,0.15176244,False,4,deer,0.657643,False
4298,1,bird,1,bird,0.9965204,True,1,bird,0.99998283,True,1,bird,0.28206968,True,1,bird,0.9986695,True
4308,7,monkey,7,monkey,0.98209196,True,7,monkey,0.9999783,True,7,monkey,0.21739595,True,7,monkey,0.9979772,True
4311,8,ship,8,ship,0.9891585,True,8,ship,0.99959224,True,8,ship,0.33658648,True,8,ship,0.9975188,True
4323,3,cat,3,cat,0.98601776,True,3,cat,0.9910121,True,3,cat,0.18736471,True,3,cat,0.96148735,True
4330,3,cat,3,cat,0.8128049,True,3,cat,0.99881566,True,5,dog,0.15139787,False,5,dog,0.8083507,False
4341,6,horse,6,horse,0.99250317,True,6,horse,0.99936396,True,6,horse,0.2592831,True,6,horse,0.9984669,True
4355,8,ship,8,ship,0.80438966,True,8,ship,0.49679652,True,8,ship,0.264415,True,8,ship,0.9907354,True
4399,0,airplane,0,airplane,0.98109335,True,0,airplane,0.99439794,True,0,airplane,0.2366199,True,0,airplane,0.9178026,True
4403,7,monkey,7,monkey,0.9732421,True,7,monkey,0.99976903,True,7,monkey,0.2813791,True,7,monkey,0.99985087,True
4411,6,horse,6,horse,0.98503876,True,6,horse,0.9965103,True,6,horse,0.1689069,True,6,horse,0.9475149,True
4449,9,truck,9,truck,0.9715589,True,9,truck,0.9861742,True,9,truck,0.2051186,True,9,truck,0.93666315,True
4463,3,cat,3,cat,0.9908538,True,3,cat,0.9999025,True,3,cat,0.24262273,True,3,cat,0.9881368,True
4531,3,cat,3,cat,0.9318215,True,3,cat,0.9994067,True,3,cat,0.23099329,True,3,cat,0.74070686,True
4539,0,airplane,0,airplane,0.9875634,True,0,airplane,0.9997131,True,0,airplane,0.27536428,True,0,airplane,0.98105925,True
4547,5,dog,5,dog,0.92025506,True,5,dog,0.96327865,True,5,dog,0.2501348,True,5,dog,0.97346944,True
4552,8,ship,8,ship,0.9032942,True,8,ship,0.99904734,True,8,ship,0.3026073,True,8,ship,0.9794794,True
4570,5,dog,5,dog,0.8680417,True,5,dog,0.98849386,True,5,dog,0.22691657,True,5,dog,0.94489086,True
4590,3,cat,3,cat,0.9612257,True,3,cat,0.99880576,True,3,cat,0.21781084,True,3,cat,0.9802039,True
4609,3,cat,3,cat,0.96019167,True,3,cat,0.9987968,True,3,cat,0.15511155,True,7,monkey,0.3979981,False
4615,0,airplane,0,airplane,0.9289995,True,0,airplane,0.9998987,True,0,airplane,0.2862438,True,0,airplane,0.9755996,True
4617,0,airplane,0,airplane,0.979483,True,0,airplane,0.99991894,True,0,airplane,0.27767608,True,0,airplane,0.9576535,True
4620,6,horse,6,horse,0.9992853,True,6,horse,0.9998704,True,6,horse,0.23063108,True,6,horse,0.9973334,True
4629,4,deer,4,deer,0.9843925,True,4,deer,0.9998783,True,4,deer,0.27294877,True,4,deer,0.9983393,True
4640,1,bird,1,bird,0.79498917,True,1,bird,0.9875081,True,1,bird,0.22663693,True,1,bird,0.88260007,True
4642,4,deer,4,deer,0.9728664,True,4,deer,0.998914,True,4,deer,0.26162452,True,4,deer,0.9983619,True
4661,7,monkey,7,monkey,0.9669088,True,7,monkey,0.9792991,True,7,monkey,0.27616864,True,7,monkey,0.9989851,True
4662,8,ship,8,ship,0.9687742,True,8,ship,0.999835,True,8,ship,0.34056097,True,8,ship,0.9913077,True
4675,0,airplane,0,airplane,0.9671125,True,0,airplane,0.9963793,True,0,airplane,0.25682586,True,0,airplane,0.99016225,True
4676,8,ship,8,ship,0.9961909,True,8,ship,0.9999484,True,8,ship,0.3254191,True,8,ship,0.9962974,True
4704,7,monkey,7,monkey,0.9904407,True,7,monkey,0.99969316,True,7,monkey,0.28026637,True,7,monkey,0.99892235,True
4723,9,truck,9,truck,0.97622347,True,9,truck,0.9986092,True,9,truck,0.20351782,True,9,truck,0.76664513,True
4731,6,horse,6,horse,0.95782346,True,6,horse,0.99345547,True,6,horse,0.25089353,True,6,horse,0.9992029,True
4735,2,car,2,car,0.94539595,True,2,car,0.99869776,True,2,car,0.22332434,True,2,car,0.9468554,True
4740,4,deer,4,deer,0.85962266,True,4,deer,0.96681434,True,4,deer,0.24250142,True,4,deer,0.9958097,True
4746,6,horse,6,horse,0.88057977,True,6,horse,0.99636084,True,6,horse,0.23870839,True,6,horse,0.999566,True
4748,7,monkey,7,monkey,0.86753404,True,7,monkey,0.9968353,True,7,monkey,0.28281912,True,7,monkey,0.9987312,True
4754,6,horse,6,horse,0.9700155,True,6,horse,0.9997687,True,6,horse,0.24399994,True,6,horse,0.99769634,True
4785,0,airplane,0,airplane,0.8166011,True,0,airplane,0.99064237,True,0,airplane,0.22800937,True,0,airplane,0.94909066,True
4791,7,monkey,7,monkey,0.9659173,True,7,monkey,0.99830365,True,7,monkey,0.26699567,True,7,monkey,0.999798,True
4819,0,airplane,0,airplane,0.99761057,True,0,airplane,0.9999007,True,0,airplane,0.26738527,True,0,airplane,0.97625107,True
4821,3,cat,3,cat,0.97648174,True,3,cat,0.99835324,True,3,cat,0.21557285,True,3,cat,0.9451247,True
4827,6,horse,6,horse,0.99804413,True,6,horse,0.99989915,True,6,horse,0.17881404,True,6,horse,0.9750508,True
4850,5,dog,5,dog,0.9972211,True,5,dog,0.9997793,True,5,dog,0.23665754,True,5,dog,0.9383605,True
4881,3,cat,3,cat,0.93145454,True,3,cat,0.9999633,True,3,cat,0.19929051,True,7,monkey,0.48901862,False
4893,0,airplane,0,airplane,0.9732974,True,0,airplane,0.99899775,True,0,airplane,0.28728256,True,0,airplane,0.9759882,True
4908,3,cat,3,cat,0.9740616,True,3,cat,0.9997167,True,3,cat,0.2672614,True,3,cat,0.96845543,True
4913,2,car,2,car,0.985767,True,2,car,0.99988794,True,2,car,0.21797211,True,2,car,0.9203819,True
4921,2,car,2,car,0.9949582,True,2,car,0.9999082,True,2,car,0.22698641,True,2,car,0.9768962,True
4953,5,dog,5,dog,0.941492,True,5,dog,0.91895115,True,5,dog,0.18120743,True,5,dog,0.91114575,True
4966,5,dog,5,dog,0.9968431,True,5,dog,0.95529133,True,5,dog,0.20226158,True,5,dog,0.92830485,True
4990,8,ship,8,ship,0.9758838,True,8,ship,0.9946642,True,8,ship,0.25372347,True,8,ship,0.9792355,True
5000,8,ship,8,ship,0.90894234,True,8,ship,0.9993057,True,8,ship,0.26670563,True,8,ship,0.99511945,True
5030,2,car,2,car,0.9726491,True,2,car,0.9997774,True,2,car,0.2812512,True,2,car,0.97450644,True
5062,4,deer,4,deer,0.98318845,True,4,deer,0.998882,True,4,deer,0.26895842,True,4,deer,0.99914896,True
5077,4,deer,4,deer,0.9596114,True,4,deer,0.99460405,True,4,deer,0.29021642,True,4,deer,0.97766453,True
5082,6,horse,6,horse,0.8905291,True,6,horse,0.9871509,True,6,horse,0.2568222,True,6,horse,0.9987374,True
5092,1,bird,1,bird,0.9954852,True,1,bird,0.99988794,True,1,bird,0.27939564,True,1,bird,0.9992859,True
5101,5,dog,5,dog,0.9636941,True,2,car,0.5080487,False,5,dog,0.23795615,True,5,dog,0.94672275,True
5117,0,airplane,0,airplane,0.97348183,True,0,airplane,0.9996675,True,0,airplane,0.2389535,True,0,airplane,0.92551684,True
5123,1,bird,1,bird,0.992724,True,1,bird,0.99860877,True,1,bird,0.20649646,True,1,bird,0.9930386,True
5135,4,deer,4,deer,0.95198834,True,3,cat,0.5470084,False,4,deer,0.25322056,True,4,deer,0.9982827,True
5183,2,car,2,car,0.91288394,True,2,car,0.99941885,True,2,car,0.24281302,True,2,car,0.98612934,True
5213,4,deer,4,deer,0.9281606,True,4,deer,0.99441695,True,4,deer,0.2704742,True,4,deer,0.9917973,True
5218,2,car,2,car,0.95682955,True,2,car,0.99937207,True,2,car,0.26790956,True,2,car,0.9643311,True
5220,1,bird,3,cat,0.5063596,False,1,bird,0.59108126,True,3,cat,0.12282242,False,5,dog,0.3935412,False
5237,2,car,2,car,0.926763,True,2,car,0.98002005,True,2,car,0.19614188,True,2,car,0.7903128,True
5256,1,bird,1,bird,0.9835549,True,1,bird,0.99985135,True,1,bird,0.21828312,True,1,bird,0.99501956,True
5284,9,truck,9,truck,0.98011017,True,9,truck,0.99690837,True,9,truck,0.25645435,True,9,truck,0.9884165,True
5301,9,truck,9,truck,0.9859984,True,9,truck,0.9230196,True,9,truck,0.20469114,True,9,truck,0.9838112,True
5318,2,car,2,car,0.9960544,True,2,car,0.99842864,True,2,car,0.15670916,True,2,car,0.786275,True
5332,5,dog,5,dog,0.905909,True,5,dog,0.70379686,True,5,dog,0.21554646,True,5,dog,0.80711067,True
5333,2,car,2,car,0.97721195,True,2,car,0.9987264,True,2,car,0.26392773,True,2,car,0.9785619,True
5360,9,truck,9,truck,0.99077624,True,9,truck,0.99910223,True,9,truck,0.21593992,True,9,truck,0.94504714,True
5381,5,dog,5,dog,0.9050897,True,5,dog,0.99773175,True,5,dog,0.1822628,True,5,dog,0.93769455,True
5382,6,horse,6,horse,0.9381138,True,6,horse,0.9971826,True,6,horse,0.20420837,True,6,horse,0.9817438,True
5395,2,car,2,car,0.9985494,True,2,car,0.99993813,True,2,car,0.2655965,True,2,car,0.98363066,True
5402,4,deer,4,deer,0.8890545,True,4,deer,0.9989311,True,4,deer,0.31076285,True,4,deer,0.9918811,True
5408,6,horse,6,horse,0.71102715,True,6,horse,0.98359126,True,6,horse,0.20994705,True,6,horse,0.9986199,True
5436,7,monkey,7,monkey,0.87515914,True,7,monkey,0.9983354,True,7,monkey,0.25928345,True,7,monkey,0.9997032,True
5447,9,truck,9,truck,0.9913111,True,9,truck,0.9998758,True,9,truck,0.21263118,True,9,truck,0.93887585,True
5450,7,monkey,7,monkey,0.9596396,True,7,monkey,0.99883026,True,7,monkey,0.28310812,True,7,monkey,0.9963904,True
5451,8,ship,8,ship,0.97287333,True,8,ship,0.9962525,True,8,ship,0.311675,True,8,ship,0.9977373,True
5452,9,truck,9,truck,0.97754043,True,9,truck,0.99864894,True,9,truck,0.21456449,True,9,truck,0.9733719,True
5467,4,deer,4,deer,0.86244994,True,4,deer,0.9649827,True,4,deer,0.28949398,True,4,deer,0.99740714,True
5478,0,airplane,0,airplane,0.84848785,True,0,airplane,0.8820407,True,0,airplane,0.23259547,True,0,airplane,0.9437299,True
5488,1,bird,7,monkey,0.9206941,False,1,bird,0.27420616,True,1,bird,0.1572693,True,1,bird,0.9569233,True
5496,5,dog,5,dog,0.9765919,True,5,dog,0.9963475,True,5,dog,0.221463,True,5,dog,0.96478224,True
5508,9,truck,9,truck,0.9914179,True,9,truck,0.9983563,True,9,truck,0.2447347,True,9,truck,0.9829334,True
5512,2,car,9,truck,0.98399746,False,9,truck,0.45363507,False,9,truck,0.1553971,False,9,truck,0.6708647,False
5525,8,ship,8,ship,0.97013545,True,8,ship,0.99870634,True,8,ship,0.28003868,True,8,ship,0.9977526,True
5528,3,cat,5,dog,0.6887097,False,3,cat,0.9985108,True,3,cat,0.21112867,True,3,cat,0.9687713,True
5556,4,deer,4,deer,0.9303765,True,4,deer,0.9227862,True,4,deer,0.27965143,True,4,deer,0.9738011,True
5560,1,bird,1,bird,0.48182803,True,1,bird,0.880166,True,1,bird,0.20482631,True,1,bird,0.9948154,True
5572,9,truck,9,truck,0.9627943,True,9,truck,0.99573636,True,9,truck,0.19904336,True,9,truck,0.9013237,True
5580,6,horse,6,horse,0.99844176,True,5,dog,0.65800864,False,6,horse,0.24540989,True,6,horse,0.99828726,True
5590,9,truck,9,truck,0.9684488,True,9,truck,0.99445325,True,9,truck,0.20695125,True,9,truck,0.9800995,True
5623,4,deer,4,deer,0.7844584,True,4,deer,0.9985049,True,4,deer,0.29623094,True,4,deer,0.99852294,True
5677,2,car,2,car,0.98623616,True,2,car,0.99982125,True,2,car,0.2521677,True,2,car,0.911138,True
5694,8,ship,8,ship,0.91286445,True,8,ship,0.9966884,True,8,ship,0.29133034,True,8,ship,0.9950258,True
5701,5,dog,5,dog,0.9031225,True,5,dog,0.996403,True,5,dog,0.23232034,True,5,dog,0.96987635,True
5705,8,ship,8,ship,0.95607865,True,8,ship,0.99602205,True,8,ship,0.3306531,True,8,ship,0.99651104,True
5719,7,monkey,7,monkey,0.93786806,True,7,monkey,0.99535924,True,7,monkey,0.27788192,True,7,monkey,0.99419075,True
5729,6,horse,6,horse,0.98931724,True,6,horse,0.99825436,True,6,horse,0.25889865,True,6,horse,0.99847883,True
5756,2,car,2,car,0.99908614,True,2,car,0.9998228,True,2,car,0.27154562,True,2,car,0.9842343,True
5788,9,truck,9,truck,0.9780492,True,9,truck,0.9999907,True,9,truck,0.20333166,True,9,truck,0.85431534,True
5789,4,deer,4,deer,0.86248547,True,4,deer,0.9983171,True,4,deer,0.28652635,True,4,deer,0.9945657,True
5824,2,car,2,car,0.99324036,True,2,car,0.9979582,True,2,car,0.1673022,True,2,car,0.7351916,True
5848,7,monkey,7,monkey,0.9442097,True,7,monkey,0.99873,True,7,monkey,0.26046556,True,7,monkey,0.9991009,True
5851,9,truck,9,truck,0.9829506,True,9,truck,0.9978587,True,9,truck,0.26620457,True,9,truck,0.9960198,True
5857,6,horse,4,deer,0.5233247,False,4,deer,0.7839852,False,6,horse,0.18743841,True,6,horse,0.9702875,True
5858,6,horse,6,horse,0.79793817,True,6,horse,0.9995999,True,6,horse,0.21354018,True,6,horse,0.9982823,True
5912,0,airplane,0,airplane,0.9978156,True,0,airplane,0.9982603,True,0,airplane,0.28897566,True,0,airplane,0.9665953,True
5915,9,truck,9,truck,0.9738438,True,9,truck,0.96000266,True,9,truck,0.23203734,True,9,truck,0.88947487,True
5918,0,airplane,0,airplane,0.992078,True,0,airplane,0.999964,True,0,airplane,0.27809462,True,0,airplane,0.9632227,True
5924,5,dog,5,dog,0.96125853,True,5,dog,0.9956286,True,5,dog,0.15381187,True,6,horse,0.53302926,False
5977,7,monkey,7,monkey,0.9458297,True,7,monkey,0.99615484,True,7,monkey,0.28684285,True,7,monkey,0.9947745,True
5981,9,truck,9,truck,0.98563504,True,9,truck,0.99902725,True,9,truck,0.18760264,True,9,truck,0.8664958,True
5999,0,airplane,0,airplane,0.99356705,True,0,airplane,0.99988806,True,0,airplane,0.2659617,True,0,airplane,0.98190856,True
6028,2,car,2,car,0.9895197,True,2,car,0.9996271,True,2,car,0.25686294,True,2,car,0.97863024,True
6033,4,deer,4,deer,0.96280354,True,4,deer,0.9999199,True,4,deer,0.2298584,True,4,deer,0.9951114,True
6076,1,bird,1,bird,0.9904873,True,1,bird,0.99976987,True,1,bird,0.28998,True,1,bird,0.998577,True
6084,7,monkey,7,monkey,0.93994683,True,7,monkey,0.99876285,True,7,monkey,0.29659382,True,7,monkey,0.99872595,True
6097,4,deer,4,deer,0.87761784,True,4,deer,0.99472505,True,4,deer,0.28199098,True,4,deer,0.9713054,True
6169,1,bird,1,bird,0.9009549,True,1,bird,0.6861826,True,1,bird,0.14362426,True,1,bird,0.9295924,True
6190,7,monkey,7,monkey,0.9656271,True,7,monkey,0.99906975,True,7,monkey,0.28884897,True,7,monkey,0.99962425,True
6224,5,dog,5,dog,0.86175656,True,5,dog,0.94507694,True,5,dog,0.1907762,True,5,dog,0.7812717,True
6244,2,car,2,car,0.98551464,True,2,car,0.99984133,True,2,car,0.23279434,True,2,car,0.96027267,True
6264,2,car,2,car,0.99427325,True,2,car,0.9999782,True,2,car,0.2572921,True,2,car,0.98593915,True
6271,2,car,2,car,0.95672643,True,2,car,0.9950171,True,2,car,0.26561087,True,2,car,0.9784944,True
6288,4,deer,4,deer,0.9821524,True,4,deer,0.99966323,True,4,deer,0.25924814,True,4,deer,0.9983615,True
6332,2,car,2,car,0.96907514,True,2,car,0.9994504,True,2,car,0.21914858,True,2,car,0.9689095,True
6349,1,bird,1,bird,0.997044,True,1,bird,0.9998523,True,1,bird,0.24847281,True,1,bird,0.9939877,True
6354,2,car,2,car,0.99632484,True,2,car,0.9952237,True,2,car,0.19580097,True,2,car,0.92730653,True
6358,5,dog,5,dog,0.8827553,True,5,dog,0.97526836,True,5,dog,0.1912999,True,5,dog,0.94723743,True
6381,6,horse,6,horse,0.8636769,True,6,horse,0.99696016,True,6,horse,0.26252806,True,6,horse,0.98859614,True
6414,5,dog,5,dog,0.88877773,True,5,dog,0.92815405,True,5,dog,0.17269138,True,5,dog,0.8455958,True
6426,2,car,2,car,0.99732035,True,2,car,0.9999205,True,2,car,0.28768915,True,2,car,0.9882492,True
6434,8,ship,8,ship,0.9726776,True,8,ship,0.9999747,True,8,ship,0.3151403,True,8,ship,0.9981567,True
6437,0,airplane,0,airplane,0.9277142,True,0,airplane,0.9968196,True,0,airplane,0.25948367,True,0,airplane,0.98892504,True
6455,0,airplane,0,airplane,0.94024223,True,0,airplane,0.99987924,True,0,airplane,0.23721775,True,0,airplane,0.9452376,True
6490,3,cat,3,cat,0.82786584,True,3,cat,0.9904079,True,3,cat,0.20150626,True,3,cat,0.52212846,True
6503,2,car,2,car,0.98146,True,2,car,0.9990189,True,2,car,0.21427105,True,2,car,0.95127267,True
6508,4,deer,4,deer,0.9767948,True,4,deer,0.99942243,True,4,deer,0.26328984,True,4,deer,0.9937449,True
6528,4,deer,4,deer,0.93800336,True,4,deer,0.9998141,True,4,deer,0.2021763,True,4,deer,0.9973724,True
6594,1,bird,1,bird,0.9823401,True,1,bird,0.9626187,True,1,bird,0.20665574,True,1,bird,0.9870623,True
6609,0,airplane,0,airplane,0.9814873,True,0,airplane,0.9994429,True,0,airplane,0.26325434,True,0,airplane,0.98067456,True
6616,2,car,2,car,0.9803453,True,2,car,0.9995865,True,2,car,0.21682537,True,2,car,0.9607739,True
6650,7,monkey,7,monkey,0.99284875,True,7,monkey,0.99985385,True,7,monkey,0.25925037,True,7,monkey,0.9973732,True
6689,8,ship,8,ship,0.9334049,True,8,ship,0.92257535,True,8,ship,0.27986726,True,8,ship,0.98521626,True
6692,2,car,2,car,0.95954573,True,2,car,0.9996681,True,2,car,0.22954024,True,2,car,0.93454033,True
6713,6,horse,6,horse,0.878756,True,6,horse,0.99535394,True,6,horse,0.20407464,True,6,horse,0.95616895,True
6716,5,dog,5,dog,0.850361,True,6,horse,0.22442837,False,5,dog,0.17628554,True,5,dog,0.8844287,True
6726,7,monkey,7,monkey,0.9590309,True,7,monkey,0.99815696,True,7,monkey,0.2191956,True,7,monkey,0.99574417,True
6733,1,bird,1,bird,0.7887849,True,1,bird,0.99174553,True,1,bird,0.16948026,True,1,bird,0.9534614,True
6772,7,monkey,7,monkey,0.90368676,True,7,monkey,0.9964134,True,7,monkey,0.20125827,True,7,monkey,0.99544674,True
6805,1,bird,1,bird,0.85470396,True,1,bird,0.7966987,True,1,bird,0.20321935,True,1,bird,0.9725032,True
6836,1,bird,1,bird,0.7888221,True,1,bird,0.99173003,True,1,bird,0.26805523,True,1,bird,0.99673575,True
6844,0,airplane,0,airplane,0.9669749,True,0,airplane,0.99981636,True,0,airplane,0.27845955,True,0,airplane,0.8727476,True
6922,5,dog,5,dog,0.9984939,True,5,dog,0.9998467,True,5,dog,0.23666145,True,5,dog,0.9759981,True
6931,9,truck,9,truck,0.9215931,True,9,truck,0.99483645,True,9,truck,0.1892041,True,9,truck,0.8286708,True
6938,1,bird,1,bird,0.99749964,True,1,bird,0.9998343,True,1,bird,0.2849983,True,1,bird,0.99921787,True
6952,3,cat,3,cat,0.9990651,True,3,cat,0.9981249,True,3,cat,0.21747567,True,3,cat,0.9730777,True
6954,1,bird,1,bird,0.98587185,True,1,bird,0.9856098,True,1,bird,0.20900433,True,1,bird,0.9811055,True
6986,0,airplane,0,airplane,0.9433561,True,0,airplane,0.9966865,True,0,airplane,0.2652548,True,0,airplane,0.91157424,True
6989,5,dog,5,dog,0.8812079,True,5,dog,0.9891289,True,5,dog,0.17331044,True,5,dog,0.72758573,True
7009,0,airplane,0,airplane,0.95964235,True,0,airplane,0.9983235,True,0,airplane,0.24687682,True,0,airplane,0.97137094,True
7029,1,bird,1,bird,0.9001949,True,1,bird,0.9917568,True,1,bird,0.26275843,True,1,bird,0.99607664,True
7033,1,bird,1,bird,0.99211556,True,1,bird,0.99962544,True,1,bird,0.22640415,True,1,bird,0.9808842,True
7041,5,dog,5,dog,0.9504764,True,5,dog,0.8874017,True,5,dog,0.15371324,True,5,dog,0.7633418,True
7047,9,truck,9,truck,0.97710514,True,9,truck,0.9983348,True,9,truck,0.24752791,True,9,truck,0.9892793,True
7081,7,monkey,7,monkey,0.97978437,True,7,monkey,0.9953513,True,7,monkey,0.23735204,True,7,monkey,0.9935096,True
7084,2,car,2,car,0.9970829,True,2,car,0.9999695,True,2,car,0.20878543,True,2,car,0.8371085,True
7108,6,horse,6,horse,0.91149294,True,6,horse,0.99518114,True,6,horse,0.2640421,True,6,horse,0.9978771,True
7130,5,dog,5,dog,0.8887333,True,5,dog,0.9708613,True,5,dog,0.22611913,True,5,dog,0.9830564,True
7138,8,ship,8,ship,0.95808357,True,8,ship,0.9973271,True,8,ship,0.3260015,True,8,ship,0.99754924,True
7150,0,airplane,0,airplane,0.9476853,True,0,airplane,0.9991677,True,0,airplane,0.29767352,True,0,airplane,0.9951019,True
7202,1,bird,1,bird,0.87567633,True,1,bird,0.9722621,True,1,bird,0.24858235,True,1,bird,0.997531,True
7262,0,airplane,0,airplane,0.98976886,True,0,airplane,0.99986637,True,0,airplane,0.2911991,True,0,airplane,0.97842467,True
7266,9,truck,9,truck,0.9344802,True,9,truck,0.97308546,True,9,truck,0.2096311,True,9,truck,0.9562602,True
7270,7,monkey,7,monkey,0.9857407,True,7,monkey,0.9852637,True,7,monkey,0.19656518,True,7,monkey,0.97697943,True
7309,0,airplane,0,airplane,0.9636312,True,0,airplane,0.9989108,True,0,airplane,0.240873,True,0,airplane,0.9688534,True
7320,0,airplane,0,airplane,0.99210405,True,0,airplane,0.9995633,True,0,airplane,0.24132478,True,0,airplane,0.9525425,True
7338,6,horse,6,horse,0.99948114,True,6,horse,0.9998375,True,6,horse,0.21321522,True,6,horse,0.99282324,True
7372,0,airplane,0,airplane,0.9045173,True,0,airplane,0.9920453,True,0,airplane,0.2657793,True,0,airplane,0.969667,True
7373,0,airplane,0,airplane,0.86704516,True,0,airplane,0.9982387,True,0,airplane,0.27607894,True,0,airplane,0.9845361,True
7380,9,truck,9,truck,0.9702697,True,9,truck,0.9975594,True,9,truck,0.25994626,True,9,truck,0.99037874,True
7390,1,bird,1,bird,0.90755403,True,1,bird,0.982781,True,1,bird,0.24485672,True,1,bird,0.95533156,True
7413,5,dog,5,dog,0.52550113,True,5,dog,0.9322115,True,3,cat,0.1650737,False,3,cat,0.40364656,False
7416,3,cat,5,dog,0.7211326,False,3,cat,0.98976886,True,3,cat,0.19425587,True,3,cat,0.941652,True
7425,2,car,2,car,0.99821556,True,2,car,0.9999795,True,2,car,0.2719185,True,2,car,0.98601645,True
7446,8,ship,8,ship,0.9843343,True,8,ship,0.99859804,True,8,ship,0.29913118,True,8,ship,0.996999,True
7460,8,ship,8,ship,0.8653435,True,8,ship,0.9676834,True,8,ship,0.2315731,True,8,ship,0.9881841,True
7465,0,airplane,0,airplane,0.97211254,True,0,airplane,0.99904317,True,0,airplane,0.2679909,True,0,airplane,0.98502535,True
7474,5,dog,5,dog,0.97454166,True,5,dog,0.98469585,True,5,dog,0.2580204,True,5,dog,0.9750182,True
7475,4,deer,4,deer,0.8795767,True,4,deer,0.99580836,True,4,deer,0.28957087,True,4,deer,0.9991308,True
7476,8,ship,8,ship,0.97736657,True,8,ship,0.53160006,True,8,ship,0.21282819,True,8,ship,0.9967,True
7544,9,truck,9,truck,0.9222942,True,9,truck,0.99245584,True,9,truck,0.21361154,True,9,truck,0.8097237,True
7555,6,horse,6,horse,0.988698,True,6,horse,0.9960253,True,6,horse,0.17792352,True,6,horse,0.91566837,True
7600,6,horse,6,horse,0.9983569,True,6,horse,0.99989414,True,6,horse,0.19241978,True,6,horse,0.9906859,True
7610,4,deer,4,deer,0.9359692,True,4,deer,0.99907076,True,4,deer,0.24889782,True,4,deer,0.994419,True
7634,0,airplane,0,airplane,0.9786114,True,0,airplane,0.999408,True,0,airplane,0.30374163,True,0,airplane,0.9907877,True
7692,4,deer,4,deer,0.9656604,True,4,deer,0.996068,True,4,deer,0.24635649,True,4,deer,0.9966813,True
7706,5,dog,5,dog,0.94963723,True,5,dog,0.85332745,True,5,dog,0.18308792,True,5,dog,0.9330461,True
7726,6,horse,6,horse,0.9956809,True,6,horse,0.99854577,True,6,horse,0.25835308,True,6,horse,0.9987362,True
7744,3,cat,3,cat,0.78313285,True,3,cat,0.8883333,True,3,cat,0.20734696,True,3,cat,0.9667977,True
7752,9,truck,9,truck,0.9250856,True,9,truck,0.9975011,True,9,truck,0.21572103,True,9,truck,0.8643074,True
7776,5,dog,5,dog,0.94501436,True,5,dog,0.97594565,True,5,dog,0.21376485,True,5,dog,0.9407869,True
7779,6,horse,6,horse,0.9940196,True,6,horse,0.99958915,True,6,horse,0.22992851,True,6,horse,0.96925807,True
7781,6,horse,6,horse,0.9852894,True,6,horse,0.99871814,True,6,horse,0.26584768,True,6,horse,0.9997135,True
7793,3,cat,5,dog,0.84741443,False,3,cat,0.64307624,True,3,cat,0.17834018,True,3,cat,0.82869023,True
7797,3,cat,3,cat,0.9324026,True,3,cat,0.9991621,True,3,cat,0.23269574,True,3,cat,0.90106946,True
7810,8,ship,8,ship,0.974408,True,8,ship,0.9997658,True,8,ship,0.28683108,True,8,ship,0.99662954,True
7818,8,ship,8,ship,0.9698352,True,8,ship,0.9970029,True,8,ship,0.29379058,True,8,ship,0.98780304,True
7835,7,monkey,7,monkey,0.9767121,True,7,monkey,0.99365824,True,7,monkey,0.27714667,True,7,monkey,0.9996302,True
7864,4,deer,4,deer,0.91465145,True,4,deer,0.9856677,True,4,deer,0.30429837,True,4,deer,0.9954861,True
7875,8,ship,8,ship,0.978425,True,8,ship,0.9998785,True,8,ship,0.26025733,True,8,ship,0.9969428,True
7938,9,truck,9,truck,0.9942367,True,9,truck,0.99233925,True,9,truck,0.2268409,True,9,truck,0.9361334,True
7940,4,deer,4,deer,0.95857656,True,4,deer,0.99981695,True,4,deer,0.23879366,True,4,deer,0.99655825,True
7944,4,deer,4,deer,0.7440329,True,4,deer,0.93006516,True,4,deer,0.21114777,True,4,deer,0.99387085,True
7955,1,bird,1,bird,0.99756765,True,1,bird,0.9999939,True,1,bird,0.26635724,True,1,bird,0.9984883,True
7995,9,truck,9,truck,0.92018074,True,2,car,0.6421518,False,9,truck,0.24308245,True,9,truck,0.98763174,True
7996,6,horse,6,horse,0.99952364,True,6,horse,0.9936288,True,6,horse,0.2712735,True,6,horse,0.996197,True
7999,8,ship,8,ship,0.9743439,True,8,ship,0.99714524,True,8,ship,0.26225686,True,8,ship,0.9897311,True
