epoch,lambda_dg,train_total_loss,train_cls_loss,train_alignment_loss,mmd_photo_art,mmd_photo_cartoon,mmd_art_cartoon,train_accuracy,updates,source_examples_processed,target_examples_processed,mean_source_val_accuracy,mean_source_val_macro_f1,worst_source_val_accuracy,worst_source_val_macro_f1,elapsed_seconds,val_photo_accuracy,val_photo_macro_f1,val_photo_loss,val_art_painting_accuracy,val_art_painting_macro_f1,val_art_painting_loss,val_cartoon_accuracy,val_cartoon_macro_f1,val_cartoon_loss
1,0.1,0.4957064395913711,0.43799668867300207,0.5770975102980932,0.5473420237883543,0.5939998071417849,0.5899506471095941,0.8495370370370371,234,5616,0,0.9022606407134766,0.9062971327458434,0.8292682926829268,0.8394455213171768,35.29474567800003,0.9670658682634731,0.9620373487385988,0.10019964546322109,0.8292682926829268,0.8394455213171768,0.4919709926698266,0.9104477611940298,0.9174085281817549,0.2694167226616508
2,0.1,0.25080557433394796,0.1996442273211403,0.5116134657819047,0.5033286850676577,0.5137034440651919,0.517808223891462,0.9339387464387464,234,5616,0,0.9311341849038933,0.9256573501005091,0.8975609756097561,0.890643787443527,32.97327422699999,0.9640718562874252,0.9592021556307272,0.1080265299021127,0.8975609756097561,0.890643787443527,0.3128493992293753,0.9317697228144989,0.9271261072272728,0.2111473126706284
3,0.1,0.19723076338314602,0.14803601537122685,0.4919474710766067,0.47209267738537913,0.4925092662501539,0.5112404293484158,0.9533475783475783,234,5616,0,0.94135734978636,0.9396735602325158,0.9073170731707317,0.9030332114066016,35.443492140000046,0.9700598802395209,0.9658347377854474,0.09540458076248715,0.9073170731707317,0.9030332114066016,0.25093289293893956,0.9466950959488273,0.9501527315054984,0.1472886709262059
4,0.1,0.1351282425606862,0.08640092609919862,0.4872731575344363,0.4675022868009714,0.4868226122652364,0.5074945280694554,0.9738247863247863,234,5616,0,0.9373118654261502,0.9373589927904735,0.9024390243902439,0.9042496332858951,36.20740685200002,0.9670658682634731,0.9600804101280377,0.09132523870396757,0.9024390243902439,0.9042496332858951,0.29191865455813526,0.9424307036247335,0.9477469349574879,0.14659547551608543
5,0.1,0.10579042658846602,0.05747216971318484,0.4831825601748931,0.4728240732453827,0.4918506257554405,0.4848729428063091,0.9846866096866097,234,5616,0,0.9448966542446855,0.9449517671343034,0.9170731707317074,0.9170948125651865,34.606817562,0.9730538922155688,0.9694263876487076,0.08676968550610685,0.9170731707317074,0.9170948125651865,0.20697908982997987,0.9445628997867804,0.9483341011890164,0.14181429494037304
6,0.1,0.10701306794698422,0.059617315461803384,0.47395752153844917,0.4724379940929576,0.47731413087274277,0.4721203960924067,0.9816595441595442,234,5616,0,0.9430660858323915,0.9443468852669271,0.9073170731707317,0.908685169163228,36.65011724300001,0.9730538922155688,0.9701361323866543,0.07933593101933331,0.9073170731707317,0.908685169163228,0.2525689119245948,0.9488272921108742,0.954219354250899,0.13931670537127105
7,0.1,0.09254614220788845,0.04422400939292235,0.48322131771307725,0.47935522825289995,0.4884522990283803,0.4818563828101525,0.9878917378917379,234,5616,0,0.9443025540784883,0.9419354454426427,0.9097560975609756,0.9057715935869908,34.47052455199997,0.9700598802395209,0.9647580403733704,0.08598698307564873,0.9097560975609756,0.9057715935869908,0.29862696368519853,0.9530916844349681,0.955276702367567,0.1673584546107473
8,0.1,0.08957087015335122,0.04235644750127919,0.4721442185915433,0.46667115199260223,0.4694084265293219,0.4803530405729245,0.9887820512820513,234,5616,0,0.9416785338263097,0.93980633460917,0.9048780487804878,0.9014906992466993,36.85625368199999,0.9670658682634731,0.9614433212086985,0.09280268475413322,0.9048780487804878,0.9014906992466993,0.2541687314103289,0.9530916844349681,0.9564849833721121,0.1391763246135671
9,0.1,0.08973858995824797,0.04213813161323221,0.47600457212354386,0.4591545467702752,0.4911391949042296,0.4777199386531471,0.9871794871794872,234,5616,0,0.9290019887418465,0.9325496676722206,0.8975609756097561,0.9056604001033823,34.76491006100002,0.9640718562874252,0.9570992743014733,0.11187369561570133,0.8975609756097561,0.9056604001033823,0.36016917345000476,0.9253731343283582,0.9348893286118062,0.22779976381167674
10,0.1,0.07882895252197726,0.030771690444686473,0.480572613577048,0.4706238620301597,0.49036915995116925,0.48072477894970495,0.9926994301994302,234,5616,0,0.9602851398456402,0.9585088962520377,0.9414634146341463,0.9404720366724796,35.12332707300004,0.9820359281437125,0.9794698688886717,0.07384557628859124,0.9414634146341463,0.9404720366724796,0.19624227663365806,0.9573560767590619,0.9555847831949621,0.1722846667109522
11,0.1,0.08652350144126476,0.03917300541841417,0.4735049533410969,0.46370903141478187,0.48151216853378165,0.47529362205766207,0.9891381766381766,234,5616,0,0.9213924431546704,0.9201193074704359,0.8585365853658536,0.860133766003725,36.22413791600002,0.9610778443113772,0.9529748168968446,0.14139484691093424,0.8585365853658536,0.860133766003725,0.4581371074769555,0.9445628997867804,0.9472493395107381,0.1727125568430561
12,0.1,0.08777889975497866,0.04128958981406564,0.46489309118344235,0.45392353921873957,0.4731912979712853,0.4675643963691516,0.9870014245014245,234,5616,0,0.949044414680961,0.9488882755247245,0.9243902439024391,0.9218927512434532,34.61110630200005,0.9760479041916168,0.9718689144463948,0.09871853064901814,0.9243902439024391,0.9218927512434532,0.21837670163410466,0.9466950959488273,0.9529031608843258,0.17902626424455947
13,0.1,0.06824150902784279,0.02288789857371957,0.45353609489070046,0.44874333927774024,0.462589567543095,0.44927533875163805,0.9948361823361823,234,5616,0,0.9528221833933671,0.9532797018098637,0.9365853658536586,0.9375459794793544,36.85113417799994,0.9730538922155688,0.9679510328048239,0.0736576588657088,0.9365853658536586,0.9375459794793544,0.18375566122008533,0.9488272921108742,0.9543420931454127,0.13146753453496676
14,0.1,0.0638691827447878,0.016629689794957127,0.47239491999404043,0.45481698023967254,0.48609894565028006,0.4762687948015001,0.9967948717948718,234,5616,0,0.9312703730819084,0.9310304034002077,0.8975609756097561,0.8981508891024274,34.57392322999999,0.9580838323353293,0.9519741688841242,0.09638499682713411,0.8975609756097561,0.8981508891024274,0.3292010237530964,0.9381663113006397,0.9429661522140717,0.17048431002000755
15,0.1,0.05486762646235462,0.009488928011363834,0.4537869778453794,0.4347370761072534,0.4818516959491958,0.44477212021493506,0.9992877492877493,234,5616,0,0.9521062508609076,0.951853831725571,0.9195121951219513,0.9191883633532125,35.06482883000001,0.9730538922155688,0.9690319395696837,0.08810036558055592,0.9195121951219513,0.9191883633532125,0.2298337450841578,0.9637526652452025,0.967341192253817,0.11769407409340588
