epoch,train_cls_loss,train_perturbed_cls_loss,train_first_gradient_norm,train_perturbation_norm,train_total_loss,train_accuracy,updates,forward_backward_passes,source_examples_processed,target_examples_processed,train_photo_accuracy,train_art_painting_accuracy,train_cartoon_accuracy,mean_source_val_accuracy,mean_source_val_macro_f1,worst_source_val_accuracy,worst_source_val_macro_f1,elapsed_seconds,val_photo_accuracy,val_photo_macro_f1,val_photo_loss,val_art_painting_accuracy,val_art_painting_macro_f1,val_art_painting_loss,val_cartoon_accuracy,val_cartoon_macro_f1,val_cartoon_loss
1,0.7938800531829524,1.1012623372495685,5.437174898946387,0.05000000122265938,1.1012623372495685,0.7384259259259259,234,468,5616,0,0.8173076923076923,0.7120726495726496,0.6858974358974359,0.8964145451880574,0.8922332793501123,0.8560975609756097,0.8493983229864269,45.74868939299995,0.9610778443113772,0.9545783438393176,0.17729397345554573,0.8560975609756097,0.8493983229864269,0.4732371562864722,0.8720682302771855,0.8727231712245922,0.4249945642597386
2,0.24387935400964358,0.4903301432665087,4.094489544884771,0.05000000158882039,0.4903301432665087,0.9341168091168092,234,468,5616,0,0.9631410256410257,0.9246794871794872,0.9145299145299145,0.9358272378224465,0.9369813503301577,0.9146341463414634,0.9153549831694302,47.569324392999874,0.9610778443113772,0.9560926806232343,0.11399672764442682,0.9146341463414634,0.9153549831694302,0.2871275326100791,0.9317697228144989,0.9394963871978089,0.21275429125787862
3,0.15474131090853077,0.36593939357588434,3.2969948323363933,0.050000001127139114,0.36593939357588434,0.9613603988603988,234,468,5616,0,0.9834401709401709,0.9471153846153846,0.9535256410256411,0.941581458228688,0.9425393078412653,0.9195121951219513,0.923209344043632,49.55114490300002,0.9670658682634731,0.9616827275958031,0.1208403674261031,0.9195121951219513,0.923209344043632,0.31388922202877884,0.9381663113006397,0.9427258518843608,0.18167058643755882
4,0.11605137676939878,0.30066897739202547,2.7733795548606124,0.05000000135001973,0.30066897739202547,0.9718660968660968,234,468,5616,0,0.9877136752136753,0.9551282051282052,0.9727564102564102,0.9469461306208634,0.9484884269934675,0.9219512195121952,0.924962835610846,51.991367169999876,0.9700598802395209,0.9652593828855655,0.08518271156709396,0.9219512195121952,0.924962835610846,0.28905498341816227,0.9488272921108742,0.9552430624839909,0.15691315594004163
5,0.07658328851545627,0.23207736236210436,2.1323210457578683,0.05000000123857942,0.23207736236210436,0.9845085470085471,234,468,5616,0,0.9946581196581197,0.9754273504273504,0.9834401709401709,0.9387867979263275,0.9404082489911435,0.9073170731707317,0.9125427513662808,50.543069844,0.9580838323353293,0.9519149425798006,0.1039381017719802,0.9073170731707317,0.9125427513662808,0.2573408638558737,0.9509594882729211,0.9567670530273492,0.18419642438258188
6,0.0610863329249665,0.20700079368220436,1.8893852860499651,0.05000000122265938,0.20700079368220436,0.9862891737891738,234,468,5616,0,0.9935897435897436,0.9780982905982906,0.9871794871794872,0.9563223752712995,0.95721220322617,0.9317073170731708,0.9334443271617593,51.80095879999999,0.9820359281437125,0.9795037630622107,0.06325183184134278,0.9317073170731708,0.9334443271617593,0.23501562141790622,0.9552238805970149,0.95868851945454,0.12908535655627626
7,0.04487232983577002,0.16970940933236453,1.5338908127294137,0.05000000122265938,0.16970940933236453,0.9921652421652422,234,468,5616,0,0.9962606837606838,0.9871794871794872,0.9930555555555556,0.9521114513393516,0.9519819936589702,0.9365853658536586,0.9376838647085876,49.84075293199999,0.9730538922155688,0.9675682677579011,0.07036279050164726,0.9365853658536586,0.9376838647085876,0.20109186986597574,0.9466950959488273,0.9506938485104222,0.1545046888180633
8,0.03367145472050955,0.15482536919064757,1.316680639058861,0.050000001254499465,0.15482536919064757,0.9950142450142451,234,468,5616,0,0.999465811965812,0.9887820512820513,0.9967948717948718,0.9361484218623962,0.9336856191186493,0.9121951219512195,0.9089797584724622,51.22861094199993,0.9580838323353293,0.948515838705472,0.13461846884735268,0.9121951219512195,0.9089797584724622,0.25142275065910524,0.9381663113006397,0.9435612601780139,0.17920885055558258
9,0.030661110119480226,0.15344533740152788,1.2584093775138514,0.050000001620660484,0.15344533740152788,0.9967948717948718,234,468,5616,0,0.999465811965812,0.9914529914529915,0.999465811965812,0.94939951082286,0.9488173281985288,0.9195121951219513,0.9207024404077837,49.61885700800008,0.9670658682634731,0.9611440128877637,0.07593958162937281,0.9195121951219513,0.9207024404077837,0.24336938625428733,0.9616204690831557,0.9646055313000391,0.11876098738550377
10,0.026002018791314963,0.13117544115799615,1.082789253284279,0.05000000106345894,0.13117544115799615,0.9957264957264957,234,468,5616,0,0.9989316239316239,0.9930555555555556,0.9951923076923077,0.9526319870529886,0.9524702044634438,0.9219512195121952,0.9231113408153485,51.59999486900006,0.9700598802395209,0.964329104504676,0.09393262236459601,0.9219512195121952,0.9231113408153485,0.2420288597665182,0.9658848614072495,0.9699701680703067,0.11368692277082756
11,0.019418029109007105,0.1255993774304023,0.9037179212985386,0.05000000111121907,0.1255993774304023,0.9978632478632479,234,468,5616,0,1.0,0.9957264957264957,0.9978632478632479,0.9267526209217635,0.926456827003921,0.8951219512195122,0.8958749299796039,50.0888083750001,0.9491017964071856,0.9414542161872426,0.14558750131075063,0.8951219512195122,0.8958749299796039,0.31892151948882314,0.9360341151385928,0.9420413348449161,0.17834419037487462
