epoch,lambda_mmd,train_total_loss,train_cls_loss,train_alignment_loss,train_accuracy,updates,source_examples_processed,target_examples_processed,train_photo_accuracy,train_art_painting_accuracy,train_cartoon_accuracy,mean_source_val_accuracy,mean_source_val_macro_f1,worst_source_val_macro_f1,elapsed_seconds,val_photo_accuracy,val_photo_macro_f1,val_photo_loss,val_art_painting_accuracy,val_art_painting_macro_f1,val_art_painting_loss,val_cartoon_accuracy,val_cartoon_macro_f1,val_cartoon_loss
1,0.1,0.4998612849949262,0.4662290218676257,0.3363226198742532,0.8365384615384616,234,5616,5616,0.9113247863247863,0.7889957264957265,0.8092948717948718,0.9107458181561885,0.911383924528231,0.8505860862848257,46.38730062100001,0.9580838323353293,0.9522456770590698,0.11763386621312824,0.848780487804878,0.8505860862848257,0.4067372857070551,0.9253731343283582,0.9313200102407972,0.22812314836709485
2,0.1,0.21323941105132938,0.18903288133362803,0.2420652951949682,0.9360754985754985,234,5616,5616,0.9652777777777778,0.9188034188034188,0.9241452991452992,0.9295960889080438,0.925301224105069,0.9005763301427645,44.950418352999975,0.9670658682634731,0.9606545364726783,0.07926721374007935,0.9048780487804878,0.9005763301427645,0.3115438531084758,0.9168443496801706,0.9146728056997641,0.22678418352659832
3,0.1,0.15898741100333694,0.136311742483089,0.22675667817776018,0.9524572649572649,234,5616,5616,0.9764957264957265,0.9337606837606838,0.9471153846153846,0.9339823135984,0.9343372285876116,0.9163585682476558,49.82744674700007,0.9640718562874252,0.9574323926788383,0.12432571753168,0.9146341463414634,0.9163585682476558,0.24207565144794743,0.9232409381663113,0.9292207248363404,0.21096527068091353
4,0.1,0.127449419349432,0.10582065770903037,0.21628761495280469,0.9649216524216524,234,5616,5616,0.9829059829059829,0.9471153846153846,0.9647435897435898,0.9415130942545716,0.9408134770906913,0.9146470409714537,48.985734664999995,0.9610778443113772,0.9551973255401531,0.08836331734891066,0.9146341463414634,0.9146470409714537,0.2765012206100836,0.9488272921108742,0.952596064760467,0.15085329423581106
5,0.1,0.08861407372527398,0.06790130274045941,0.20712770763625446,0.9773860398860399,234,5616,5616,0.9919871794871795,0.9636752136752137,0.9764957264957265,0.9166948956110349,0.9187558500840849,0.8752112798669083,50.06828407399996,0.9491017964071856,0.9478533925891776,0.1471206224767469,0.875609756097561,0.8752112798669083,0.33597396117884937,0.9253731343283582,0.9332028777961688,0.2498090855205364
6,0.1,0.08746634909692101,0.06682624026466834,0.20640108422336415,0.9766737891737892,234,5616,5616,0.9893162393162394,0.9663461538461539,0.9743589743589743,0.9254822405737175,0.9233834251637255,0.8919460999714698,49.77469169800008,0.9580838323353293,0.9515625948935647,0.12997784521319194,0.8951219512195122,0.8919460999714698,0.30872145862114136,0.9232409381663113,0.9266415806261422,0.21716564321822956
7,0.1,0.11177173582438985,0.090597788837607,0.21173946470276922,0.9713319088319088,234,5616,5616,0.9871794871794872,0.9604700854700855,0.9663461538461539,0.9273128089860115,0.9269401157040104,0.905997542557693,48.78455479599995,0.9580838323353293,0.9511394399839871,0.09489103521549416,0.9048780487804878,0.905997542557693,0.27328987005280286,0.9189765458422174,0.9236833645703506,0.23607051582224586
8,0.1,0.06523661248974948,0.04539759721321902,0.19839014864375448,0.9843304843304843,234,5616,5616,0.9882478632478633,0.9807692307692307,0.9839743589743589,0.9174251839552472,0.9149211547878631,0.8759278792720403,48.58036586100002,0.9461077844311377,0.9398759452139565,0.15496799083493515,0.8829268292682927,0.8759278792720403,0.33377745238746087,0.9232409381663113,0.9289596398775927,0.27055274102606497
9,0.1,0.06074280425922102,0.04117327117242723,0.1956953268784743,0.9866452991452992,234,5616,5616,0.9919871794871795,0.9823717948717948,0.9855769230769231,0.9430804416441442,0.9442887419166414,0.8990118867093885,48.73452821800004,0.9700598802395209,0.9672789668719358,0.10617579439443028,0.8975609756097561,0.8990118867093885,0.3194807884169788,0.9616204690831557,0.9665753721685999,0.14495035618352992
10,0.1,0.044545048903514683,0.025759798779516008,0.1878524988125532,0.9919871794871795,234,5616,5616,0.9941239316239316,0.9866452991452992,0.9951923076923077,0.9384069450157878,0.9380217246639547,0.8881213433348766,48.626601267999945,0.9700598802395209,0.9635490142290631,0.09418788971658239,0.8878048780487805,0.8881213433348766,0.35867496816123406,0.9573560767590619,0.9623948164279247,0.12227081642476226
11,0.1,0.07475797206354447,0.05503712310075151,0.19720848503275815,0.9816595441595442,234,5616,5616,0.9903846153846154,0.9716880341880342,0.9829059829059829,0.9385730904408874,0.9376527020875671,0.9271733684211652,47.85089311399997,0.9610778443113772,0.9548415664229838,0.1140387011970767,0.9292682926829269,0.9271733684211652,0.22764657241542166,0.9253731343283582,0.9309431714185522,0.214620023393936
12,0.1,0.05396549071734532,0.03474407091587046,0.1922141955449031,0.988960113960114,234,5616,5616,0.9946581196581197,0.9823717948717948,0.9898504273504274,0.9207599362614415,0.9225486170779879,0.8908091487369395,47.85633871699997,0.9491017964071856,0.9477718437233904,0.17773663869384163,0.8878048780487805,0.8908091487369395,0.34542858709649343,0.9253731343283582,0.9290648587736338,0.26228628353650635
13,0.1,0.05711524456771266,0.03811761859311119,0.18997625509897867,0.9873575498575499,234,5616,5616,0.9919871794871795,0.9829059829059829,0.9871794871794872,0.9416153703306372,0.942284619073582,0.9169419225674036,47.950161980000075,0.9610778443113772,0.9570202035358426,0.11909073836192444,0.9170731707317074,0.9169419225674036,0.2681788211915551,0.9466950959488273,0.9528917311174997,0.1793085723035117
14,0.1,0.046589260793521874,0.027838567707360012,0.1875069284031534,0.9923433048433048,234,5616,5616,0.9973290598290598,0.9850427350427351,0.9946581196581197,0.934278740869709,0.9327224654071262,0.8859399153823571,47.359645387,0.9640718562874252,0.95759662467737,0.10757297367794429,0.8878048780487805,0.8859399153823571,0.34901786897240616,0.9509594882729211,0.9546308561616517,0.15609547387816505
