epoch,learning_rate,train_loss,train_accuracy,val_loss,val_accuracy,best_val_accuracy,best_epoch,elapsed_seconds
1,0.1,2.028406652577718,0.25882222222222223,1.6026875030517578,0.4038,0.4038,1,36.64370331500004
2,0.09997532801828658,1.4912608780966865,0.44651111111111114,1.3751503650665282,0.4942,0.4942,2,37.383369440000024
3,0.09990133642141358,1.1978666638056437,0.5669111111111111,1.1705140636444091,0.5888,0.5888,3,37.916067484999985
4,0.099778098230154,0.9656505482143826,0.6580666666666667,1.0258829809188843,0.6518,0.6518,4,38.48179401299967
5,0.0996057350657239,0.7944132867177327,0.7198222222222223,0.9408194554805756,0.6854,0.6854,5,38.31032784499985
6,0.09938441702975688,0.6847496128506131,0.7623111111111112,0.9220996085643768,0.699,0.699,6,38.48470829200005
7,0.09911436253643444,0.6069690564897325,0.7907111111111111,0.7223696392059327,0.762,0.762,7,38.40938826899992
8,0.09879583809693737,0.5620318911764357,0.8068666666666666,0.6428995362758636,0.7926,0.7926,8,38.418366203999994
9,0.09842915805643156,0.5244701850202349,0.8203111111111111,0.7093050333023071,0.7436,0.7926,8,38.74300167299998
10,0.09801468428384716,0.5052756322013007,0.8270666666666666,0.9580918768405914,0.6976,0.7926,8,38.448735192000186
11,0.09755282581475769,0.47685178888109,0.8365111111111111,0.5034962132960558,0.8338,0.8338,11,38.476374003000274
12,0.09704403844771128,0.45243779459529454,0.8454666666666667,0.7910708213329315,0.7514,0.8338,11,38.21262731399975
13,0.09648882429441258,0.4454259821573893,0.8474666666666667,0.5906569706216455,0.8098,0.8338,11,37.85307594300002
14,0.09588773128419906,0.43122983724806047,0.8516,0.6764026391267777,0.781,0.8338,11,38.35470569900008
15,0.09524135262330098,0.4191509257634481,0.8576222222222222,0.5502371841669083,0.8144,0.8338,11,38.45197762199996
16,0.0945503262094184,0.40232729775905607,0.8616666666666667,0.7125065335988998,0.7672,0.8338,11,37.96137713600001
17,0.09381533400219319,0.39395062084727817,0.8659111111111111,0.8789000012874604,0.736,0.8338,11,37.797386506000294
18,0.0930371013501972,0.3908585409111447,0.8662,0.4894984023094177,0.8386,0.8386,18,37.89924632300017
19,0.09221639627510078,0.37843754234313964,0.8704,0.6568995861709118,0.8044,0.8386,18,38.3777330490002
20,0.09135402871372812,0.37187770051426355,0.8724666666666666,0.6678965216696262,0.7896,0.8386,18,38.4136513909998
21,0.09045084971874741,0.3634345813751221,0.8742222222222222,0.497397523021698,0.834,0.8386,18,37.711581842000214
22,0.08950775061878455,0.3596366534286075,0.8762,0.5595405231952667,0.8204,0.8386,18,37.82650952499989
23,0.0885256621387895,0.3498360793855455,0.8809333333333333,0.6812587027549744,0.7968,0.8386,18,37.78607760900013
24,0.08750555348152302,0.3510005193975237,0.8783333333333333,0.41984165073633195,0.8592,0.8592,24,38.35140050700011
25,0.08644843137107061,0.33981654991573756,0.8835111111111111,0.5104190651655197,0.8328,0.8592,24,38.53241847699974
26,0.0853553390593274,0.336471028582255,0.8843555555555556,0.5327151336550713,0.8268,0.8592,24,37.76477059700028
27,0.08422735529643446,0.3264454183684455,0.8884222222222222,0.6138781147241592,0.804,0.8592,24,37.87289371900033
28,0.08306559326618262,0.32055833721160887,0.8917777777777778,0.5989207901000977,0.8016,0.8592,24,38.22135906700032
29,0.08187119948743452,0.3136623888545566,0.8930666666666667,0.42289456220269206,0.867,0.867,29,38.43599127200014
30,0.08064535268264886,0.3122626035902235,0.8937555555555555,0.5076189974308014,0.8328,0.867,29,38.69510868999987
31,0.0793892626146237,0.30721156250105963,0.8954666666666666,0.5126693710461259,0.8316,0.867,29,37.70803197699979
32,0.07810416889260657,0.29554877037472194,0.8981333333333333,0.4915930665105581,0.8444,0.867,29,37.84407418699993
33,0.07679133974894986,0.3010699184099833,0.8966222222222222,0.5238997670292854,0.8312,0.867,29,37.84590634999995
34,0.0754520707875186,0.2903330186420017,0.9018222222222222,0.5025359406113624,0.8382,0.867,29,38.50015927000004
35,0.0740876837050858,0.2831074436028798,0.9028444444444444,0.35337046496868135,0.8838,0.8838,35,38.670317373000216
36,0.07269952498697738,0.28075837122599284,0.9047555555555555,0.4626725230932236,0.8474,0.8838,35,37.78180848300008
37,0.07128896457825366,0.2734659431669447,0.9063111111111111,0.42537446373701093,0.8614,0.8838,35,37.81759908599997
38,0.06985739453173906,0.27178767614099714,0.9063333333333333,0.4072794076956809,0.8712,0.8838,35,37.95017625599985
39,0.06840622763423394,0.26656272235976325,0.9090888888888888,0.4321579109728336,0.8676,0.8838,35,38.05804342300007
40,0.06693689601226462,0.25678029210302566,0.9121777777777778,0.5106502894580365,0.8496,0.8838,35,38.21572563200016
41,0.06545084971874741,0.2517244952837626,0.9131555555555556,0.392967714189738,0.8734,0.8838,35,37.65956720200029
42,0.06394955530196152,0.24880184155040316,0.9156222222222222,0.6103253637224436,0.8186,0.8838,35,37.88620464099995
43,0.062434494358242776,0.24582382577260337,0.9143555555555556,0.4896581155359745,0.8484,0.8838,35,38.30606297800023
44,0.06090716206982718,0.2359115744643741,0.9197333333333333,0.47298651375472545,0.8618,0.8838,35,37.58801013300035
45,0.05936906572928628,0.23215423296292623,0.9202444444444444,0.41944620168209074,0.8684,0.8838,35,37.744536795000386
46,0.05782172325201159,0.22464128312004938,0.9236222222222222,0.4539650046288967,0.8562,0.8838,35,38.40985415799969
47,0.056266661678215264,0.2203265959713194,0.9244,0.37606838500499723,0.8776,0.8838,35,37.66373055399981
48,0.05470541566592575,0.22005644398795235,0.9246,0.36917950319498777,0.8812,0.8838,35,37.72758816999976
49,0.053139525976465714,0.20963516033490498,0.9290666666666667,0.44871866626739504,0.8632,0.8838,35,38.230789244000334
50,0.05157053795390645,0.2151135227282842,0.9263555555555556,0.35192008821368215,0.8844,0.8844,50,37.91488001700054
51,0.05000000000000004,0.19951780071788364,0.9313777777777777,0.3184718654371798,0.894,0.894,51,38.3123943569999
52,0.04842946204609362,0.18680145485666064,0.9358666666666666,0.4190997715264559,0.87,0.894,51,38.25809826299974
53,0.04686047402353437,0.1902407852490743,0.9342666666666667,0.31182439290583136,0.902,0.902,53,38.147162350000144
54,0.045294584334074316,0.18450056139893,0.9367111111111112,0.35323050692081454,0.8892,0.902,53,37.94449017500028
55,0.043733338321784825,0.17528472845819262,0.9400888888888889,0.33955890555381774,0.8924,0.902,53,38.29255118799938
56,0.042178276747988484,0.16910569038920933,0.9421333333333334,0.3536408972363919,0.8892,0.902,53,37.69960286599962
57,0.0406309342707138,0.16612936416334576,0.9428222222222222,0.34992392565459013,0.886,0.902,53,37.87122619599995
58,0.039092837930172916,0.16154112712277308,0.9445333333333333,0.3916391258060932,0.876,0.902,53,38.22604498799956
59,0.037565505641757285,0.14765595813857185,0.9493555555555555,0.3235378984943032,0.9004,0.902,53,37.873656542999925
60,0.03605044469803857,0.142567015586959,0.9514444444444444,0.4146756060242653,0.8776,0.902,53,37.805981643999985
61,0.034549150281252675,0.13421832959651947,0.9549555555555556,0.3345574953556061,0.8896,0.902,53,38.29318116400009
62,0.03306310398773546,0.1322578789499071,0.9538666666666666,0.3582908611536026,0.8876,0.902,53,37.62902787299936
63,0.031593772365766146,0.12772897378934756,0.9569111111111112,0.3348209438530728,0.9034,0.9034,63,37.87336771199989
64,0.030142605468260992,0.11834822211530474,0.9594444444444444,0.34093118309676645,0.8916,0.9034,63,38.514838504999716
65,0.028711035421746394,0.11043299227290683,0.9619777777777778,0.35499818838760255,0.8944,0.9034,63,38.11621875799938
66,0.027300475013022688,0.10465786751906077,0.9640444444444445,0.3242360937763005,0.9066,0.9066,66,37.88352660599958
67,0.025912316294914254,0.0958555444876353,0.9676222222222223,0.2886699784010649,0.916,0.916,67,38.635022397000284
68,0.02454792921248146,0.09242267555130852,0.9684222222222222,0.37101474763154985,0.893,0.916,67,38.08332085300026
69,0.02320866025105018,0.08393963326348199,0.9716666666666667,0.3504264776490629,0.9034,0.916,67,37.789519789000224
70,0.021895831107393487,0.07958354538546668,0.9734222222222222,0.26677194712124763,0.9214,0.9214,70,38.549243795999246
71,0.02061073738537637,0.06813407831986745,0.9774,0.2618884920868557,0.9224,0.9224,71,38.12720687700039
72,0.01935464731735119,0.06564363515906864,0.9785555555555555,0.2892076261878014,0.919,0.9224,71,38.16454481299934
73,0.018128800512565532,0.06523155589898427,0.9780444444444445,0.2676549315311015,0.9298,0.9298,73,38.46610869000051
74,0.016934406733817433,0.0542194521466891,0.9816888888888889,0.318561983640492,0.9128,0.9298,73,37.80416315799994
75,0.01577264470356558,0.043500588007767994,0.986,0.26538311512060464,0.9238,0.9298,73,37.75028034600018
76,0.014644660940672643,0.042170289136303794,0.9856666666666667,0.24319940702007153,0.9342,0.9342,76,38.40585237400046
77,0.013551568628929448,0.038065228282080754,0.9873777777777778,0.25143222074238586,0.9328,0.9342,76,37.70491593299994
78,0.012494446518477033,0.03019893339474996,0.9904222222222222,0.24546837396472693,0.9344,0.9344,78,37.927952328000174
79,0.011474337861210555,0.02237149947418107,0.9931333333333333,0.24053306357241236,0.9372,0.9372,79,38.80884373200024
80,0.01049224938121549,0.01969649376736747,0.9940666666666667,0.24924268109393305,0.9324,0.9372,79,37.79929546800031
81,0.009549150281252642,0.017757025887237654,0.9948666666666667,0.22358704501241444,0.9422,0.9422,81,38.27234276500076
82,0.008645971286271922,0.014977198765178522,0.9959111111111111,0.23361636496260763,0.9394,0.9422,81,38.37651532699965
83,0.007783603724899264,0.01170342517197132,0.9966,0.2230763477592729,0.945,0.945,83,38.00111241200011
84,0.006962898649802819,0.009857100420031283,0.9976444444444444,0.22838739722557366,0.9408,0.945,83,38.239084361000096
85,0.0061846659978068265,0.00688548750244081,0.9984444444444445,0.22414866344444453,0.9448,0.945,83,38.35539782199976
86,0.005449673790581615,0.005127572255002127,0.9990222222222223,0.21256925514191388,0.9444,0.945,83,37.95030478599983
87,0.004758647376699036,0.004899454196625286,0.9989777777777777,0.20435211124904454,0.948,0.948,87,37.99054524799976
88,0.004112268715800957,0.0037931097687118583,0.9994444444444445,0.20608430133983494,0.9464,0.948,87,38.44345202100067
89,0.003511175705587435,0.0033288391151361997,0.9994444444444445,0.20116433347640558,0.9482,0.9482,89,37.73971067599996
90,0.0029559615522887295,0.00303682157697363,0.9996666666666667,0.2022298320170492,0.9474,0.9482,89,38.02541944400036
91,0.0024471741852423253,0.003100150140374899,0.9995777777777778,0.20434824793711304,0.9478,0.9482,89,38.316083574000004
92,0.0019853157161528537,0.002862252491215865,0.9996888888888888,0.20204376090038567,0.9492,0.9492,92,37.98165677799989
93,0.0015708419435684529,0.0025409784774399467,0.9996666666666667,0.19866832386823371,0.9482,0.9492,92,37.958667347999835
94,0.0012041619030626347,0.002429733334895637,0.9998,0.1992500910775736,0.9476,0.9492,92,38.22505751099925
95,0.0008856374635655646,0.002333570128099786,0.9998,0.19675991016477345,0.95,0.95,95,37.76942561499982
96,0.0006155829702431174,0.0021925244607031344,0.9998444444444444,0.19856398462788202,0.9496,0.95,95,37.871508364000874
97,0.00039426493427611206,0.0024956444896757604,0.9997333333333334,0.1958366815781221,0.9494,0.95,95,38.27873293799985
98,0.00022190176984600036,0.002284885792185863,0.9998666666666667,0.19702705581402405,0.9492,0.95,95,37.674155551000695
99,9.866357858642213e-05,0.0022302377103931375,0.9998444444444444,0.1972978424243629,0.9494,0.95,95,37.88624312199954
100,2.4671981713420017e-05,0.0022679368168115614,0.9998666666666667,0.19409971560360864,0.95,0.95,95,38.33080686100038
