model,condition,displacement,direction,dx,dy,n_images,clean_accuracy,accuracy,accuracy_change_pp,prediction_consistency,macro_f1,mean_max_confidence,n_changed,seed
resnet50,shift8_right,8,right,8,0,500,0.976,0.972,-0.40000000000000036,0.996,0.9720558046200779,0.9338017106056213,2,6304
resnet50,shift8_left,8,left,-8,0,500,0.976,0.976,0.0,0.996,0.9760386038603862,0.9349963665008545,2,6304
resnet50,shift8_down,8,down,0,8,500,0.976,0.974,-0.20000000000000018,0.992,0.9740494019990233,0.9316320419311523,4,6304
resnet50,shift8_up,8,up,0,-8,500,0.976,0.974,-0.20000000000000018,0.996,0.9740692039792215,0.9346532821655273,2,6304
resnet50,shift16_right,16,right,16,0,500,0.976,0.972,-0.40000000000000036,0.994,0.9720946320322309,0.9270049929618835,3,6304
resnet50,shift16_left,16,left,-16,0,500,0.976,0.972,-0.40000000000000036,0.986,0.9720289165386662,0.933324933052063,7,6304
resnet50,shift16_down,16,down,0,16,500,0.976,0.972,-0.40000000000000036,0.994,0.9720501785472667,0.9261937141418457,3,6304
resnet50,shift16_up,16,up,0,-16,500,0.976,0.968,-0.8000000000000007,0.992,0.9680159273659324,0.936290442943573,4,6304
resnet50,shift32_right,32,right,32,0,500,0.976,0.962,-1.4000000000000012,0.986,0.9621562857768762,0.9244887232780457,7,6304
resnet50,shift32_left,32,left,-32,0,500,0.976,0.968,-0.8000000000000007,0.984,0.9680703343426103,0.9260750412940979,8,6304
resnet50,shift32_down,32,down,0,32,500,0.976,0.964,-1.200000000000001,0.986,0.9642822099136683,0.9214800596237183,7,6304
resnet50,shift32_up,32,up,0,-32,500,0.976,0.97,-0.6000000000000005,0.992,0.9702397021766945,0.9288505911827087,4,6304
vit_b16,shift8_right,8,right,8,0,500,0.974,0.976,0.20000000000000018,0.986,0.9760718494629966,0.9674130082130432,7,6304
vit_b16,shift8_left,8,left,-8,0,500,0.974,0.976,0.20000000000000018,0.982,0.9759955253257285,0.9678423404693604,9,6304
vit_b16,shift8_down,8,down,0,8,500,0.974,0.978,0.40000000000000036,0.986,0.9779937950556139,0.9691827893257141,7,6304
vit_b16,shift8_up,8,up,0,-8,500,0.974,0.976,0.20000000000000018,0.984,0.9759746428774043,0.9677992463111877,8,6304
vit_b16,shift16_right,16,right,16,0,500,0.974,0.968,-0.6000000000000005,0.988,0.9679131178423963,0.9682729840278625,6,6304
vit_b16,shift16_left,16,left,-16,0,500,0.974,0.972,-0.20000000000000018,0.986,0.9718702741203936,0.9658726453781128,7,6304
vit_b16,shift16_down,16,down,0,16,500,0.974,0.98,0.6000000000000005,0.99,0.9799580075654625,0.9653013944625854,5,6304
vit_b16,shift16_up,16,up,0,-16,500,0.974,0.968,-0.6000000000000005,0.988,0.9679747602611402,0.967775285243988,6,6304
vit_b16,shift32_right,32,right,32,0,500,0.974,0.96,-1.4000000000000012,0.976,0.9600114232311586,0.9642285108566284,12,6304
vit_b16,shift32_left,32,left,-32,0,500,0.974,0.966,-0.8000000000000007,0.968,0.9660137999394177,0.9605299234390259,16,6304
vit_b16,shift32_down,32,down,0,32,500,0.974,0.966,-0.8000000000000007,0.976,0.9660271246193689,0.9628992676734924,12,6304
vit_b16,shift32_up,32,up,0,-32,500,0.974,0.964,-1.0000000000000009,0.98,0.9641541409242965,0.9607309699058533,10,6304
clip_b32,shift8_right,8,right,8,0,500,0.98,0.978,-0.20000000000000018,0.99,0.9779264502183764,0.23974286019802094,5,6304
clip_zero_shot,shift8_right,8,right,8,0,500,0.968,0.966,-0.20000000000000018,0.982,0.9654526670928523,0.9430285096168518,9,6304
clip_b32,shift8_left,8,left,-8,0,500,0.98,0.982,0.20000000000000018,0.984,0.9820843056323305,0.23946388065814972,8,6304
clip_zero_shot,shift8_left,8,left,-8,0,500,0.968,0.968,0.0,0.984,0.9674494383541685,0.9440568089485168,8,6304
clip_b32,shift8_down,8,down,0,8,500,0.98,0.984,0.40000000000000036,0.992,0.9839989998999901,0.24111613631248474,4,6304
clip_zero_shot,shift8_down,8,down,0,8,500,0.968,0.972,0.40000000000000036,0.98,0.9716037630620455,0.9409694671630859,10,6304
clip_b32,shift8_up,8,up,0,-8,500,0.98,0.98,0.0,0.98,0.9799097244389262,0.23958243429660797,10,6304
clip_zero_shot,shift8_up,8,up,0,-8,500,0.968,0.97,0.20000000000000018,0.978,0.9696816891465634,0.9387431144714355,11,6304
clip_b32,shift16_right,16,right,16,0,500,0.98,0.98,0.0,0.98,0.9799770212315349,0.23436227440834045,10,6304
clip_zero_shot,shift16_right,16,right,16,0,500,0.968,0.976,0.8000000000000007,0.98,0.9757845019796096,0.9354985356330872,10,6304
clip_b32,shift16_left,16,left,-16,0,500,0.98,0.972,-0.8000000000000007,0.986,0.9718448538200282,0.23426687717437744,7,6304
clip_zero_shot,shift16_left,16,left,-16,0,500,0.968,0.97,0.20000000000000018,0.984,0.9695165360514363,0.937457263469696,8,6304
clip_b32,shift16_down,16,down,0,16,500,0.98,0.98,0.0,0.982,0.9799565589211984,0.23761163651943207,9,6304
clip_zero_shot,shift16_down,16,down,0,16,500,0.968,0.974,0.6000000000000005,0.978,0.9737761886208702,0.9409899115562439,11,6304
clip_b32,shift16_up,16,up,0,-16,500,0.98,0.976,-0.40000000000000036,0.982,0.975888502723383,0.23672814667224884,9,6304
clip_zero_shot,shift16_up,16,up,0,-16,500,0.968,0.97,0.20000000000000018,0.976,0.9698097188261852,0.9399410486221313,12,6304
clip_b32,shift32_right,32,right,32,0,500,0.98,0.978,-0.20000000000000018,0.984,0.9779497562601399,0.22993740439414978,8,6304
clip_zero_shot,shift32_right,32,right,32,0,500,0.968,0.962,-0.6000000000000005,0.972,0.9614901631724662,0.9284311532974243,14,6304
clip_b32,shift32_left,32,left,-32,0,500,0.98,0.97,-1.0000000000000009,0.974,0.9699330957352551,0.2309407889842987,13,6304
clip_zero_shot,shift32_left,32,left,-32,0,500,0.968,0.954,-1.4000000000000012,0.966,0.9532041445852621,0.9263806343078613,17,6304
clip_b32,shift32_down,32,down,0,32,500,0.98,0.976,-0.40000000000000036,0.986,0.9760408596966943,0.23209069669246674,7,6304
clip_zero_shot,shift32_down,32,down,0,32,500,0.968,0.95,-1.8000000000000016,0.976,0.9498155480664281,0.9310581088066101,12,6304
clip_b32,shift32_up,32,up,0,-32,500,0.98,0.97,-1.0000000000000009,0.974,0.9697772396419353,0.23111189901828766,13,6304
clip_zero_shot,shift32_up,32,up,0,-32,500,0.968,0.958,-1.0000000000000009,0.978,0.9574288054624371,0.9241591691970825,11,6304
