model,displacement,n_directions,accuracy,accuracy_std,prediction_consistency,consistency_std,accuracy_change_pp,macro_f1_mean,mean_max_confidence_mean,seed
clip_b32,0,1,0.98,0.0,1.0,0.0,0.0,0.979995257183733,0.24147744476795197,6304
clip_b32,8,4,0.981,0.0022360679774997916,0.9865,0.0047696960070847325,0.10000000000000009,0.9809798700474058,0.23997632786631584,6304
clip_b32,16,4,0.977,0.003316624790355403,0.9824999999999999,0.002179449471770339,-0.30000000000000027,0.9769167341740361,0.2357422336935997,6304
clip_b32,32,4,0.9735,0.003570714214271428,0.9795,0.005545268253204713,-0.649999999999995,0.9734252378335062,0.23102019727230072,6304
clip_zero_shot,0,1,0.968,0.0,1.0,0.0,0.0,0.967524079946368,0.9426957964897156,6304
clip_zero_shot,8,4,0.9689999999999999,0.0022360679774997916,0.9809999999999999,0.002236067977499792,0.09999999999998899,0.9685468894139074,0.9416994750499725,6304
clip_zero_shot,16,4,0.9724999999999999,0.002598076211353318,0.9795,0.002958039891549811,0.44999999999999485,0.9722217363695254,0.9384716898202896,6304
clip_zero_shot,32,4,0.956,0.004472135954999583,0.9729999999999999,0.004582575694955844,-1.200000000000001,0.9554846653216484,0.9275072664022446,6304
resnet50,0,1,0.976,0.0,1.0,0.0,0.0,0.9760555313263286,0.934882640838623,6304
resnet50,8,4,0.974,0.0014142135623730963,0.995,0.001732050807568879,-0.20000000000000018,0.9740532536146772,0.9337708503007889,6304
resnet50,16,4,0.971,0.0017320508075688787,0.9915,0.0032787192621510034,-0.5000000000000004,0.971047413621024,0.9307035207748413,6304
resnet50,32,4,0.966,0.0031622776601683824,0.987,0.0030000000000000027,-1.0000000000000009,0.9661871330524623,0.9252236038446426,6304
vit_b16,0,1,0.974,0.0,1.0,0.0,0.0,0.9738959646264747,0.9684360027313232,6304
vit_b16,8,4,0.9764999999999999,0.0008660254037844395,0.9844999999999999,0.0016583123951777014,0.24999999999999467,0.9765089531804358,0.9680593460798264,6304
vit_b16,16,4,0.972,0.004898979485566361,0.988,0.0014142135623730963,-0.20000000000000018,0.9719290399473481,0.9668055772781372,6304
vit_b16,32,4,0.964,0.0024494897427831805,0.975,0.004358898943540678,-1.0000000000000009,0.9640516221785604,0.96209716796875,6304
